id,source,source_tokens,chunks_2048
GAO_GAO-06-1085,GAO,11483,6
GAO_GAO-06-1113T,GAO,10413,6
GAO_GAO-07-86,GAO,6532,4
GAO_GAO-16-589T,GAO,5218,3
GAO_GAO-02-168T,GAO,3601,2
GAO_GAO-07-1042T,GAO,6102,3
GAO_GAO-16-205T,GAO,4634,3
GAO_GAO-15-538,GAO,11521,6
GAO_GAO-02-852T,GAO,5023,3
GAO_GAO-15-733,GAO,11436,6
GAO_GAO-08-561,GAO,11482,6
GAO_GAO-15-402,GAO,4547,3
GAO_GAO-03-740T,GAO,3799,2
GAO_GAO-01-327,GAO,16838,9
GAO_GAO-01-119,GAO,5760,3
GAO_T-RCED-98-128,GAO,4792,3
GAO_GAO-06-866T,GAO,9627,5
GAO_GAO-11-35,GAO,20163,10
GAO_AIMD-96-130,GAO,9523,5
GAO_GAO-13-237,GAO,9879,5
GAO_GAO-13-41,GAO,6438,4
GAO_GAO-12-300,GAO,14722,8
GAO_GAO-02-697,GAO,11247,6
GAO_RCED-96-84,GAO,7647,4
GAO_GAO-15-610,GAO,11621,6
GAO_GAO-14-560T,GAO,6086,3
GAO_GAO-11-439,GAO,18894,10
GAO_GAO-10-861,GAO,22169,11
GAO_GGD-99-82,GAO,14463,8
GAO_GAO-08-603,GAO,7500,4
GAO_GAO-11-655T,GAO,3856,2
GAO_GAO-07-1072,GAO,9013,5
GAO_GAO-14-630,GAO,7419,4
GAO_GAO-12-178,GAO,4766,3
GAO_GAO-09-270,GAO,19870,10
GAO_GAO-08-514T,GAO,7799,4
GAO_T-RCED-97-139,GAO,5012,3
GAO_GAO-17-7,GAO,10656,6
GAO_GAO-02-1024,GAO,7643,4
GAO_GAO-10-18,GAO,7540,4
GAO_GAO-11-833T,GAO,3368,2
GAO_T-RCED-98-177,GAO,4074,2
GAO_GAO-02-314,GAO,8002,4
GAO_GAO-09-684T,GAO,3797,2
GAO_GAO-01-273,GAO,4543,3
GAO_GAO-09-941,GAO,13475,7
GAO_GAO-12-360,GAO,14182,7
GAO_GAO-04-517,GAO,14848,8
GAO_GAO-05-784T,GAO,5374,3
GAO_GAO-04-891,GAO,5833,3
GAO_GAO-06-709,GAO,6431,4
GAO_GAO-17-142,GAO,10785,6
GAO_GAO-07-300,GAO,4263,3
GAO_GAO-09-795T,GAO,3196,2
GAO_GAO-13-859T,GAO,2737,2
GAO_GAO-16-297,GAO,8904,5
GAO_GAO-01-555T,GAO,3388,2
GAO_GAO-09-71,GAO,25012,13
GAO_GAO-02-924T,GAO,5011,3
GAO_GAO-09-648T,GAO,5371,3
GAO_GAO-12-783,GAO,16934,9
GAO_NSIAD-96-1,GAO,7265,4
GAO_GAO-05-25,GAO,12942,7
GAO_GAO-15-3,GAO,10224,5
GAO_GAO-02-392T,GAO,3256,2
GAO_GAO-13-226,GAO,10284,6
GAO_GAO-10-668,GAO,5733,3
GAO_GAO-01-727,GAO,5159,3
GAO_T-RCED-98-271,GAO,5947,3
GAO_GAO-02-1054T,GAO,8445,5
GAO_GAO-07-400T,GAO,4443,3
GAO_GAO-08-837,GAO,23141,12
GAO_NSIAD-99-8,GAO,7098,4
GAO_GAO-08-750,GAO,11927,6
GAO_GAO-08-20,GAO,14560,8
GAO_T-RCED-99-89,GAO,3788,2
GAO_GAO-10-770,GAO,6161,4
GAO_GAO-08-271T,GAO,2948,2
GAO_GAO-08-153,GAO,8968,5
GAO_GAO-02-590,GAO,5634,3
GAO_GAO-07-924T,GAO,3788,2
GAO_GAO-12-738,GAO,8916,5
GAO_GAO-04-822,GAO,16024,8
GAO_GAO-12-86,GAO,14602,8
GAO_GAO-10-13,GAO,11317,6
GAO_T-RCED-96-185,GAO,4454,3
GAO_GAO-14-18,GAO,29254,15
GAO_GAO-06-624,GAO,13434,7
GAO_GAO-05-536,GAO,32169,16
GAO_T-RCED-97-81,GAO,3284,2
GAO_GAO-16-155,GAO,11875,6
GAO_GGD-98-62,GAO,4460,3
GAO_T-GGD-96-104,GAO,4691,3
GAO_GAO-09-700,GAO,12409,7
GAO_GAO-01-146,GAO,9913,5
GAO_GAO-14-574,GAO,14661,8
GAO_GAO-06-401,GAO,11217,6
GAO_GAO-11-642T,GAO,4840,3
GAO_NSIAD-98-69,GAO,5807,3
GAO_NSIAD-98-82,GAO,11764,6
GAO_GAO-12-694,GAO,8279,5
GAO_NSIAD-98-154,GAO,9597,5
GAO_GAO-10-1041T,GAO,4095,2
GAO_GAO-03-732T,GAO,6869,4
GAO_GAO-15-9,GAO,11471,6
GAO_GAO-03-959,GAO,7552,4
GAO_GAO-05-644,GAO,5642,3
GAO_GAO-16-465T,GAO,5697,3
GAO_GAO-06-969,GAO,9651,5
GAO_GAO-13-469T,GAO,4907,3
GAO_AIMD-98-34,GAO,7194,4
GAO_GAO-03-1099,GAO,8473,5
GAO_GAO-02-5,GAO,3758,2
GAO_GAO-09-683,GAO,7051,4
GAO_GGD-98-107,GAO,10574,6
GAO_GAO-17-518T,GAO,3778,2
GAO_HEHS-98-2,GAO,9664,5
GAO_GAO-02-1003,GAO,19033,10
GAO_AIMD-95-79,GAO,8587,5
GAO_GAO-14-378,GAO,2668,2
GAO_GAO-03-1150T,GAO,14841,8
GAO_GAO-07-272,GAO,17536,9
GAO_HEHS-98-119,GAO,17643,9
GAO_GAO-09-985,GAO,12605,7
GAO_GAO-07-1039T,GAO,6505,4
GAO_GAO-02-658,GAO,12843,7
GAO_GAO-06-740T,GAO,2287,2
GAO_T-RCED-96-86,GAO,4313,3
GAO_GAO-16-346,GAO,4016,2
GAO_GAO-12-312,GAO,12570,7
GAO_GAO-11-113,GAO,11474,6
GAO_GGD-99-291,GAO,10214,5
GAO_GAO-05-283,GAO,14192,7
GAO_HEHS-99-25,GAO,18212,9
GAO_GAO-08-515T,GAO,3655,2
GAO_GAO-16-73,GAO,9202,5
GAO_GGD-99-94,GAO,8304,5
GAO_GAO-04-510T,GAO,4290,3
GAO_GAO-13-746,GAO,12497,7
GAO_GAO-02-818,GAO,13397,7
GAO_GAO-05-464,GAO,5656,3
GAO_GAO-06-275,GAO,3243,2
GAO_GAO-08-1123,GAO,14653,8
GAO_GAO-15-134T,GAO,2533,2
GAO_GAO-14-472,GAO,9383,5
GAO_GAO-06-825,GAO,14730,8
GAO_GAO-10-450T,GAO,5490,3
GAO_GAO-16-723T,GAO,11441,6
GAO_GAO-02-1017,GAO,7185,4
GAO_GAO-03-239,GAO,9512,5
GAO_GAO-15-792T,GAO,3276,2
GAO_GAO-06-692,GAO,10752,6
GAO_HEHS-99-32,GAO,20899,11
GAO_GAO-06-644,GAO,15116,8
GAO_NSIAD-95-154,GAO,3889,2
GAO_GAO-15-73,GAO,20669,11
GAO_GAO-07-550T,GAO,3210,2
GAO_T-RCED-99-81,GAO,3105,2
GAO_T-RCED-96-166,GAO,4059,2
GAO_GAO-12-353,GAO,11215,6
GAO_NSIAD-99-36,GAO,23791,12
GAO_GAO-04-968T,GAO,4000,2
GAO_GAO-14-504T,GAO,2654,2
GAO_GAO-13-212,GAO,12062,6
GAO_GAO-08-510,GAO,8532,5
GAO_GAO-08-650T,GAO,3080,2
GAO_GAO-17-474,GAO,15768,8
GAO_GAO-06-976T,GAO,2537,2
GAO_GAO-11-604,GAO,9716,5
GAO_GAO-14-629T,GAO,2661,2
GAO_GAO-09-779T,GAO,5830,3
GAO_GAO-17-39,GAO,20573,11
GAO_GAO-09-801T,GAO,6104,3
GAO_GAO-03-592T,GAO,3506,2
GAO_HEHS-95-58,GAO,5667,3
GAO_GAO-12-147,GAO,12805,7
GAO_GAO-15-325,GAO,14652,8
GAO_GAO-06-66,GAO,11941,6
GAO_GAO-10-248,GAO,9991,5
GAO_GAO-12-736,GAO,13513,7
GAO_GAO-02-124,GAO,11917,6
GAO_GAO-12-349,GAO,11371,6
GAO_HEHS-98-197,GAO,10160,5
GAO_GAO-12-546,GAO,8693,5
GAO_RCED-96-202,GAO,5186,3
GAO_GAO-12-831,GAO,7800,4
GAO_GAO-15-656,GAO,12175,6
GAO_GAO-06-943,GAO,9700,5
GAO_GAO-14-330,GAO,11773,6
GAO_GAO-07-53,GAO,10122,5
GAO_GAO-15-208,GAO,6166,4
GAO_GAO-10-262T,GAO,2956,2
GAO_GAO-11-150,GAO,11591,6
GAO_GAO-16-103,GAO,11096,6
GAO_NSIAD-99-39,GAO,16175,8
GAO_GAO-12-157,GAO,11993,6
GAO_GAO-05-267,GAO,16016,8
GAO_GAO-04-345,GAO,23535,12
GAO_RCED-97-13,GAO,13393,7
GAO_GAO-16-22,GAO,9416,5
GAO_GAO-01-786T,GAO,3161,2
GAO_GAO-16-551,GAO,10542,6
GAO_GAO-17-50,GAO,4723,3
GAO_GAO-16-85,GAO,8223,5
GAO_NSIAD-96-17,GAO,6563,4
GAO_GAO-04-344,GAO,13340,7
GAO_GAO-10-835,GAO,7770,4
GAO_GAO-11-50,GAO,12380,7
GAO_GAO-06-718,GAO,15776,8
GAO_GAO-07-989T,GAO,6702,4
GAO_GAO-10-873,GAO,6853,4
GAO_GGD-99-38,GAO,17626,9
GAO_GAO-13-231,GAO,8818,5
GAO_GAO-02-328,GAO,27758,14
GAO_GAO-10-908,GAO,13931,7
GAO_GAO-08-891,GAO,12614,7
GAO_GAO-10-703T,GAO,3927,2
GAO_GAO-14-546,GAO,16473,9
GAO_GAO-10-772,GAO,12526,7
GAO_HEHS-98-72,GAO,10993,6
GAO_GAO-01-625,GAO,17163,9
GAO_GAO-05-712,GAO,10343,6
GAO_HEHS-95-61,GAO,13518,7
GAO_GAO-06-896T,GAO,4948,3
GAO_GAO-05-258T,GAO,6412,4
GAO_GAO-03-696,GAO,9461,5
GAO_GAO-13-583,GAO,20605,11
GAO_GAO-05-788T,GAO,7009,4
GAO_GAO-05-92,GAO,14776,8
GAO_GAO-06-538,GAO,7781,4
GAO_GAO-13-414T,GAO,6445,4
GAO_GAO-01-67,GAO,7519,4
GAO_GAO-06-914,GAO,14790,8
GAO_GAO-14-65,GAO,20903,11
GAO_AIMD-98-40,GAO,8414,5
GAO_GAO-12-806,GAO,10846,6
GAO_GAO-13-727,GAO,17645,9
GAO_GAO-06-266T,GAO,7950,4
GAO_GAO-06-196,GAO,7554,4
GAO_GAO-15-539T,GAO,5243,3
GAO_GAO-08-211,GAO,8385,5
GAO_GAO-08-162,GAO,5597,3
GAO_GAO-09-831T,GAO,16533,9
GAO_GAO-12-728,GAO,7530,4
GAO_GAO-13-601,GAO,8449,5
GAO_GAO-10-822T,GAO,5849,3
GAO_GAO-12-69,GAO,16799,9
GAO_GAO-11-475,GAO,12597,7
GAO_GAO-07-44,GAO,17825,9
GAO_GAO-15-397,GAO,11489,6
GAO_HEHS-98-6,GAO,10297,6
GAO_GAO-05-572T,GAO,3876,2
GAO_GAO-04-765,GAO,7435,4
GAO_GAO-02-105,GAO,18657,10
GAO_GAO-03-601,GAO,14356,8
GAO_RCED-99-48,GAO,9259,5
GAO_GAO-10-676,GAO,12004,6
GAO_T-GGD-98-7,GAO,2673,2
GAO_GAO-16-768,GAO,9657,5
GAO_GAO-03-935,GAO,4739,3
GAO_GAO-13-538SP,GAO,3339,2
GAO_AIMD-98-77,GAO,7681,4
GAO_GAO-10-1063T,GAO,8433,5
GAO_GAO-11-382T,GAO,5264,3
GAO_GAO-08-852,GAO,10186,5
GAO_GAO-03-658,GAO,6720,4
GAO_T-HEHS-97-216,GAO,5608,3
GAO_GAO-17-758T,GAO,2611,2
GAO_GAO-02-859T,GAO,3014,2
GAO_GAO-04-697,GAO,6898,4
GAO_GAO-17-348,GAO,11437,6
GAO_GAO-03-512,GAO,16987,9
GAO_GAO-11-920,GAO,19192,10
GAO_GAO-04-302,GAO,5243,3
GAO_GAO-06-647,GAO,12836,7
GAO_GAO-08-640,GAO,12707,7
GAO_T-HEHS-98-41,GAO,5653,3
GAO_GAO-11-671T,GAO,3939,2
GAO_GAO-04-147,GAO,6511,4
GAO_GAO-12-873,GAO,8011,4
GAO_GGD-99-120,GAO,6886,4
GAO_GAO-05-840T,GAO,3172,2
GAO_GAO-02-160T,GAO,10845,6
GAO_GAO-08-845,GAO,13473,7
GAO_GAO-12-45,GAO,13060,7
GAO_GAO-12-237,GAO,15374,8
GAO_HEHS-95-190,GAO,14150,7
GAO_GAO-13-150,GAO,16124,8
GAO_GAO-05-83,GAO,16761,9
GAO_GAO-12-973,GAO,8025,4
GAO_GAO-14-584,GAO,7138,4
GAO_GAO-07-933T,GAO,11252,6
GAO_GAO-12-592,GAO,9215,5
GAO_GAO-10-116,GAO,13569,7
GAO_NSIAD-00-80,GAO,16576,9
GAO_GAO-10-775,GAO,19930,10
GAO_HEHS-96-80,GAO,9052,5
GAO_GAO-13-431,GAO,7646,4
GAO_GAO-06-404,GAO,18785,10
GAO_AIMD-98-136,GAO,6410,4
GAO_GAO-06-703T,GAO,4249,3
GAO_GAO-08-108T,GAO,11786,6
GAO_GAO-04-901,GAO,10472,6
GAO_GAO-07-720T,GAO,6962,4
GAO_GAO-12-468,GAO,13458,7
GAO_GAO-07-113,GAO,11541,6
GAO_GAO-16-326,GAO,12941,7
GAO_GAO-12-21,GAO,12152,6
GAO_GGD-99-164,GAO,16054,8
GAO_GAO-02-1,GAO,7294,4
GAO_NSIAD-97-66,GAO,20623,11
GAO_GAO-17-596T,GAO,3981,2
GAO_RCED-99-141,GAO,6283,4
GAO_T-HEHS-98-40,GAO,4431,3
GAO_NSIAD-96-115,GAO,10227,5
GAO_GAO-15-557T,GAO,5594,3
GAO_GAO-09-41,GAO,20732,11
GAO_GAO-04-170T,GAO,5657,3
GAO_GAO-09-802,GAO,10028,5
GAO_GAO-10-626,GAO,23583,12
GAO_AIMD-95-179,GAO,19001,10
GAO_GAO-06-418T,GAO,4690,3
GAO_GAO-07-293,GAO,7370,4
GAO_GAO-12-340,GAO,13835,7
GAO_GAO-03-518T,GAO,3153,2
GAO_GAO-10-506T,GAO,3721,2
GAO_GAO-14-801,GAO,9045,5
GAO_AIMD-98-42,GAO,19229,10
GAO_GAO-06-163,GAO,12784,7
GAO_GAO-06-438,GAO,11868,6
GAO_GAO-16-530,GAO,11042,6
GAO_GGD-96-91,GAO,4329,3
GAO_GAO-11-653,GAO,15798,8
GAO_RCED-96-217,GAO,14045,7
GAO_T-AIMD-99-136,GAO,8571,5
GAO_GAO-06-812,GAO,12979,7
GAO_GAO-14-469T,GAO,4042,2
GAO_GAO-08-91,GAO,5749,3
GAO_RCED-98-103,GAO,15241,8
GAO_RCED-96-121,GAO,12991,7
GAO_GAO-12-795,GAO,10577,6
GAO_T-NSIAD-96-151,GAO,4905,3
GAO_GAO-08-967,GAO,12009,6
GAO_GAO-04-536,GAO,9631,5
GAO_GGD-96-126,GAO,11477,6
GAO_GAO-02-25,GAO,13218,7
GAO_GAO-07-895T,GAO,7400,4
GAO_T-NSIAD-98-109,GAO,4921,3
GAO_GAO-17-529,GAO,9292,5
GAO_GAO-11-299,GAO,1192,1
GAO_GAO-06-92,GAO,9016,5
GAO_GAO-03-1034T,GAO,6323,4
GAO_GAO-11-32,GAO,5881,3
GAO_GAO-15-749,GAO,17154,9
GAO_GAO-07-594,GAO,12591,7
GAO_T-GGD-96-100,GAO,3559,2
GAO_GAO-05-353T,GAO,4309,3
GAO_GAO-11-800,GAO,12104,6
GAO_GAO-12-534,GAO,11743,6
GAO_NSIAD-98-238,GAO,5028,3
GAO_GAO-03-602,GAO,11491,6
GAO_GAO-01-769T,GAO,2971,2
GAO_GAO-04-544,GAO,8706,5
GAO_GAO-05-637,GAO,21300,11
GAO_GAO-01-935,GAO,8973,5
GAO_GAO-02-938,GAO,6756,4
GAO_GAO-06-832,GAO,18712,10
GAO_GAO-02-734,GAO,10093,5
GAO_GAO-05-573T,GAO,4926,3
GAO_GAO-04-826T,GAO,3878,2
GAO_GAO-04-411,GAO,18018,9
GAO_GAO-05-707T,GAO,12012,6
GAO_GAO-06-541,GAO,24127,12
GAO_GAO-14-135,GAO,9929,5
GAO_GAO-06-99,GAO,9750,5
GAO_GAO-02-119,GAO,15810,8
GAO_GAO-06-635,GAO,7911,4
GAO_GAO-10-651T,GAO,3485,2
GAO_GAO-12-1016,GAO,14482,8
GAO_GAO-04-699T,GAO,13204,7
GAO_GAO-10-311,GAO,16970,9
GAO_GAO-07-530T,GAO,4918,3
GAO_GGD-98-12,GAO,11631,6
GAO_GAO-08-765T,GAO,3206,2
GAO_GAO-13-555,GAO,15424,8
GAO_NSIAD-00-264,GAO,12770,7
GAO_GAO-09-280,GAO,9175,5
GAO_GAO-02-953,GAO,12227,6
GAO_GAO-14-278T,GAO,3661,2
GAO_HEHS-97-11,GAO,5492,3
GAO_GAO-11-752T,GAO,4513,3
GAO_GAO-08-208T,GAO,5409,3
GAO_GAO-15-815,GAO,3156,2
GAO_GAO-09-310T,GAO,7875,4
GAO_NSIAD-96-83,GAO,10320,6
GAO_GAO-15-673T,GAO,4317,3
GAO_GAO-13-499,GAO,8760,5
GAO_GAO-13-521,GAO,9221,5
GAO_GAO-02-923,GAO,12971,7
GAO_GAO-04-890,GAO,14345,8
GAO_GAO-11-701,GAO,8559,5
GAO_GAO-17-300,GAO,8484,5
GAO_GAO-07-1264T,GAO,6162,4
GAO_GAO-16-150T,GAO,5560,3
GAO_GAO-17-585T,GAO,185,1
GAO_GAO-02-353,GAO,11566,6
GAO_AIMD-98-137,GAO,14977,8
GAO_GAO-13-134,GAO,14779,8
GAO_GAO-08-572T,GAO,13510,7
GAO_GAO-01-818,GAO,3083,2
GAO_GAO-06-980,GAO,11766,6
GAO_GAO-08-880,GAO,18141,9
GAO_GAO-10-1011,GAO,10613,6
GAO_GAO-16-623,GAO,16906,9
GAO_GAO-12-497,GAO,10723,6
GAO_GAO-04-912,GAO,25980,13
GAO_GAO-08-216T,GAO,9153,5
GAO_GAO-08-1175T,GAO,20647,11
GAO_GAO-05-138,GAO,11586,6
GAO_GGD-96-69,GAO,16491,9
GAO_GAO-13-615,GAO,6064,3
GAO_GAO-03-179,GAO,4438,3
GAO_GAO-11-200,GAO,13689,7
GAO_GAO-05-350T,GAO,10874,6
GAO_GAO-02-776,GAO,10800,6
GAO_GAO-16-328,GAO,8200,5
GAO_GAO-15-55,GAO,13618,7
GAO_GAO-10-444,GAO,5575,3
GAO_GAO-01-387T,GAO,3976,2
GAO_GAO-09-458T,GAO,7822,4
GAO_GAO-02-517T,GAO,3637,2
GAO_GGD-99-108,GAO,30101,15
GAO_GAO-17-208,GAO,17206,9
GAO_GAO-16-30,GAO,5977,3
GAO_GAO-12-40,GAO,11798,6
GAO_GAO-06-51,GAO,12233,6
GAO_GAO-17-61,GAO,7893,4
GAO_GAO-10-898,GAO,20600,11
GAO_GAO-09-397T,GAO,10863,6
GAO_GAO-04-702,GAO,12850,7
GAO_GAO-02-58,GAO,12644,7
GAO_GAO-09-977SP,GAO,512,1
GAO_GAO-17-318,GAO,10244,6
GAO_GAO-06-804,GAO,15580,8
GAO_GAO-07-614,GAO,8842,5
GAO_GAO-12-690,GAO,5645,3
GAO_GAO-16-632,GAO,15645,8
GAO_GAO-10-191T,GAO,3352,2
GAO_GAO-08-1087,GAO,12552,7
GAO_GAO-01-707T,GAO,2772,2
GAO_GAO-14-496,GAO,11433,6
GAO_GAO-09-514,GAO,30388,15
GAO_GAO-12-272,GAO,6782,4
GAO_GAO-04-39,GAO,8064,4
GAO_GAO-01-523,GAO,4094,2
GAO_GAO-09-812T,GAO,4353,3
GAO_GAO-02-419T,GAO,9392,5
GAO_GAO-03-22,GAO,11674,6
GAO_GAO-05-966,GAO,3942,2
GAO_GAO-03-498T,GAO,2410,2
GAO_GAO-08-207T,GAO,5204,3
GAO_GAO-12-582,GAO,9943,5
GAO_GAO-01-4,GAO,9061,5
GAO_GAO-08-643,GAO,17969,9
GAO_GAO-13-765T,GAO,5082,3
GAO_GGD-98-96,GAO,5516,3
GAO_GAO-07-446T,GAO,8032,4
GAO_RCED-99-40,GAO,3149,2
GAO_GAO-11-406,GAO,14996,8
GAO_GAO-17-183,GAO,11098,6
GAO_GAO-07-213,GAO,12642,7
GAO_RCED-96-200,GAO,12650,7
GAO_GAO-15-433T,GAO,2283,2
GAO_GAO-03-547,GAO,13151,7
GAO_GAO-14-327,GAO,3339,2
GAO_GAO-08-633,GAO,13093,7
GAO_RCED-96-236,GAO,8828,5
GAO_GAO-01-195,GAO,14177,7
GAO_GAO-08-1088,GAO,5917,3
GAO_GAO-14-586,GAO,8054,4
GAO_T-AIMD-98-22,GAO,5037,3
GAO_GAO-15-493,GAO,10965,6
GAO_GAO-01-69,GAO,10264,6
GAO_HEHS-98-75,GAO,7229,4
GAO_GAO-13-346T,GAO,5175,3
GAO_GGD-99-97,GAO,5278,3
GAO_GAO-05-929,GAO,8046,4
GAO_GAO-06-426,GAO,19062,10
GAO_GAO-06-114,GAO,17424,9
GAO_GAO-05-922T,GAO,11948,6
GAO_GAO-08-744T,GAO,9289,5
GAO_GAO-01-751,GAO,15484,8
GAO_GAO-02-125,GAO,15417,8
GAO_GAO-10-956T,GAO,5583,3
GAO_GAO-08-607,GAO,4602,3
GAO_GAO-15-84,GAO,14400,8
GAO_GAO-01-315,GAO,5585,3
GAO_GAO-10-67,GAO,17238,9
GAO_GAO-12-718T,GAO,4546,3
GAO_T-NSIAD-98-83,GAO,3792,2
GAO_GAO-17-181,GAO,4469,3
GAO_GAO-16-374T,GAO,4322,3
GAO_GAO-03-150,GAO,3650,2
GAO_NSIAD-98-4,GAO,11295,6
GAO_GAO-01-513,GAO,8515,5
GAO_GAO-12-764,GAO,2899,2
GAO_GAO-02-876,GAO,22948,12
GAO_GAO-10-348,GAO,20983,11
GAO_RCED-96-203,GAO,11960,6
GAO_GAO-12-238T,GAO,2360,2
GAO_GAO-01-712,GAO,7395,4
GAO_GAO-02-793,GAO,36200,18
GAO_GAO-07-1085,GAO,11531,6
GAO_GAO-16-765T,GAO,3282,2
GAO_GAO-04-861T,GAO,5057,3
GAO_GAO-06-72,GAO,9487,5
GAO_GAO-04-73,GAO,10325,6
GAO_GAO-13-549,GAO,12338,7
GAO_HEHS-96-68,GAO,6875,4
GAO_GAO-06-298,GAO,12451,7
GAO_GAO-13-723,GAO,8709,5
GAO_GAO-15-182,GAO,12273,6
GAO_RCED-97-21,GAO,12067,6
GAO_RCED-98-160,GAO,19349,10
GAO_GAO-16-790T,GAO,3660,2
GAO_HEHS-97-28,GAO,4097,3
GAO_GAO-10-833,GAO,18822,10
GAO_GAO-13-810T,GAO,4373,3
GAO_GAO-12-742,GAO,22232,11
GAO_GAO-04-715,GAO,7711,4
GAO_GAO-14-503T,GAO,3051,2
GAO_GAO-02-691T,GAO,6972,4
GAO_GAO-17-711,GAO,8198,5
GAO_GAO-16-58,GAO,13229,7
GAO_GAO-02-1124T,GAO,3481,2
GAO_GAO-08-679,GAO,9177,5
GAO_GAO-05-381,GAO,13247,7
GAO_GAO-04-470,GAO,11752,6
GAO_RCED-95-62,GAO,5689,3
GAO_GAO-14-152,GAO,6122,3
GAO_NSIAD-97-153,GAO,5104,3
GAO_GAO-11-489,GAO,17600,9
GAO_GAO-17-110,GAO,9475,5
GAO_GAO-05-532T,GAO,3595,2
GAO_GAO-10-29,GAO,7332,4
GAO_GAO-02-106,GAO,8288,5
GAO_GAO-03-926,GAO,10600,6
GAO_GAO-06-1092T,GAO,5125,3
GAO_GAO-07-26,GAO,12668,7
GAO_GAO-11-168,GAO,7490,4
GAO_GAO-10-131,GAO,11065,6
GAO_GAO-11-891,GAO,13967,7
GAO_GAO-06-973,GAO,13355,7
GAO_NSIAD-96-147,GAO,9535,5
GAO_GAO-05-835T,GAO,4953,3
GAO_T-NSIAD-96-148,GAO,8483,5
GAO_GAO-15-657,GAO,18157,9
GAO_HEHS-96-1,GAO,4873,3
GAO_GAO-11-628,GAO,8962,5
GAO_GAO-11-708,GAO,8733,5
GAO_GAO-09-678,GAO,23610,12
GAO_GAO-17-721,GAO,5583,3
GAO_GAO-05-174,GAO,14580,8
GAO_GAO-04-156,GAO,19078,10
GAO_GAO-10-508T,GAO,4150,3
GAO_GAO-10-314T,GAO,3873,2
GAO_GAO-04-524T,GAO,3697,2
GAO_GAO-17-613,GAO,10039,5
GAO_GAO-16-761,GAO,10077,5
GAO_GAO-07-545T,GAO,10358,6
GAO_HEHS-97-192,GAO,11635,6
GAO_GAO-03-280,GAO,6503,4
GAO_GAO-07-461,GAO,9261,5
GAO_GAO-05-106,GAO,4553,3
GAO_GAO-15-582,GAO,15630,8
GAO_GAO-04-1068T,GAO,10232,5
GAO_GAO-17-551,GAO,4858,3
GAO_AIMD-96-59,GAO,6695,4
GAO_GAO-10-100,GAO,22117,11
GAO_GAO-08-219,GAO,20213,10
GAO_GAO-17-264T,GAO,3842,2
GAO_GAO-07-1047T,GAO,2800,2
GAO_NSIAD-97-157,GAO,4362,3
GAO_GAO-06-1006T,GAO,8432,5
GAO_GGD-98-175,GAO,7902,4
GAO_GAO-04-755,GAO,8750,5
GAO_GAO-08-366,GAO,12010,6
GAO_GAO-14-294,GAO,8297,5
GAO_GAO-03-54,GAO,7053,4
GAO_GAO-01-782,GAO,4283,3
GAO_GAO-14-487T,GAO,3963,2
GAO_GAO-16-223,GAO,10700,6
GAO_GAO-05-5,GAO,13661,7
GAO_T-HEHS-98-117,GAO,3938,2
GAO_GAO-08-1052T,GAO,3920,2
GAO_T-HEHS-98-107,GAO,4381,3
GAO_GAO-12-113,GAO,20368,10
GAO_GAO-15-676,GAO,9643,5
GAO_T-GGD-96-141,GAO,2388,2
GAO_GAO-11-271,GAO,18619,10
GAO_RCED-98-100,GAO,16489,9
GAO_RCED-95-163,GAO,5840,3
GAO_GAO-16-125,GAO,10703,6
GAO_GAO-04-914T,GAO,3218,2
GAO_GAO-05-542T,GAO,7662,4
GAO_HEHS-98-92,GAO,13856,7
GAO_GAO-11-637,GAO,9758,5
GAO_GAO-02-466,GAO,12415,7
GAO_GAO-16-685,GAO,6683,4
GAO_GAO-11-352,GAO,13894,7
GAO_GAO-05-365,GAO,18858,10
GAO_GAO-07-373,GAO,19457,10
GAO_GAO-03-394,GAO,11206,6
GAO_GGD-95-64,GAO,5399,3
GAO_RCED-95-17,GAO,8479,5
GAO_GAO-14-481T,GAO,4862,3
GAO_GAO-16-237,GAO,16221,8
GAO_GAO-04-48,GAO,8027,4
GAO_GAO-06-864T,GAO,6552,4
GAO_GGD-97-25,GAO,12569,7
GAO_T-NSIAD-96-85,GAO,3793,2
GAO_GAO-04-875T,GAO,3887,2
GAO_GAO-16-556T,GAO,8213,5
GAO_GAO-12-867T,GAO,2890,2
GAO_GAO-15-730,GAO,7279,4
GAO_GAO-03-1044,GAO,6085,3
GAO_GAO-08-90,GAO,8627,5
GAO_GAO-02-129T,GAO,5876,3
GAO_GAO-06-1122T,GAO,7235,4
GAO_GAO-04-869T,GAO,4237,3
GAO_GAO-09-362T,GAO,7890,4
GAO_GAO-06-542T,GAO,4967,3
GAO_GAO-07-1012,GAO,12581,7
GAO_GAO-15-298,GAO,20615,11
GAO_GAO-10-132T,GAO,5601,3
GAO_GAO-02-393,GAO,5691,3
GAO_GAO-07-154,GAO,22398,11
GAO_T-HEHS-98-114,GAO,5465,3
GAO_GAO-17-197,GAO,3141,2
GAO_GAO-07-763,GAO,14616,8
GAO_GAO-09-658,GAO,32880,17
GAO_GAO-11-159,GAO,25714,13
GAO_GAO-16-438,GAO,10757,6
GAO_GAO-04-74,GAO,8940,5
GAO_GAO-17-494T,GAO,5172,3
GAO_GAO-06-591T,GAO,5554,3
GAO_GAO-14-454T,GAO,5092,3
GAO_GAO-12-288T,GAO,5275,3
GAO_GAO-17-29,GAO,10385,6
GAO_GAO-16-359,GAO,15576,8
GAO_T-GGD-98-76,GAO,3171,2
GAO_GAO-03-1012T,GAO,4905,3
GAO_GAO-16-360,GAO,18106,9
GAO_GAO-15-218,GAO,7557,4
GAO_NSIAD-97-94,GAO,4340,3
GAO_GAO-09-969,GAO,9798,5
GAO_GAO-01-719,GAO,4281,3
GAO_GAO-09-142,GAO,15755,8
GAO_GAO-16-188,GAO,12627,7
GAO_GAO-10-895,GAO,13334,7
GAO_GAO-01-744,GAO,26217,13
GAO_GAO-11-445,GAO,10993,6
GAO_GAO-05-455T,GAO,9348,5
GAO_GAO-16-200T,GAO,3973,2
GAO_GAO-06-142T,GAO,7383,4
GAO_NSIAD-98-196,GAO,12369,7
GAO_GAO-02-840T,GAO,3007,2
GAO_GAO-16-429T,GAO,4541,3
GAO_GAO-01-711,GAO,7432,4
GAO_GAO-09-632T,GAO,5174,3
GAO_GAO-01-11,GAO,12335,7
GAO_GAO-07-1007,GAO,12291,7
GAO_GAO-01-754,GAO,7971,4
GAO_NSIAD-98-58,GAO,12510,7
GAO_GAO-02-341,GAO,16665,9
GAO_GAO-13-744,GAO,14381,8
GAO_GGD-00-23,GAO,17423,9
GAO_GAO-09-1004T,GAO,4193,3
GAO_RCED-99-45,GAO,28887,15
GAO_GGD-98-48,GAO,18633,10
GAO_GAO-12-809,GAO,13959,7
GAO_GAO-03-147,GAO,26079,13
GAO_GAO-10-260T,GAO,4442,3
GAO_GAO-03-351,GAO,7180,4
GAO_GAO-08-118T,GAO,4850,3
GAO_NSIAD-95-174,GAO,5068,3
GAO_GAO-06-1065,GAO,9888,5
GAO_T-HEHS-99-70,GAO,3349,2
GAO_GAO-14-82,GAO,18798,10
GAO_GAO-01-944,GAO,3998,2
GAO_GAO-15-248T,GAO,3645,2
GAO_GAO-16-385,GAO,12846,7
GAO_GAO-08-1034T,GAO,6947,4
GAO_HEHS-96-22,GAO,5837,3
GAO_GAO-08-336,GAO,8855,5
GAO_GAO-12-51,GAO,5016,3
GAO_GAO-01-708T,GAO,5091,3
GAO_GAO-04-824T,GAO,6450,4
GAO_GAO-04-1089T,GAO,3283,2
GAO_GAO-06-802,GAO,12862,7
GAO_GAO-06-22,GAO,12753,7
GAO_HEHS-97-51,GAO,16150,8
GAO_RCED-97-7,GAO,18236,9
GAO_GAO-13-627T,GAO,6006,3
GAO_AIMD-96-140,GAO,10386,6
GAO_GAO-09-425T,GAO,11357,6
GAO_GAO-14-538,GAO,6953,4
GAO_GAO-17-301,GAO,9389,5
GAO_GGD-97-119,GAO,7369,4
GAO_GAO-14-690T,GAO,2810,2
GAO_GAO-06-423,GAO,16901,9
GAO_GAO-09-250,GAO,13376,7
GAO_GAO-06-314,GAO,13437,7
GAO_GAO-16-737T,GAO,7111,4
GAO_GAO-09-631T,GAO,13519,7
GAO_GAO-07-1010,GAO,7162,4
GAO_GAO-03-1025,GAO,8882,5
GAO_GAO-04-593T,GAO,4998,3
GAO_GAO-17-461,GAO,14532,8
GAO_GAO-09-451,GAO,8264,5
GAO_GAO-08-922,GAO,13773,7
GAO_GAO-10-419T,GAO,3397,2
GAO_GAO-12-529,GAO,12393,7
GAO_GAO-04-770T,GAO,4867,3
GAO_GAO-09-849,GAO,16103,8
GAO_NSIAD-98-107,GAO,4933,3
GAO_GAO-17-566T,GAO,4500,3
GAO_GAO-13-611,GAO,5668,3
GAO_GAO-10-627,GAO,5380,3
GAO_GAO-04-430,GAO,8471,5
GAO_GAO-07-8,GAO,10785,6
GAO_HEHS-96-160,GAO,28560,14
GAO_GAO-17-643,GAO,7751,4
GAO_GAO-04-30,GAO,12180,6
GAO_GAO-11-107,GAO,8179,4
GAO_GAO-11-857,GAO,12968,7
GAO_GAO-02-256,GAO,11907,6
GAO_GAO-14-220,GAO,14389,8
GAO_GAO-11-40,GAO,9358,5
GAO_GAO-01-1073T,GAO,6829,4
GAO_NSIAD-98-24,GAO,5607,3
GAO_GAO-08-75,GAO,4565,3
GAO_GAO-01-172,GAO,6090,3
GAO_GAO-16-17,GAO,7805,4
GAO_GAO-14-66,GAO,7777,4
GAO_GAO-14-89,GAO,7419,4
GAO_GAO-05-140T,GAO,11747,6
GAO_GAO-15-207,GAO,12764,7
GAO_GAO-12-779,GAO,10875,6
GAO_GAO-03-456,GAO,7869,4
GAO_GAO-11-308,GAO,9512,5
GAO_AIMD-98-124,GAO,14307,7
GAO_GAO-08-624,GAO,14472,8
GAO_NSIAD-97-78,GAO,10841,6
GAO_GAO-06-343,GAO,18246,9
GAO_GAO-15-498T,GAO,5148,3
GAO_GAO-15-483T,GAO,3664,2
GAO_GAO-09-206,GAO,11770,6
GAO_HEHS-95-42,GAO,8330,5
GAO_GAO-11-404,GAO,16100,8
GAO_RCED-98-161,GAO,6747,4
GAO_GAO-04-551T,GAO,10508,6
GAO_GAO-03-1009T,GAO,7676,4
GAO_GAO-13-607,GAO,16213,8
GAO_NSIAD-95-82,GAO,9114,5
GAO_NSIAD-95-86,GAO,7578,4
GAO_GAO-09-540T,GAO,6655,4
GAO_HEHS-98-27,GAO,12654,7
GAO_GAO-07-1065,GAO,22255,11
GAO_GAO-08-707T,GAO,3222,2
GAO_GAO-10-140T,GAO,6243,4
GAO_GAO-05-71,GAO,10613,6
GAO_GAO-08-15,GAO,6085,3
GAO_GAO-03-845,GAO,21002,11
GAO_GAO-06-116,GAO,7918,4
GAO_GAO-01-932,GAO,6626,4
GAO_GAO-06-13,GAO,8470,5
GAO_HEHS-97-26,GAO,14899,8
GAO_AIMD-96-27,GAO,7586,4
GAO_GAO-04-658,GAO,9675,5
GAO_GAO-05-144,GAO,12606,7
GAO_GAO-12-840T,GAO,6108,3
GAO_GAO-07-483,GAO,16084,8
GAO_GAO-13-518,GAO,19278,10
GAO_GAO-01-850,GAO,15425,8
GAO_GAO-17-418,GAO,15872,8
GAO_GAO-10-553,GAO,18883,10
GAO_T-RCED-96-224,GAO,5797,3
GAO_GAO-15-294,GAO,9306,5
GAO_GAO-10-414,GAO,11851,6
GAO_GAO-12-898,GAO,11364,6
GAO_GAO-05-454,GAO,13539,7
GAO_GAO-04-598T,GAO,5042,3
GAO_GAO-10-423,GAO,12926,7
GAO_GAO-12-506,GAO,8439,5
GAO_GAO-04-364,GAO,14850,8
GAO_GAO-02-235T,GAO,5349,3
GAO_GAO-05-49,GAO,24723,13
GAO_GAO-08-947T,GAO,5245,3
GAO_GAO-07-631,GAO,9543,5
GAO_GAO-10-163T,GAO,4780,3
GAO_GAO-08-993T,GAO,5791,3
GAO_GAO-05-170,GAO,4819,3
GAO_GAO-14-467T,GAO,5559,3
GAO_GAO-02-449,GAO,13575,7
GAO_HEHS-95-64,GAO,5187,3
GAO_GAO-12-337,GAO,13897,7
GAO_GAO-16-36,GAO,18172,9
GAO_GAO-14-575,GAO,13612,7
GAO_GAO-03-353,GAO,11260,6
GAO_GGD-99-173,GAO,5787,3
GAO_GAO-02-601T,GAO,6095,3
GAO_RCED-99-1,GAO,7164,4
GAO_NSIAD-96-33,GAO,11250,6
GAO_GAO-09-842T,GAO,3000,2
GAO_GAO-11-790,GAO,9809,5
GAO_GAO-09-227,GAO,30520,15
GAO_GAO-10-498,GAO,11758,6
GAO_NSIAD-99-53,GAO,9778,5
GAO_GAO-11-22,GAO,10050,5
GAO_GAO-04-772,GAO,7866,4
GAO_GAO-06-631T,GAO,5494,3
GAO_GAO-07-1077,GAO,10287,6
GAO_GAO-10-808,GAO,14855,8
GAO_GAO-15-313,GAO,9771,5
GAO_GAO-14-232,GAO,17376,9
GAO_GAO-13-4,GAO,13479,7
GAO_GAO-12-652T,GAO,3706,2
GAO_GAO-05-744,GAO,17717,9
GAO_GAO-09-231T,GAO,5702,3
GAO_T-HEHS-97-90,GAO,3802,2
GAO_T-HEHS-97-114,GAO,4079,2
GAO_GAO-07-1075T,GAO,5173,3
GAO_GAO-01-931,GAO,7485,4
GAO_NSIAD-98-91,GAO,4996,3
GAO_GAO-17-513,GAO,7663,4
GAO_GAO-09-955,GAO,10103,5
GAO_GAO-08-418,GAO,20040,10
GAO_AIMD-97-33,GAO,4967,3
GAO_RCED-97-43,GAO,6910,4
GAO_GAO-04-728,GAO,13765,7
GAO_RCED-96-70FS,GAO,5316,3
GAO_GAO-07-340,GAO,11119,6
GAO_GAO-13-563T,GAO,4822,3
GAO_GGD-95-192,GAO,8974,5
GAO_GAO-07-138,GAO,9899,5
GAO_GAO-02-244T,GAO,2555,2
GAO_GAO-11-774,GAO,19000,10
GAO_GAO-09-749,GAO,13653,7
GAO_GAO-08-813T,GAO,2488,2
GAO_GAO-04-796T,GAO,2317,2
GAO_GAO-13-198,GAO,18941,10
GAO_GAO-02-871,GAO,9309,5
GAO_GAO-15-196,GAO,6755,4
GAO_GAO-06-189,GAO,24079,12
GAO_GGD-98-161,GAO,5621,3
GAO_GAO-04-542T,GAO,5906,3
GAO_GAO-12-673,GAO,11828,6
GAO_GAO-07-681T,GAO,5808,3
GAO_GAO-17-593T,GAO,5352,3
GAO_RCED-95-15,GAO,4202,3
GAO_NSIAD-96-163,GAO,8972,5
GAO_GAO-08-167,GAO,5411,3
GAO_GAO-13-365,GAO,23162,12
GAO_HEHS-97-10,GAO,8583,5
GAO_GAO-10-256T,GAO,4676,3
GAO_GAO-12-627,GAO,7625,4
GAO_GAO-08-352T,GAO,5071,3
GAO_GAO-08-727,GAO,9437,5
GAO_HEHS-97-16,GAO,13728,7
GAO_GAO-09-104,GAO,11959,6
GAO_GAO-02-142,GAO,20724,11
GAO_GAO-03-1158,GAO,8292,5
GAO_GAO-10-395,GAO,18496,10
GAO_GAO-12-797,GAO,16033,8
GAO_NSIAD-98-135,GAO,7501,4
GAO_T-HEHS-98-83,GAO,3252,2
GAO_GAO-07-797T,GAO,3407,2
GAO_GAO-10-824,GAO,8687,5
GAO_GAO-07-331,GAO,11643,6
GAO_GAO-07-825,GAO,14123,7
GAO_GAO-06-52,GAO,18975,10
GAO_GAO-15-162,GAO,15300,8
GAO_GAO-04-18,GAO,12285,6
GAO_GAO-13-702,GAO,9692,5
GAO_GAO-02-330,GAO,9721,5
GAO_GAO-06-558T,GAO,3608,2
GAO_GAO-15-36,GAO,12946,7
GAO_GAO-09-462T,GAO,2769,2
GAO_GGD-99-147,GAO,7392,4
GAO_AIMD-95-20,GAO,9219,5
GAO_GAO-08-1148T,GAO,3839,2
GAO_GAO-08-452,GAO,11729,6
GAO_AIMD-95-160,GAO,3876,2
GAO_GAO-09-704,GAO,24288,12
GAO_GAO-12-479,GAO,10281,6
GAO_GAO-11-625,GAO,9139,5
GAO_GAO-08-931T,GAO,5434,3
GAO_GAO-10-467T,GAO,9172,5
GAO_AIMD-99-35,GAO,7729,4
GAO_GAO-09-174,GAO,8903,5
GAO_HEHS-96-23,GAO,17003,9
GAO_GAO-07-459T,GAO,10243,6
GAO_HEHS-96-157,GAO,43528,22
GAO_GAO-16-573,GAO,14489,8
GAO_GAO-02-548T,GAO,7756,4
GAO_GAO-01-1142T,GAO,3473,2
GAO_GAO-11-218T,GAO,4163,3
GAO_GAO-17-635,GAO,9884,5
GAO_GAO-16-240,GAO,6416,4
GAO_GAO-04-760,GAO,12186,6
GAO_GGD-98-23,GAO,13757,7
GAO_GAO-11-551,GAO,5916,3
GAO_GAO-07-856T,GAO,4275,3
GAO_GAO-02-1131T,GAO,4112,3
GAO_GAO-03-711,GAO,3823,2
GAO_GAO-15-17,GAO,9413,5
GAO_HEHS-95-59,GAO,4564,3
GAO_GAO-08-999T,GAO,4236,3
GAO_GAO-15-10,GAO,16782,9
GAO_T-NSIAD-98-124,GAO,3923,2
GAO_GAO-01-1007T,GAO,9056,5
GAO_GAO-11-64,GAO,7212,4
GAO_GAO-06-144,GAO,3071,2
GAO_GAO-13-417,GAO,11786,6
GAO_GAO-04-900,GAO,7580,4
GAO_HEHS-98-66,GAO,4894,3
GAO_RCED-97-38,GAO,4213,3
GAO_GAO-17-282T,GAO,3225,2
GAO_GAO-08-427,GAO,6014,3
GAO_GAO-05-224,GAO,21552,11
GAO_HEHS-99-5,GAO,10839,6
GAO_GAO-07-1105,GAO,12740,7
GAO_GAO-10-810,GAO,7093,4
GAO_NSIAD-95-49,GAO,23668,12
GAO_GAO-11-332,GAO,5742,3
GAO_GAO-02-369T,GAO,9298,5
GAO_GAO-07-1250T,GAO,4658,3
GAO_GAO-12-14,GAO,14100,7
GAO_GAO-13-163T,GAO,5252,3
GAO_GAO-01-401,GAO,5319,3
GAO_GAO-07-225T,GAO,9624,5
GAO_GAO-12-274,GAO,10397,6
GAO_T-AIMD-98-125,GAO,5703,3
GAO_GAO-14-125,GAO,9658,5
GAO_GAO-06-593,GAO,5887,3
GAO_GAO-07-915,GAO,19829,10
GAO_GAO-05-360T,GAO,5356,3
GAO_T-RCED-98-198,GAO,5601,3
GAO_GAO-04-4,GAO,17715,9
GAO_GAO-05-442T,GAO,7944,4
GAO_GAO-12-218,GAO,7395,4
GAO_GAO-12-84,GAO,23363,12
GAO_NSIAD-99-82,GAO,4501,3
GAO_GAO-01-771,GAO,9302,5
GAO_GAO-14-306,GAO,9671,5
GAO_GAO-15-773,GAO,8371,5
GAO_HEHS-98-228,GAO,4363,3
GAO_GGD-97-167,GAO,8041,4
GAO_GAO-06-639,GAO,16715,9
GAO_GAO-02-849,GAO,8788,5
GAO_RCED-95-137,GAO,4843,3
GAO_GAO-05-462,GAO,13387,7
GAO_GAO-12-699,GAO,13685,7
GAO_GAO-08-1016T,GAO,4521,3
GAO_HEHS-95-15,GAO,3357,2
GAO_GAO-12-29,GAO,19307,10
GAO_GAO-07-1005,GAO,13384,7
GAO_GAO-14-736,GAO,9461,5
GAO_GAO-05-349,GAO,9816,5
GAO_GAO-11-400,GAO,15397,8
GAO_RCED-99-54,GAO,19587,10
GAO_HEHS-97-25,GAO,8420,5
GAO_GAO-06-792,GAO,7488,4
GAO_GAO-12-602T,GAO,3287,2
GAO_GAO-10-780,GAO,6750,4
GAO_GAO-14-365T,GAO,3545,2
GAO_GAO-06-478T,GAO,5738,3
GAO_GAO-07-126,GAO,7210,4
GAO_GAO-01-346,GAO,15237,8
GAO_GAO-07-344,GAO,7676,4
GAO_GAO-16-816,GAO,17104,9
GAO_GAO-16-101,GAO,17779,9
GAO_GAO-06-31,GAO,6894,4
GAO_GAO-09-385,GAO,8599,5
GAO_GAO-12-630,GAO,14738,8
GAO_NSIAD-98-6,GAO,7394,4
GAO_PEMD-96-16,GAO,10621,6
GAO_GAO-16-179T,GAO,5051,3
GAO_GAO-05-1037T,GAO,5877,3
GAO_GAO-03-921,GAO,16519,9
GAO_GAO-15-629,GAO,6787,4
GAO_GAO-16-472,GAO,15089,8
GAO_GAO-05-881,GAO,14133,7
GAO_RCED-95-12,GAO,9537,5
GAO_GAO-07-822T,GAO,3868,2
GAO_GAO-14-374,GAO,13383,7
GAO_GAO-02-710,GAO,4996,3
GAO_GAO-13-33,GAO,11216,6
GAO_GAO-01-354,GAO,13990,7
GAO_GAO-07-1126,GAO,17772,9
GAO_AIMD-98-11,GAO,12889,7
GAO_GAO-14-809T,GAO,3556,2
GAO_GAO-07-1211T,GAO,4808,3
GAO_GAO-16-698,GAO,12115,6
GAO_GAO-04-437,GAO,15714,8
GAO_GAO-05-869,GAO,33205,17
GAO_GAO-08-449T,GAO,3090,2
GAO_OSI-98-1,GAO,6006,3
GAO_GAO-13-678,GAO,5819,3
GAO_GAO-05-12,GAO,13793,7
GAO_HEHS-97-50,GAO,13470,7
GAO_GAO-14-322,GAO,9763,5
GAO_RCED-96-79,GAO,10830,6
GAO_GAO-06-372,GAO,9331,5
GAO_GAO-04-651T,GAO,7476,4
GAO_GAO-16-382,GAO,20235,10
GAO_GAO-08-539,GAO,13765,7
GAO_GAO-10-769,GAO,16186,8
GAO_GAO-08-1022T,GAO,4323,3
GAO_GAO-04-387,GAO,13462,7
GAO_GGD-95-148,GAO,5889,3
GAO_GAO-09-61,GAO,26801,14
GAO_GAO-08-697,GAO,13036,7
GAO_GAO-11-591T,GAO,2250,2
GAO_GAO-04-317T,GAO,6745,4
GAO_GGD-99-26,GAO,12321,7
GAO_GAO-07-534T,GAO,3999,2
GAO_GAO-09-677T,GAO,3555,2
GAO_GAO-04-95,GAO,18357,9
GAO_GAO-17-210,GAO,10825,6
GAO_GAO-16-235,GAO,9368,5
GAO_GAO-14-145T,GAO,3981,2
GAO_GAO-05-11,GAO,14216,7
GAO_GAO-15-25,GAO,12473,7
GAO_GAO-08-482,GAO,16135,8
GAO_GAO-09-312T,GAO,4894,3
GAO_GAO-15-830T,GAO,8062,4
GAO_GAO-16-216,GAO,6397,4
GAO_GAO-07-1062,GAO,3862,2
GAO_NSIAD-98-228,GAO,7950,4
GAO_HEHS-98-93,GAO,11199,6
GAO_GAO-17-268T,GAO,5529,3
GAO_T-HEHS-99-62,GAO,3886,2
GAO_GAO-06-559T,GAO,5164,3
GAO_T-HEHS-98-95,GAO,5147,3
GAO_GAO-04-805,GAO,7563,4
GAO_NSIAD-97-136,GAO,9071,5
GAO_GAO-16-227T,GAO,7663,4
GAO_GAO-07-549,GAO,16525,9
GAO_GAO-01-941,GAO,7290,4
GAO_NSIAD-98-57,GAO,11152,6
GAO_GGD-99-174,GAO,26229,13
GAO_GAO-04-788T,GAO,4021,2
GAO_GAO-06-182T,GAO,4032,2
GAO_GAO-17-739,GAO,11057,6
GAO_GAO-05-400T,GAO,9030,5
GAO_GAO-01-329,GAO,8348,5
GAO_NSIAD-93-241,GAO,11343,6
GAO_AIMD-98-91,GAO,5517,3
GAO_GAO-13-391,GAO,3469,2
GAO_GAO-13-264,GAO,16540,9
GAO_GAO-14-262,GAO,11883,6
GAO_GAO-08-516,GAO,3306,2
GAO_GAO-16-97,GAO,13971,7
GAO_GAO-04-688T,GAO,3603,2
GAO_RCED-97-75,GAO,9505,5
GAO_GAO-03-148T,GAO,7325,4
GAO_GAO-13-446,GAO,7605,4
GAO_GAO-07-617T,GAO,5417,3
GAO_GAO-13-656,GAO,3812,2
GAO_GAO-13-220,GAO,5535,3
GAO_GAO-17-69,GAO,20201,10
GAO_GAO-12-240,GAO,8252,5
GAO_GAO-02-297,GAO,7325,4
GAO_GAO-17-379,GAO,13861,7
GAO_NSIAD-98-102,GAO,4698,3
GAO_AIMD-95-156,GAO,12523,7
GAO_GAO-12-77,GAO,12463,7
GAO_GAO-07-948T,GAO,2915,2
GAO_RCED-97-98,GAO,9202,5
GAO_GAO-08-428T,GAO,5294,3
GAO_T-GGD-99-28,GAO,3385,2
GAO_GAO-15-54,GAO,10670,6
GAO_GAO-09-325,GAO,16161,8
GAO_GAO-17-290,GAO,4837,3
GAO_GAO-08-717T,GAO,6695,4
GAO_GAO-13-455,GAO,15373,8
GAO_GAO-04-256,GAO,11088,6
GAO_GAO-07-1079T,GAO,5359,3
GAO_GAO-03-1154T,GAO,14676,8
GAO_GAO-14-713,GAO,13256,7
GAO_HEHS-97-130,GAO,12269,6
GAO_NSIAD-95-153,GAO,8491,5
GAO_GAO-06-312,GAO,21131,11
GAO_GAO-10-792,GAO,10650,6
GAO_RCED-96-124,GAO,6057,3
GAO_GAO-02-732,GAO,24503,12
GAO_GAO-07-237,GAO,10885,6
GAO_GAO-05-1008T,GAO,7401,4
GAO_GAO-09-911,GAO,15048,8
GAO_GAO-14-318,GAO,12676,7
GAO_AIMD-96-14,GAO,4911,3
GAO_GAO-03-640T,GAO,2807,2
GAO_GAO-10-420,GAO,21899,11
GAO_GAO-07-833T,GAO,13408,7
GAO_NSIAD-95-211,GAO,5107,3
GAO_GAO-08-814,GAO,14643,8
GAO_GAO-04-238,GAO,11875,6
GAO_RCED-98-169,GAO,12771,7
GAO_RCED-95-18,GAO,4372,3
GAO_RCED-97-22,GAO,3432,2
GAO_GAO-02-309,GAO,14100,7
GAO_GAO-09-695T,GAO,3973,2
GAO_GAO-03-625,GAO,8895,5
GAO_GAO-05-322T,GAO,6194,4
GAO_GAO-03-662,GAO,11179,6
GAO_GAO-03-18,GAO,3756,2
GAO_GAO-15-323,GAO,6260,4
GAO_GAO-17-598T,GAO,4788,3
GAO_GGD-96-178,GAO,3914,2
GAO_GAO-12-308,GAO,15262,8
GAO_GAO-05-984,GAO,10439,6
GAO_OSI-95-15,GAO,6876,4
GAO_GAO-16-286,GAO,12239,6
GAO_GAO-03-685,GAO,16187,8
GAO_GAO-07-137,GAO,4361,3
GAO_NSIAD-96-178,GAO,6257,4
GAO_GAO-06-5,GAO,22825,12
GAO_GAO-13-580T,GAO,4685,3
GAO_GAO-17-179,GAO,12464,7
GAO_GGD-99-153,GAO,5687,3
GAO_GAO-08-403,GAO,10458,6
GAO_GAO-09-811,GAO,13944,7
GAO_GAO-02-770,GAO,6919,4
GAO_GAO-16-583,GAO,12778,7
GAO_NSIAD-95-139,GAO,32444,16
GAO_GAO-09-760T,GAO,7921,4
GAO_AIMD-98-12,GAO,3591,2
GAO_GAO-08-815T,GAO,4458,3
GAO_GAO-08-223,GAO,8613,5
GAO_T-RCED-98-243,GAO,6827,4
GAO_NSIAD-95-147,GAO,3630,2
GAO_NSIAD-98-138,GAO,40072,20
GAO_GAO-08-695T,GAO,3552,2
GAO_GAO-10-500T,GAO,2369,2
GAO_T-HEHS-98-100,GAO,4250,3
GAO_T-RCED-96-167,GAO,2973,2
GAO_GAO-12-749,GAO,6791,4
GAO_GAO-04-623,GAO,10523,6
GAO_GAO-06-11,GAO,14209,7
GAO_GAO-01-835,GAO,17163,9
GAO_GAO-16-141,GAO,4826,3
GAO_GAO-08-558,GAO,19166,10
GAO_NSIAD-97-23,GAO,5484,3
GAO_GAO-06-309,GAO,12485,7
GAO_GAO-05-150,GAO,12441,7
GAO_GGD-98-183,GAO,6343,4
GAO_GAO-11-441T,GAO,7157,4
GAO_GAO-08-671,GAO,17303,9
GAO_GAO-03-594T,GAO,5990,3
GAO_NSIAD-97-181,GAO,3998,2
GAO_GAO-12-1045T,GAO,2564,2
GAO_GAO-17-358,GAO,3225,2
GAO_NSIAD-98-155,GAO,15833,8
GAO_GAO-13-412T,GAO,4514,3
GAO_GAO-03-790,GAO,9022,5
GAO_GAO-09-64,GAO,20473,10
GAO_NSIAD-00-222,GAO,10278,6
GAO_GAO-05-662T,GAO,3946,2
GAO_GAO-05-105,GAO,14532,8
GAO_GAO-06-676,GAO,6359,4
GAO_GAO-17-309,GAO,13769,7
GAO_RCED-95-2,GAO,7580,4
GAO_GAO-08-531T,GAO,5875,3
GAO_RCED-96-16,GAO,13512,7
GAO_GAO-09-792,GAO,11764,6
GAO_GAO-08-871,GAO,10007,5
GAO_GAO-06-421,GAO,22132,11
GAO_GAO-08-206,GAO,16108,8
GAO_GAO-08-835,GAO,8124,4
GAO_GAO-12-59,GAO,9316,5
GAO_GAO-17-618,GAO,14525,8
GAO_GAO-01-373,GAO,8194,5
GAO_GAO-04-833T,GAO,5525,3
GAO_T-RCED-98-129,GAO,3400,2
GAO_GAO-05-79,GAO,26481,13
GAO_GAO-03-887,GAO,8477,5
GAO_GAO-05-272,GAO,24345,12
GAO_NSIAD-98-114,GAO,18110,9
GAO_GAO-07-714,GAO,34854,18
GAO_AIMD-98-84,GAO,4299,3
GAO_GAO-07-563,GAO,7165,4
GAO_GAO-02-45,GAO,18979,10
GAO_GAO-06-98,GAO,9941,5
GAO_GAO-03-364,GAO,18968,10
GAO_NSIAD-95-43,GAO,4136,3
GAO_NSIAD-98-118,GAO,12814,7
GAO_GAO-12-820,GAO,7771,4
GAO_GAO-09-613T,GAO,2658,2
GAO_GAO-07-852T,GAO,5283,3
GAO_GAO-08-301,GAO,9009,5
GAO_GGD-98-181,GAO,14388,8
GAO_GAO-09-387,GAO,4114,3
GAO_GGD-95-156,GAO,9616,5
GAO_NSIAD-98-5,GAO,15379,8
GAO_GAO-10-809,GAO,17202,9
GAO_GAO-10-401T,GAO,7093,4
GAO_GAO-05-198,GAO,7849,4
GAO_GAO-17-677,GAO,7909,4
GAO_HEHS-95-134,GAO,4644,3
GAO_GAO-15-373T,GAO,10535,6
GAO_GAO-04-951T,GAO,3009,2
GAO_NSIAD-95-112,GAO,5916,3
GAO_GAO-11-783T,GAO,3063,2
GAO_GAO-16-79,GAO,12289,7
GAO_GAO-11-55,GAO,9845,5
GAO_GAO-02-224,GAO,9188,5
GAO_GAO-10-249,GAO,7481,4
GAO_GAO-14-576T,GAO,10885,6
GAO_GAO-05-42,GAO,8245,5
GAO_RCED-98-42,GAO,13083,7
GAO_GAO-06-1076,GAO,5498,3
GAO_RCED-95-238,GAO,9615,5
GAO_GAO-10-694,GAO,14829,8
GAO_GAO-10-917T,GAO,3295,2
GAO_GAO-03-1031,GAO,11553,6
GAO_GAO-15-651,GAO,9973,5
GAO_GAO-15-441,GAO,7324,4
GAO_T-RCED-98-185,GAO,8326,5
GAO_NSIAD-97-7,GAO,11306,6
GAO_GAO-15-327T,GAO,6344,4
GAO_RCED-95-7,GAO,4586,3
GAO_GAO-03-836,GAO,13422,7
GAO_T-HEHS-97-180,GAO,4062,2
GAO_HEHS-96-198,GAO,9815,5
GAO_GAO-13-238,GAO,17987,9
GAO_GAO-16-167,GAO,9774,5
GAO_NSIAD-96-65,GAO,12015,6
GAO_GAO-15-814,GAO,7266,4
GAO_GAO-14-190,GAO,7907,4
GAO_RCED-97-31,GAO,11270,6
GAO_HEHS-96-155,GAO,6518,4
GAO_GAO-15-418,GAO,9871,5
GAO_GAO-08-1176T,GAO,4098,3
GAO_GAO-16-500,GAO,7462,4
GAO_GAO-04-745T,GAO,5168,3
GAO_GAO-03-930T,GAO,7619,4
GAO_GAO-14-41,GAO,4140,3
GAO_GAO-06-445,GAO,5420,3
GAO_GAO-17-505T,GAO,3141,2
GAO_GAO-03-891,GAO,20290,10
GAO_AIMD-95-27,GAO,7119,4
GAO_GAO-02-525,GAO,13533,7
GAO_GAO-06-27,GAO,8566,5
GAO_GAO-03-1023,GAO,10598,6
GAO_GAO-07-693T,GAO,5611,3
GAO_GAO-09-840,GAO,9181,5
GAO_GAO-09-484T,GAO,4498,3
GAO_GAO-11-244T,GAO,3828,2
GAO_GAO-01-584,GAO,3134,2
GAO_GAO-06-1000T,GAO,6208,4
GAO_AIMD-95-84,GAO,15368,8
GAO_GAO-06-617,GAO,9826,5
GAO_GAO-08-226T,GAO,5373,3
GAO_GAO-14-104,GAO,15392,8
GAO_GAO-05-648T,GAO,5547,3
GAO_GAO-13-100,GAO,9443,5
GAO_HEHS-99-38,GAO,6772,4
GAO_GAO-02-409,GAO,4581,3
GAO_GAO-14-649T,GAO,4810,3
GAO_GAO-15-28,GAO,11411,6
GAO_T-GGD-99-78,GAO,4991,3
GAO_GAO-14-313,GAO,7367,4
GAO_GAO-11-751,GAO,18864,10
GAO_GAO-04-150T,GAO,10560,6
GAO_GAO-10-518,GAO,7842,4
GAO_GAO-13-17,GAO,10591,6
GAO_AIMD-99-22,GAO,6647,4
GAO_GAO-06-992T,GAO,2582,2
GAO_GAO-16-331,GAO,13029,7
GAO_GAO-10-105T,GAO,4102,3
GAO_GAO-10-686,GAO,10494,6
GAO_GAO-02-836T,GAO,4901,3
GAO_GAO-05-671,GAO,6447,4
GAO_GAO-01-324,GAO,5376,3
GAO_GAO-11-622,GAO,6717,4
GAO_GAO-06-267,GAO,11988,6
GAO_GAO-06-1129T,GAO,5280,3
GAO_GAO-15-812,GAO,11086,6
GAO_GAO-16-575,GAO,14351,8
GAO_GAO-14-478T,GAO,4150,3
GAO_GAO-07-498,GAO,12996,7
GAO_GGD-98-186,GAO,5497,3
GAO_GAO-14-698,GAO,6652,4
GAO_GAO-10-815T,GAO,6399,4
GAO_T-NSIAD-96-130,GAO,3945,2
GAO_GAO-10-493T,GAO,4284,3
GAO_GAO-12-704T,GAO,3467,2
GAO_T-RCED-99-104,GAO,3401,2
GAO_RCED-99-109,GAO,8845,5
GAO_AIMD-99-2,GAO,3362,2
GAO_GAO-15-257,GAO,19107,10
GAO_GAO-15-435,GAO,16643,9
GAO_GAO-13-269,GAO,4524,3
GAO_GAO-01-973,GAO,11838,6
GAO_GAO-05-242,GAO,7334,4
GAO_GAO-13-684,GAO,10178,5
GAO_GAO-08-740,GAO,13663,7
GAO_GAO-12-203T,GAO,4972,3
GAO_GAO-09-574,GAO,29354,15
GAO_GAO-16-403,GAO,17164,9
GAO_GGD-98-138,GAO,7829,4
GAO_GAO-16-672T,GAO,5259,3
GAO_GAO-17-484,GAO,11923,6
GAO_GAO-02-423,GAO,5679,3
GAO_GAO-09-432T,GAO,3974,2
GAO_GAO-07-559,GAO,6855,4
GAO_GAO-12-517,GAO,16730,9
GAO_AIMD-98-88,GAO,4463,3
GAO_GAO-03-358,GAO,20923,11
GAO_PEMD-96-5,GAO,5376,3
GAO_GAO-03-718T,GAO,3635,2
GAO_GAO-11-282,GAO,8316,5
GAO_GAO-06-1132,GAO,4221,3
GAO_GAO-17-400,GAO,11859,6
GAO_GAO-10-763,GAO,24628,13
GAO_GAO-16-74,GAO,10851,6
GAO_NSIAD-95-12,GAO,3921,2
GAO_GAO-05-304,GAO,7785,4
GAO_GAO-08-709T,GAO,4114,3
GAO_GAO-08-433T,GAO,4601,3
GAO_GAO-03-914,GAO,7251,4
GAO_GAO-08-265,GAO,17291,9
GAO_GAO-03-677T,GAO,4131,3
GAO_GAO-01-1075,GAO,3302,2
GAO_HEHS-97-9,GAO,10485,6
GAO_GAO-08-114T,GAO,3925,2
GAO_GAO-02-254,GAO,8897,5
GAO_GAO-04-76,GAO,12607,7
GAO_GAO-03-40,GAO,12182,6
GAO_GAO-06-161,GAO,17749,9
GAO_GGD-95-44,GAO,7539,4
GAO_GGD-97-27,GAO,7112,4
GAO_GAO-05-939T,GAO,7501,4
GAO_GAO-06-606T,GAO,5271,3
GAO_GAO-06-261,GAO,13625,7
GAO_GAO-16-565,GAO,11821,6
GAO_GAO-02-808,GAO,19069,10
GAO_T-RCED-97-200,GAO,8132,4
GAO_RCED-97-225,GAO,7250,4
GAO_GAO-10-54,GAO,6534,4
GAO_HEHS-95-113,GAO,11917,6
GAO_GAO-08-632,GAO,15276,8
GAO_GAO-13-762T,GAO,3273,2
GAO_GAO-06-1011,GAO,11112,6
GAO_T-HEHS-96-134,GAO,3023,2
GAO_GAO-13-734,GAO,9820,5
GAO_GAO-12-723T,GAO,3771,2
GAO_HEHS-98-154,GAO,19420,10
GAO_GAO-06-368,GAO,7295,4
GAO_GAO-08-859T,GAO,5577,3
GAO_GAO-17-231,GAO,8269,5
GAO_GAO-09-926T,GAO,3720,2
GAO_NSIAD-97-28,GAO,4237,3
GAO_GAO-07-1144T,GAO,4962,3
GAO_GAO-12-515T,GAO,9420,5
GAO_NSIAD-98-189,GAO,6292,4
GAO_GAO-17-320,GAO,14945,8
GAO_GAO-06-327,GAO,29573,15
GAO_GAO-09-639,GAO,5850,3
GAO_GAO-03-615,GAO,5194,3
GAO_GAO-15-530,GAO,8279,5
GAO_NSIAD-97-36,GAO,6022,3
GAO_GAO-14-696T,GAO,5280,3
GAO_GAO-15-499,GAO,15129,8
GAO_GAO-01-19,GAO,12819,7
GAO_GAO-16-287,GAO,11175,6
GAO_GAO-08-831,GAO,7210,4
GAO_GAO-14-204,GAO,16829,9
GAO_GAO-01-820T,GAO,3142,2
GAO_GAO-08-35,GAO,39869,20
GAO_GAO-07-6,GAO,14147,7
GAO_GAO-15-11,GAO,8504,5
GAO_GGD-00-16,GAO,13029,7
GAO_T-HEHS-98-91,GAO,2585,2
GAO_NSIAD-98-72,GAO,16084,8
GAO_GAO-10-922T,GAO,3227,2
GAO_GAO-03-14,GAO,7162,4
GAO_GAO-10-460,GAO,18699,10
GAO_NSIAD-95-29,GAO,3904,2
GAO_GAO-12-50,GAO,10474,6
GAO_GAO-09-976,GAO,8158,4
GAO_GAO-13-603,GAO,16068,8
GAO_GAO-17-65,GAO,25004,13
GAO_GAO-12-888,GAO,12735,7
GAO_HEHS-98-182,GAO,22421,11
GAO_GAO-14-153,GAO,6264,4
GAO_GAO-05-794T,GAO,7414,4
GAO_NSIAD-95-33,GAO,5483,3
GAO_GAO-16-290,GAO,9845,5
GAO_GAO-13-364,GAO,9348,5
GAO_GAO-09-351,GAO,12593,7
GAO_T-HEHS-97-88,GAO,3603,2
GAO_GAO-10-935,GAO,7858,4
GAO_GAO-13-84,GAO,10045,5
GAO_GAO-06-179T,GAO,7889,4
GAO_GAO-05-38,GAO,8566,5
GAO_GAO-02-650,GAO,4970,3
GAO_GAO-06-95,GAO,8907,5
GAO_GGD-95-60,GAO,50163,25
GAO_GAO-13-436,GAO,14221,7
GAO_GAO-05-741T,GAO,4306,3
GAO_GAO-15-117,GAO,5856,3
GAO_GAO-04-878,GAO,7838,4
GAO_GAO-07-836,GAO,8497,5
GAO_GAO-03-908T,GAO,2619,2
GAO_GAO-10-615T,GAO,3950,2
GAO_GGD-99-146,GAO,7486,4
GAO_AIMD-98-107,GAO,6794,4
GAO_NSIAD-95-114,GAO,3174,2
GAO_T-RCED-99-177,GAO,3157,2
GAO_GAO-13-304,GAO,26139,13
GAO_GAO-03-2,GAO,15880,8
GAO_RCED-98-94,GAO,8915,5
GAO_GAO-03-657,GAO,15226,8
GAO_GAO-03-646,GAO,8675,5
GAO_HEHS-95-152,GAO,8952,5
GAO_T-RCED-98-222,GAO,3774,2
GAO_GAO-07-262T,GAO,5485,3
GAO_GAO-09-440,GAO,6656,4
GAO_GAO-11-661,GAO,8720,5
GAO_GAO-05-252,GAO,5179,3
GAO_HEHS-99-59,GAO,8228,5
GAO_GAO-16-143T,GAO,6510,4
GAO_GAO-08-678,GAO,23914,12
GAO_GAO-17-261,GAO,7326,4
GAO_GAO-12-622,GAO,12282,6
GAO_T-AIMD-96-168,GAO,2669,2
GAO_GGD-98-110,GAO,9774,5
GAO_GAO-11-225,GAO,10220,5
GAO_GAO-05-540,GAO,11306,6
GAO_GAO-07-705,GAO,11414,6
GAO_NSIAD-97-88,GAO,7528,4
GAO_GAO-06-141,GAO,35003,18
GAO_GAO-07-256,GAO,5761,3
GAO_GAO-07-808,GAO,9456,5
GAO_GAO-07-98,GAO,7840,4
GAO_GAO-17-727,GAO,7587,4
GAO_RCED-96-89,GAO,10084,5
GAO_GAO-03-15,GAO,8715,5
GAO_NSIAD-98-7,GAO,8788,5
GAO_HEHS-97-34,GAO,12505,7
GAO_GAO-10-482,GAO,11776,6
GAO_GAO-08-67,GAO,12206,6
GAO_GAO-15-424,GAO,6297,4
GAO_GAO-10-418,GAO,14506,8
GAO_GAO-13-24,GAO,8418,5
GAO_GAO-10-636,GAO,17924,9
GAO_GAO-04-423,GAO,7465,4
GAO_T-RCED-98-229,GAO,5390,3
GAO_GAO-17-91,GAO,12696,7
GAO_GAO-07-453T,GAO,5875,3
GAO_GAO-04-143,GAO,9618,5
GAO_GAO-03-936T,GAO,6539,4
GAO_AIMD-96-101,GAO,6732,4
GAO_GAO-15-32,GAO,4448,3
GAO_GAO-13-381,GAO,10030,5
GAO_GAO-09-43,GAO,15365,8
GAO_GGD-95-32,GAO,5968,3
GAO_NSIAD-99-28,GAO,8990,5
GAO_GAO-04-615,GAO,20953,11
GAO_GAO-15-288,GAO,8861,5
GAO_GAO-08-195,GAO,12620,7
GAO_GAO-17-561,GAO,11529,6
GAO_GAO-03-322,GAO,10641,6
GAO_GAO-03-997T,GAO,5667,3
GAO_GAO-15-692T,GAO,4759,3
GAO_GAO-02-896,GAO,15194,8
GAO_GAO-13-646,GAO,7468,4
GAO_GAO-08-953,GAO,20733,11
GAO_HEHS-96-26,GAO,12587,7
GAO_GAO-12-905T,GAO,5460,3
GAO_GAO-14-133,GAO,5891,3
GAO_GAO-11-848,GAO,9384,5
GAO_GAO-16-137,GAO,6648,4
GAO_GAO-17-259,GAO,10746,6
GAO_GAO-13-543,GAO,7735,4
GAO_GAO-09-834,GAO,11279,6
GAO_GAO-16-83,GAO,6125,3
GAO_GAO-02-773,GAO,14828,8
GAO_GAO-02-360,GAO,107750,53
GAO_NSIAD-98-145,GAO,6785,4
GAO_GAO-15-846T,GAO,3815,2
GAO_GAO-10-14,GAO,12397,7
GAO_GAO-06-946,GAO,11444,6
GAO_GAO-13-604T,GAO,6781,4
GAO_HEHS-99-6,GAO,13959,7
GAO_GAO-16-250,GAO,10180,5
GAO_T-AIMD-96-12,GAO,2805,2
GAO_GAO-06-396,GAO,9270,5
GAO_GAO-08-844,GAO,16110,8
GAO_GAO-04-382,GAO,21926,11
GAO_T-AIMD-99-180,GAO,3718,2
GAO_GAO-09-5,GAO,6189,4
GAO_GAO-09-655,GAO,6835,4
GAO_GAO-17-305,GAO,10619,6
GAO_GAO-02-1021,GAO,3008,2
GAO_GAO-02-695T,GAO,5308,3
GAO_T-HEHS-96-158,GAO,3801,2
GAO_GAO-12-511T,GAO,3415,2
GAO_GAO-09-783T,GAO,4248,3
GAO_GAO-09-342,GAO,5824,3
GAO_GAO-11-587,GAO,10492,6
GAO_RCED-99-112,GAO,6982,4
GAO_GAO-11-835T,GAO,6590,4
GAO_GAO-02-798,GAO,11126,6
GAO_GAO-05-241,GAO,12120,6
GAO_HEHS-97-155,GAO,5394,3
GAO_GAO-04-296,GAO,8296,5
GAO_GAO-05-474,GAO,10902,6
GAO_GAO-08-596,GAO,8407,5
GAO_GAO-04-562T,GAO,4720,3
GAO_HEHS-95-156,GAO,6443,4
GAO_GAO-12-285,GAO,9915,5
GAO_GAO-09-42,GAO,4001,2
GAO_GAO-14-755,GAO,12079,6
GAO_NSIAD-98-151,GAO,8539,5
GAO_GAO-13-403T,GAO,5862,3
GAO_GAO-14-96,GAO,5460,3
GAO_GAO-02-771,GAO,12791,7
GAO_GAO-15-34,GAO,5440,3
GAO_AIMD-98-114,GAO,9408,5
GAO_GAO-02-617,GAO,7205,4
GAO_GAO-04-390,GAO,17626,9
GAO_GAO-11-286,GAO,13018,7
GAO_T-RCED-98-27,GAO,2569,2
GAO_GAO-10-849,GAO,8194,5
GAO_GAO-08-70,GAO,7873,4
GAO_GGD-95-6,GAO,9088,5
GAO_GAO-17-716,GAO,8786,5
GAO_GAO-12-672,GAO,6909,4
GAO_GAO-16-263,GAO,13317,7
GAO_GAO-04-78T,GAO,4364,3
GAO_RCED-98-199,GAO,8878,5
GAO_GAO-10-762,GAO,9642,5
GAO_GAO-14-368,GAO,19568,10
GAO_T-GGD-00-34,GAO,3560,2
GAO_GAO-17-164,GAO,14869,8
GAO_GAO-02-814T,GAO,4894,3
GAO_GAO-07-159,GAO,17813,9
GAO_GAO-15-513,GAO,15870,8
GAO_GAO-07-375,GAO,40831,20
GAO_GAO-15-214,GAO,4222,3
GAO_GAO-07-922T,GAO,3735,2
GAO_GAO-15-293,GAO,12100,6
GAO_GAO-01-289,GAO,9487,5
GAO_GAO-11-834T,GAO,3340,2
GAO_GAO-16-54,GAO,5794,3
GAO_GAO-01-810,GAO,54331,27
GAO_GAO-10-80,GAO,9968,5
GAO_GAO-11-536,GAO,10320,6
GAO_GAO-15-563,GAO,13323,7
GAO_GAO-05-257,GAO,8411,5
GAO_GGD-99-183,GAO,10679,6
GAO_T-HEHS-96-216,GAO,3064,2
GAO_GAO-17-504T,GAO,4687,3
GAO_HEHS-95-69,GAO,12042,6
GAO_GAO-12-290,GAO,8887,5
GAO_HEHS-95-180,GAO,8685,5
GAO_GAO-06-701T,GAO,5383,3
GAO_HEHS-97-20,GAO,8474,5
GAO_GAO-06-1004T,GAO,6397,4
GAO_GAO-02-313,GAO,9176,5
GAO_GAO-17-634,GAO,7460,4
GAO_GGD-96-128,GAO,30765,16
GAO_GAO-02-846,GAO,7625,4
GAO_GAO-09-497,GAO,16163,8
GAO_GAO-07-991T,GAO,3460,2
GAO_GAO-06-517,GAO,8804,5
GAO_GAO-11-298,GAO,5475,3
GAO_T-AIMD-98-101,GAO,6264,4
GAO_GAO-03-811,GAO,12303,7
GAO_GAO-09-36,GAO,19795,10
GAO_GAO-02-348,GAO,7695,4
GAO_GAO-15-598,GAO,9666,5
GAO_GAO-13-6,GAO,6163,4
GAO_GAO-03-475,GAO,9972,5
GAO_GAO-03-88,GAO,8278,5
GAO_GAO-15-634T,GAO,3237,2
GAO_NSIAD-97-60,GAO,4582,3
GAO_GAO-04-887T,GAO,4421,3
GAO_GAO-17-653,GAO,3222,2
GAO_GAO-16-353,GAO,14789,8
GAO_RCED-95-9,GAO,12743,7
GAO_NSIAD-96-3,GAO,3977,2
GAO_AIMD-96-61,GAO,4172,3
GAO_GAO-10-547T,GAO,2720,2
GAO_OSI-98-4,GAO,15009,8
GAO_GAO-04-996T,GAO,3604,2
GAO_GAO-15-791,GAO,8035,4
GAO_GAO-11-771T,GAO,7062,4
GAO_T-GGD-99-148,GAO,7087,4
GAO_GAO-05-686,GAO,10791,6
GAO_GAO-11-610T,GAO,5240,3
GAO_NSIAD-95-9,GAO,10653,6
GAO_GAO-03-807T,GAO,3754,2
GAO_GAO-13-195,GAO,15597,8
GAO_T-GGD-99-99,GAO,4000,2
GAO_AIMD-99-11,GAO,4701,3
GAO_GAO-04-339,GAO,13186,7
GAO_GAO-13-683,GAO,10862,6
GAO_GAO-12-841T,GAO,6934,4
GAO_AIMD-97-46,GAO,18711,10
GAO_GAO-04-569T,GAO,4911,3
GAO_HEHS-99-100,GAO,11155,6
GAO_GAO-01-577,GAO,5514,3
GAO_HEHS-96-30,GAO,8405,5
GAO_GGD-97-34,GAO,13156,7
GAO_RCED-98-97,GAO,17850,9
GAO_GAO-11-21,GAO,11714,6
GAO_GAO-06-620,GAO,8205,5
GAO_GAO-16-555,GAO,15640,8
GAO_GAO-02-599T,GAO,13120,7
GAO_GAO-04-902R,GAO,7129,4
GAO_GAO-05-482,GAO,7300,4
GAO_GGD-99-15,GAO,16147,8
GAO_GAO-01-632,GAO,6058,3
GAO_GAO-17-524,GAO,4221,3
GAO_GAO-12-695,GAO,8822,5
GAO_GAO-07-336,GAO,13381,7
GAO_HEHS-98-106,GAO,3898,2
GAO_GAO-10-242,GAO,8533,5
GAO_GAO-06-290,GAO,8423,5
GAO_GAO-06-915T,GAO,6719,4
GAO_GAO-06-603,GAO,11666,6
GAO_HEHS-99-2,GAO,8488,5
GAO_GAO-01-951,GAO,14648,8
GAO_GAO-07-119,GAO,24322,12
GAO_T-RCED-96-157,GAO,3697,2
GAO_GAO-17-316,GAO,15088,8
GAO_RCED-97-16,GAO,8298,5
GAO_GAO-08-182,GAO,15936,8
GAO_GAO-06-875T,GAO,7825,4
GAO_RCED-95-3,GAO,14207,7
GAO_GAO-17-8,GAO,19964,10
GAO_GGD-98-92,GAO,16022,8
GAO_GAO-01-753T,GAO,2958,2
GAO_GAO-01-661T,GAO,2651,2
GAO_GAO-11-700,GAO,18269,9
GAO_T-AIMD-97-34,GAO,2906,2
GAO_GAO-12-915,GAO,10445,6
GAO_GAO-09-733,GAO,10813,6
GAO_GAO-15-312,GAO,10027,5
GAO_GAO-06-419T,GAO,5031,3
GAO_GAO-16-202,GAO,13689,7
GAO_GGD-95-68,GAO,27244,14
GAO_GAO-06-449,GAO,7062,4
GAO_GAO-01-779,GAO,8886,5
GAO_GAO-12-421,GAO,3426,2
GAO_GAO-05-339,GAO,12840,7
GAO_GAO-16-526,GAO,7363,4
GAO_HEHS-98-121,GAO,6986,4
GAO_GAO-08-6,GAO,8353,5
GAO_GAO-09-606,GAO,22799,12
GAO_GAO-07-164,GAO,9966,5
GAO_GAO-04-938,GAO,4084,2
GAO_GAO-07-741T,GAO,13758,7
GAO_GAO-09-516T,GAO,3079,2
GAO_NSIAD-96-12,GAO,6947,4
GAO_GAO-14-658T,GAO,5614,3
GAO_GAO-01-345,GAO,9836,5
GAO_GAO-05-486,GAO,4483,3
GAO_GAO-07-127,GAO,6948,4
GAO_GAO-14-226T,GAO,6457,4
GAO_GAO-12-150,GAO,6265,4
GAO_RCED-99-13,GAO,9665,5
GAO_GAO-11-660,GAO,13713,7
GAO_GAO-04-578T,GAO,9001,5
GAO_GAO-05-727,GAO,21067,11
GAO_GAO-06-18,GAO,15530,8
GAO_GAO-13-612,GAO,4854,3
GAO_GAO-14-434,GAO,4769,3
GAO_GAO-17-97,GAO,8777,5
GAO_RCED-98-174,GAO,33068,17
GAO_GAO-17-168,GAO,17609,9
GAO_GAO-12-885,GAO,13207,7
GAO_RCED-96-211,GAO,5573,3
GAO_GGD-95-120,GAO,17031,9
GAO_GAO-03-919,GAO,11246,6
GAO_GAO-08-1181T,GAO,3854,2
GAO_GAO-10-12,GAO,18063,9
GAO_GAO-15-279,GAO,5186,3
GAO_GAO-09-567,GAO,5575,3
GAO_RCED-96-125,GAO,3667,2
GAO_GAO-10-456,GAO,9124,5
GAO_GAO-16-667,GAO,7596,4
GAO_GAO-10-202,GAO,15974,8
GAO_GAO-16-425,GAO,15904,8
GAO_GAO-04-753,GAO,8959,5
GAO_GAO-13-118,GAO,7567,4
GAO_GAO-17-748,GAO,7993,4
GAO_GAO-08-411T,GAO,4878,3
GAO_GAO-07-626T,GAO,6303,4
GAO_GAO-12-701,GAO,10406,6
GAO_HEHS-96-8,GAO,23869,12
GAO_NSIAD-97-119,GAO,6736,4
GAO_RCED-98-4,GAO,8518,5
GAO_GAO-07-501T,GAO,9686,5
GAO_NSIAD-96-198,GAO,8487,5
GAO_GAO-11-957T,GAO,3886,2
GAO_NSIAD-98-97,GAO,9121,5
GAO_GAO-06-494,GAO,7639,4
GAO_GAO-14-712T,GAO,5873,3
GAO_GAO-04-282,GAO,7456,4
GAO_GAO-12-98,GAO,4374,3
GAO_GAO-06-983T,GAO,5435,3
GAO_T-AIMD-98-305,GAO,4361,3
GAO_GAO-06-1005T,GAO,6012,3
GAO_T-AIMD-99-177,GAO,2802,2
GAO_GAO-15-365,GAO,20619,11
GAO_PEMD-95-8,GAO,16758,9
GAO_GAO-17-502,GAO,6446,4
GAO_GAO-07-873T,GAO,2505,2
GAO_GAO-10-369,GAO,9761,5
GAO_GAO-15-271,GAO,7740,4
GAO_GGD-99-134,GAO,14331,7
GAO_GGD-97-49,GAO,5189,3
GAO_NSIAD-98-60,GAO,10636,6
GAO_GAO-06-19,GAO,22197,11
GAO_GAO-04-473T,GAO,7705,4
GAO_GGD-99-180,GAO,14727,8
GAO_NSIAD-96-41,GAO,13365,7
GAO_RCED-99-191,GAO,9564,5
GAO_GAO-10-589,GAO,10449,6
GAO_GAO-01-883,GAO,10987,6
GAO_GAO-14-601T,GAO,3278,2
GAO_GGD-98-153,GAO,54673,27
GAO_T-RCED-99-159,GAO,6746,4
GAO_GAO-17-234,GAO,15386,8
GAO_GAO-05-377,GAO,21396,11
GAO_T-HEHS-96-215,GAO,3940,2
GAO_GAO-08-1056T,GAO,5526,3
GAO_GAO-12-535,GAO,3977,2
GAO_GAO-07-28,GAO,18359,9
GAO_GAO-01-489,GAO,12550,7
GAO_GAO-12-1022,GAO,8225,5
GAO_GAO-14-592,GAO,12352,7
GAO_GAO-12-657T,GAO,4543,3
GAO_GAO-08-496T,GAO,6692,4
GAO_GAO-08-787,GAO,13755,7
GAO_GAO-10-188T,GAO,4657,3
GAO_GAO-12-437,GAO,13892,7
GAO_GAO-13-246,GAO,5699,3
GAO_GAO-14-159,GAO,21011,11
GAO_GAO-02-539T,GAO,4513,3
GAO_GAO-12-7,GAO,10819,6
GAO_GAO-07-387,GAO,21024,11
GAO_GAO-17-130,GAO,6851,4
GAO_GAO-07-1248T,GAO,3622,2
GAO_GAO-08-37,GAO,10627,6
GAO_GAO-06-318T,GAO,9605,5
GAO_GAO-01-761,GAO,7424,4
GAO_GAO-16-84T,GAO,5312,3
GAO_GAO-12-344,GAO,5770,3
GAO_GGD-96-129A,GAO,11324,6
GAO_GAO-12-322,GAO,8395,5
GAO_GAO-06-813,GAO,10434,6
GAO_GAO-09-199,GAO,8736,5
GAO_GGD-96-150,GAO,7810,4
GAO_GAO-02-816T,GAO,2347,2
GAO_AIMD-96-55,GAO,4077,2
GAO_GAO-14-5,GAO,16805,9
GAO_GAO-09-956T,GAO,3380,2
GAO_GAO-14-470,GAO,6197,4
GAO_GAO-13-175,GAO,14188,7
GAO_GAO-14-445,GAO,18347,9
GAO_GAO-02-72,GAO,13438,7
GAO_GAO-02-136,GAO,8233,5
GAO_GAO-06-840T,GAO,4100,3
GAO_GAO-13-430,GAO,3933,2
GAO_GAO-07-1228T,GAO,5181,3
GAO_GAO-01-852T,GAO,6495,4
GAO_GAO-08-294,GAO,13363,7
GAO_GAO-08-88,GAO,10765,6
GAO_GAO-11-473,GAO,6877,4
GAO_GAO-16-545,GAO,7220,4
GAO_GAO-16-49,GAO,13786,7
GAO_GAO-04-781T,GAO,8114,4
GAO_GAO-13-432,GAO,37006,19
GAO_GAO-11-94,GAO,13065,7
GAO_GAO-03-712T,GAO,9053,5
GAO_GAO-06-711T,GAO,5391,3
GAO_GAO-07-140,GAO,9190,5
GAO_GAO-01-735,GAO,4571,3
GAO_GAO-16-554,GAO,12151,6
GAO_GAO-05-189,GAO,20375,10
GAO_GAO-10-189,GAO,14883,8
GAO_T-AIMD-96-103,GAO,6163,4
GAO_GAO-16-337,GAO,14793,8
GAO_GAO-03-310,GAO,11657,6
GAO_GAO-17-538,GAO,27060,14
GAO_GAO-17-94,GAO,7216,4
GAO_GAO-05-161,GAO,13697,7
GAO_GAO-06-585T,GAO,4612,3
GAO_GAO-10-44,GAO,9445,5
GAO_GAO-04-380,GAO,10784,6
GAO_GAO-08-527T,GAO,4552,3
GAO_GAO-07-1034,GAO,12114,6
GAO_RCED-98-49,GAO,13955,7
GAO_GAO-11-649T,GAO,3672,2
GAO_T-HEHS-98-207,GAO,3823,2
GAO_GAO-04-933,GAO,8760,5
GAO_GAO-02-352,GAO,18745,10
GAO_GAO-17-127,GAO,11654,6
GAO_GAO-06-446,GAO,8019,4
GAO_GAO-02-717,GAO,4221,3
GAO_GAO-06-807,GAO,19275,10
GAO_GAO-15-126,GAO,4865,3
GAO_GAO-04-511,GAO,21192,11
GAO_GAO-08-325,GAO,16489,9
GAO_T-AIMD-96-92,GAO,2836,2
GAO_GAO-06-638,GAO,16189,8
GAO_GGD-95-75,GAO,12459,7
GAO_GAO-01-568,GAO,3578,2
GAO_RCED-97-229,GAO,14780,8
GAO_GAO-10-790,GAO,12115,6
GAO_GAO-08-706T,GAO,10909,6
GAO_GAO-09-273,GAO,16002,8
GAO_GAO-12-163,GAO,18105,9
GAO_T-AIMD-99-102,GAO,4077,2
GAO_GAO-04-381,GAO,7624,4
GAO_GAO-04-866,GAO,20985,11
GAO_GAO-12-713T,GAO,4373,3
GAO_GAO-14-737T,GAO,4932,3
GAO_GAO-04-70,GAO,11231,6
GAO_GGD-95-90,GAO,11299,6
GAO_GAO-03-621T,GAO,5248,3
GAO_GAO-13-296,GAO,12297,7
GAO_GAO-14-329,GAO,6914,4
GAO_GAO-06-42,GAO,8905,5
GAO_T-HEHS-99-111,GAO,3893,2
GAO_GAO-05-670,GAO,14263,7
GAO_GAO-06-930T,GAO,5608,3
GAO_GAO-10-120,GAO,20683,11
GAO_GAO-06-370T,GAO,3544,2
GAO_GAO-13-25,GAO,12572,7
GAO_GAO-03-738T,GAO,3697,2
GAO_GAO-05-457,GAO,16280,8
GAO_GAO-11-515,GAO,17179,9
GAO_GAO-06-780,GAO,5245,3
GAO_AIMD-00-100,GAO,6894,4
GAO_GAO-07-685T,GAO,8555,5
GAO_GAO-07-1023T,GAO,4601,3
GAO_GAO-05-777,GAO,7679,4
GAO_RCED-96-4,GAO,11318,6
GAO_GAO-10-206,GAO,18203,9
GAO_GAO-13-776,GAO,11753,6
GAO_GAO-12-18,GAO,35122,18
GAO_AIMD-95-169,GAO,6565,4
GAO_GAO-09-136,GAO,7821,4
GAO_GAO-09-865,GAO,7698,4
GAO_GAO-03-149,GAO,9627,5
GAO_GGD-99-167,GAO,3085,2
GAO_GAO-04-659,GAO,6342,4
GAO_GAO-07-91,GAO,13100,7
GAO_GAO-08-253T,GAO,4537,3
GAO_HEHS-96-133,GAO,15224,8
GAO_HEHS-98-134,GAO,6366,4
GAO_GAO-01-144,GAO,9581,5
GAO_GAO-05-285T,GAO,6231,4
GAO_GAO-14-444,GAO,7100,4
GAO_GAO-03-141,GAO,3413,2
GAO_GAO-12-280,GAO,7990,4
GAO_GAO-06-9,GAO,13081,7
GAO_GAO-14-361,GAO,14124,7
GAO_GAO-03-606T,GAO,4612,3
GAO_GGD-96-158,GAO,13676,7
GAO_GAO-09-332T,GAO,3752,2
GAO_NSIAD-97-20,GAO,11243,6
GAO_GAO-12-712,GAO,7403,4
GAO_RCED-96-6,GAO,12349,7
GAO_GAO-15-544,GAO,12349,7
GAO_GAO-12-303,GAO,10706,6
GAO_GAO-15-658,GAO,8793,5
GAO_GAO-09-478T,GAO,4288,3
GAO_GAO-01-715T,GAO,3230,2
GAO_GAO-17-426,GAO,10750,6
GAO_GAO-10-911T,GAO,6440,4
GAO_GAO-09-909T,GAO,9450,5
GAO_GAO-04-555,GAO,7066,4
GAO_AIMD-95-188,GAO,6306,4
GAO_GAO-10-494T,GAO,2343,2
GAO_GAO-11-522T,GAO,2427,2
GAO_GAO-16-616,GAO,9988,5
GAO_GAO-06-79,GAO,23154,12
GAO_GAO-10-119,GAO,26165,13
GAO_GAO-09-353,GAO,11095,6
GAO_GAO-14-499,GAO,13724,7
GAO_GAO-01-724,GAO,14348,8
GAO_AIMD-99-65,GAO,6143,3
GAO_GAO-04-606,GAO,11337,6
GAO_NSIAD-96-43,GAO,4480,3
GAO_GAO-13-618,GAO,15432,8
GAO_NSIAD-00-214,GAO,4046,2
GAO_GAO-17-258,GAO,17952,9
GAO_GAO-10-27,GAO,13414,7
GAO_HEHS-96-141,GAO,6450,4
GAO_GAO-12-326,GAO,11376,6
GAO_GAO-12-593,GAO,14256,7
GAO_GAO-16-521,GAO,9029,5
GAO_GAO-16-709,GAO,4165,3
GAO_HEHS-96-71,GAO,4984,3
GAO_GAO-07-696,GAO,17891,9
GAO_GAO-04-306,GAO,17443,9
GAO_GAO-12-538,GAO,14212,7
GAO_GAO-17-648,GAO,12791,7
GAO_GAO-03-452T,GAO,4111,3
GAO_GAO-11-615T,GAO,3424,2
GAO_NSIAD-96-126,GAO,5176,3
GAO_GAO-09-475T,GAO,4723,3
GAO_GAO-17-25,GAO,10302,6
GAO_GAO-05-880T,GAO,5340,3
GAO_GAO-08-913,GAO,11672,6
GAO_GAO-14-138T,GAO,7582,4
GAO_GAO-12-472,GAO,7670,4
GAO_GAO-01-664,GAO,21989,11
GAO_GAO-07-478,GAO,11223,6
GAO_NSIAD-96-202,GAO,6369,4
GAO_AIMD-97-67,GAO,7797,4
GAO_GAO-03-434,GAO,11499,6
GAO_GAO-09-403T,GAO,4608,3
GAO_GAO-10-999,GAO,98155,48
GAO_GAO-02-138,GAO,23901,12
GAO_AIMD-97-31,GAO,12832,7
GAO_RCED-99-47,GAO,12538,7
GAO_GAO-06-324,GAO,8826,5
GAO_GAO-15-588,GAO,4639,3
GAO_GAO-05-853T,GAO,5981,3
GAO_GAO-15-322,GAO,11509,6
GAO_GAO-09-769,GAO,11257,6
GAO_GAO-03-497T,GAO,3199,2
GAO_GAO-03-969T,GAO,4735,3
GAO_GAO-14-539,GAO,12218,6
GAO_GAO-04-868,GAO,6020,3
GAO_GAO-03-1165T,GAO,19144,10
GAO_GAO-05-335,GAO,11103,6
GAO_GAO-04-842,GAO,12061,6
GAO_GAO-15-540,GAO,10584,6
GAO_GAO-09-228,GAO,9689,5
GAO_GAO-14-142T,GAO,2944,2
GAO_GAO-14-55,GAO,9699,5
GAO_GAO-09-434,GAO,10607,6
GAO_GAO-12-812T,GAO,2506,2
GAO_GAO-04-639,GAO,9582,5
GAO_GAO-08-705,GAO,14347,8
GAO_HEHS-98-80,GAO,6606,4
GAO_GAO-06-481T,GAO,6485,4
GAO_GAO-13-265,GAO,12496,7
GAO_GAO-14-136,GAO,10333,6
GAO_GAO-08-826,GAO,5398,3
GAO_T-GGD-98-146,GAO,3907,2
GAO_GAO-09-427T,GAO,3934,2
GAO_GAO-01-450,GAO,5724,3
GAO_GAO-08-907T,GAO,3393,2
GAO_GAO-04-533T,GAO,11007,6
GAO_GAO-17-228,GAO,8736,5
GAO_GAO-05-994T,GAO,6900,4
GAO_GAO-06-337,GAO,12696,7
GAO_GAO-06-415,GAO,4572,3
GAO_GAO-07-824T,GAO,2787,2
GAO_HEHS-98-158,GAO,14507,8
GAO_T-NSIAD-98-129,GAO,4309,3
GAO_GAO-16-657,GAO,7048,4
GAO_GAO-16-413T,GAO,4755,3
GAO_GAO-07-574T,GAO,5314,3
GAO_GAO-17-638,GAO,9045,5
GAO_GAO-04-748,GAO,9654,5
GAO_GAO-08-110,GAO,21477,11
GAO_NSIAD-98-39,GAO,6914,4
GAO_GAO-04-370,GAO,12282,6
GAO_GAO-07-777T,GAO,5201,3
GAO_T-RCED-99-103,GAO,2625,2
GAO_GAO-03-355,GAO,10255,6
GAO_GAO-11-346,GAO,13493,7
GAO_GAO-06-166,GAO,14136,7
GAO_RCED-97-193,GAO,23315,12
GAO_GAO-01-232,GAO,13616,7
GAO_HEHS-99-48,GAO,10397,6
GAO_GGD-99-14,GAO,7116,4
GAO_AIMD-96-84,GAO,11274,6
GAO_GAO-01-430,GAO,9667,5
GAO_GAO-06-747T,GAO,6222,4
GAO_NSIAD-99-73,GAO,5637,3
GAO_HEHS-96-18,GAO,10319,6
GAO_GAO-08-187,GAO,19230,10
GAO_GAO-05-379,GAO,14367,8
GAO_GAO-03-1091,GAO,21945,11
GAO_GAO-13-131,GAO,9621,5
GAO_RCED-95-218,GAO,18939,10
GAO_GAO-17-601,GAO,6991,4
GAO_PEMD-95-12,GAO,24614,13
GAO_GAO-13-209,GAO,5884,3
GAO_NSIAD-98-14,GAO,6603,4
GAO_GAO-04-704,GAO,6186,4
GAO_GAO-02-747,GAO,8625,5
GAO_RCED-98-150,GAO,20293,10
GAO_GAO-15-149,GAO,6728,4
GAO_GAO-03-734,GAO,17264,9
GAO_GAO-03-278,GAO,4369,3
GAO_GGD-98-187,GAO,3142,2
GAO_PEMD-96-4,GAO,3043,2
GAO_GAO-15-516,GAO,24446,12
GAO_GAO-11-845,GAO,8832,5
GAO_NSIAD-95-160,GAO,5049,3
GAO_GAO-02-550T,GAO,7982,4
GAO_GAO-16-860T,GAO,6539,4
GAO_GAO-02-192T,GAO,4504,3
GAO_GAO-08-764,GAO,7080,4
GAO_GAO-11-252,GAO,23858,12
GAO_GAO-14-183T,GAO,3582,2
GAO_GAO-04-6,GAO,17588,9
GAO_GAO-14-279,GAO,7869,4
GAO_GGD-00-45,GAO,3744,2
GAO_NSIAD-96-11,GAO,5440,3
GAO_GAO-13-662,GAO,9601,5
GAO_GAO-10-492,GAO,19278,10
GAO_GAO-02-693,GAO,8612,5
GAO_GAO-04-1069,GAO,5871,3
GAO_GAO-02-1105T,GAO,2996,2
GAO_GAO-05-574T,GAO,10515,6
GAO_RCED-98-114,GAO,9670,5
GAO_GAO-14-328T,GAO,8295,5
GAO_GAO-05-7,GAO,11858,6
GAO_GAO-02-10,GAO,11547,6
GAO_GAO-02-805T,GAO,7520,4
GAO_GAO-13-460,GAO,10708,6
GAO_GAO-12-688T,GAO,8321,5
GAO_GAO-09-381T,GAO,2421,2
GAO_GAO-01-284,GAO,15189,8
GAO_GAO-13-164T,GAO,3059,2
GAO_GAO-08-374,GAO,17896,9
GAO_NSIAD-98-245,GAO,3940,2
GAO_GAO-16-47,GAO,10254,6
GAO_GAO-09-494,GAO,8812,5
GAO_GAO-02-158,GAO,7012,4
GAO_GAO-01-617,GAO,6052,3
GAO_GAO-03-555,GAO,37214,19
GAO_GAO-09-277,GAO,14300,7
GAO_GAO-13-101,GAO,22996,12
GAO_GAO-02-931T,GAO,3081,2
GAO_AIMD-96-9FS,GAO,9839,5
GAO_GAO-05-863T,GAO,5661,3
GAO_GAO-10-848,GAO,29756,15
GAO_GAO-16-128,GAO,6059,3
GAO_GAO-06-597T,GAO,14102,7
GAO_GAO-17-147,GAO,10675,6
GAO_GAO-14-264,GAO,20742,11
GAO_GAO-04-1024,GAO,16360,8
GAO_GAO-05-681,GAO,7054,4
GAO_GAO-01-359,GAO,5513,3
GAO_GAO-02-806,GAO,7226,4
GAO_GAO-10-528,GAO,8875,5
GAO_GAO-13-200,GAO,10623,6
GAO_GAO-16-86,GAO,14043,7
GAO_GAO-16-33,GAO,8941,5
GAO_NSIAD-96-32,GAO,5222,3
GAO_GAO-07-725T,GAO,2828,2
GAO_GAO-05-370,GAO,29682,15
GAO_GAO-07-236,GAO,12022,6
GAO_GAO-13-691,GAO,13085,7
GAO_GAO-15-460,GAO,4811,3
GAO_GAO-07-1094,GAO,6413,4
GAO_T-RCED-96-205,GAO,6398,4
GAO_HEHS-96-142,GAO,12728,7
GAO_GAO-11-505T,GAO,4838,3
GAO_GAO-03-987T,GAO,6433,4
GAO_GAO-02-936T,GAO,2217,2
GAO_GAO-11-523,GAO,8100,4
GAO_GAO-01-902,GAO,5630,3
GAO_GAO-04-472,GAO,8674,5
GAO_GAO-07-875,GAO,14248,7
GAO_GAO-16-671T,GAO,5183,3
GAO_GAO-11-873,GAO,15870,8
GAO_T-OGC-98-38,GAO,3033,2
GAO_GAO-06-668,GAO,14757,8
GAO_GAO-12-449T,GAO,14882,8
GAO_GAO-11-290,GAO,17481,9
GAO_GAO-05-271,GAO,8958,5
GAO_T-GGD-98-17,GAO,3809,2
GAO_GAO-01-971,GAO,4411,3
GAO_GAO-10-125,GAO,15983,8
GAO_GAO-12-160,GAO,16474,9
GAO_RCED-95-36,GAO,6387,4
GAO_GAO-07-104,GAO,10382,6
GAO_GAO-07-579,GAO,5035,3
GAO_GAO-07-14,GAO,12520,7
GAO_T-GGD-97-53,GAO,3573,2
GAO_GAO-05-821,GAO,8732,5
GAO_GAO-05-585,GAO,8613,5
GAO_GAO-10-761T,GAO,5139,3
GAO_T-AIMD-98-20,GAO,3482,2
GAO_GAO-15-27,GAO,7087,4
GAO_AIMD-96-65,GAO,6051,3
GAO_GAO-03-39,GAO,8923,5
GAO_GAO-11-692T,GAO,4341,3
GAO_GAO-13-740,GAO,14180,7
GAO_GAO-02-268,GAO,12631,7
GAO_GAO-12-53,GAO,12349,7
GAO_NSIAD-97-117,GAO,5375,3
GAO_GAO-11-892,GAO,9471,5
GAO_GAO-10-286T,GAO,5537,3
GAO_GAO-07-765,GAO,5763,3
GAO_GAO-01-943,GAO,4975,3
GAO_GAO-13-525,GAO,9832,5
GAO_GAO-09-546,GAO,16106,8
GAO_T-HEHS-96-210,GAO,3014,2
GAO_GAO-11-743,GAO,18952,10
GAO_T-RCED-96-247,GAO,5648,3
GAO_GAO-13-268,GAO,12663,7
GAO_GAO-08-254T,GAO,4755,3
GAO_OSI-96-2,GAO,5984,3
GAO_GAO-15-771,GAO,5703,3
GAO_GAO-08-233T,GAO,6237,4
GAO_GAO-17-704,GAO,12255,6
GAO_GAO-13-711,GAO,9340,5
GAO_GAO-15-102,GAO,13828,7
GAO_T-AIMD-98-276,GAO,7854,4
GAO_RCED-99-132,GAO,11088,6
GAO_NSIAD-96-10,GAO,3663,2
GAO_GAO-17-633T,GAO,3602,2
GAO_GAO-12-649,GAO,12012,6
GAO_GAO-09-48,GAO,16853,9
GAO_GAO-13-479,GAO,3801,2
GAO_GAO-07-1000,GAO,9887,5
GAO_GAO-16-612,GAO,11473,6
GAO_GAO-02-296,GAO,10205,5
GAO_GGD-98-176,GAO,4386,3
GAO_GAO-12-244,GAO,8504,5
GAO_GAO-15-265,GAO,11413,6
GAO_GAO-15-247,GAO,8924,5
GAO_GAO-08-1082,GAO,14787,8
GAO_GAO-12-357,GAO,11369,6
GAO_GAO-14-437,GAO,9702,5
GAO_GAO-04-123T,GAO,2721,2
GAO_GAO-12-895T,GAO,3144,2
GAO_GAO-02-249,GAO,8482,5
GAO_GAO-09-518,GAO,26806,14
GAO_GAO-05-45,GAO,9135,5
GAO_GAO-11-93,GAO,24810,13
GAO_GAO-07-491T,GAO,11565,6
GAO_GAO-16-819,GAO,14068,7
GAO_GAO-04-632,GAO,15883,8
GAO_GAO-03-1005,GAO,6774,4
GAO_GAO-14-474,GAO,10989,6
GAO_GAO-04-421,GAO,11757,6
GAO_GAO-08-950,GAO,11298,6
GAO_GAO-04-608,GAO,8642,5
GAO_GAO-07-242,GAO,14866,8
GAO_GAO-13-613,GAO,5912,3
GAO_GAO-04-588T,GAO,7546,4
GAO_GAO-03-258,GAO,7682,4
GAO_GAO-07-320,GAO,12979,7
GAO_T-RCED-99-120,GAO,2904,2
GAO_NSIAD-96-176,GAO,3641,2
GAO_GAO-05-955,GAO,4770,3
GAO_GAO-03-686,GAO,13108,7
GAO_GAO-14-394T,GAO,3248,2
GAO_GAO-09-144,GAO,16527,9
GAO_GAO-15-189,GAO,8271,5
GAO_GAO-04-478T,GAO,3629,2
GAO_RCED-97-67,GAO,7614,4
GAO_GAO-14-480,GAO,11846,6
GAO_GAO-10-136,GAO,34788,17
GAO_GAO-08-3,GAO,6261,4
GAO_GAO-16-56,GAO,8431,5
GAO_GAO-07-708,GAO,16328,8
GAO_GAO-03-55,GAO,8798,5
GAO_GAO-10-823,GAO,9557,5
GAO_GAO-02-376,GAO,6934,4
GAO_GAO-13-421,GAO,9962,5
GAO_RCED-97-9,GAO,9789,5
GAO_GAO-06-996,GAO,6495,4
GAO_GAO-09-395,GAO,7033,4
GAO_T-HEHS-99-93,GAO,3000,2
GAO_GAO-06-84,GAO,7270,4
GAO_GAO-06-521,GAO,12184,6
GAO_GAO-01-736T,GAO,4872,3
GAO_GAO-06-785,GAO,7456,4
GAO_GAO-07-832T,GAO,7156,4
GAO_GAO-15-469,GAO,7240,4
GAO_GAO-04-777,GAO,19305,10
GAO_GAO-03-253,GAO,13403,7
GAO_RCED-96-8,GAO,5914,3
GAO_GAO-05-818,GAO,12618,7
GAO_GAO-14-194,GAO,21840,11
GAO_GGD-95-14,GAO,17819,9
GAO_GAO-10-23,GAO,21374,11
GAO_GAO-12-254T,GAO,5602,3
GAO_GAO-06-859,GAO,13800,7
GAO_GAO-16-395,GAO,7124,4
GAO_GGD-99-43,GAO,4085,2
GAO_RCED-97-228,GAO,6335,4
GAO_GAO-14-621,GAO,20307,10
GAO_GAO-06-660T,GAO,5200,3
GAO_GAO-15-589,GAO,13443,7
GAO_GAO-10-203,GAO,16695,9
GAO_GAO-03-520,GAO,15676,8
GAO_GAO-01-18,GAO,6273,4
GAO_GAO-11-677T,GAO,6126,3
GAO_GAO-01-461,GAO,5747,3
GAO_GAO-02-8,GAO,9094,5
GAO_RCED-99-49,GAO,38963,20
GAO_GAO-11-223,GAO,15223,8
GAO_GAO-06-306,GAO,18506,10
GAO_GAO-05-729T,GAO,7720,4
GAO_GAO-14-707,GAO,3975,2
GAO_GAO-17-346SP,GAO,57661,29
GAO_GAO-16-399,GAO,9169,5
GAO_GAO-14-580,GAO,4957,3
GAO_GAO-05-163,GAO,16464,9
GAO_GAO-05-373,GAO,15587,8
GAO_GAO-02-679T,GAO,3348,2
GAO_GAO-05-619T,GAO,4321,3
GAO_GAO-16-393,GAO,10164,5
GAO_GAO-03-752,GAO,10659,6
GAO_GAO-05-24,GAO,12070,6
GAO_GGD-98-44,GAO,52217,26
GAO_GAO-03-489,GAO,5411,3
GAO_GAO-01-792,GAO,5703,3
GAO_GAO-02-460,GAO,5937,3
GAO_GGD-96-32,GAO,5126,3
GAO_GAO-02-1041,GAO,22396,11
GAO_GAO-03-1146T,GAO,5230,3
GAO_GAO-06-111,GAO,10054,5
GAO_GAO-11-919T,GAO,4209,3
GAO_GAO-05-874,GAO,9081,5
GAO_GAO-13-368,GAO,7050,4
GAO_HEHS-95-201,GAO,6639,4
GAO_GAO-12-585,GAO,18675,10
GAO_GAO-15-759,GAO,12962,7
GAO_GAO-10-225,GAO,9191,5
GAO_OCE-95-119,GAO,5555,3
GAO_GAO-17-152,GAO,14248,7
GAO_GAO-09-83,GAO,14319,7
GAO_GAO-11-238T,GAO,4917,3
GAO_GAO-10-410,GAO,11867,6
GAO_GAO-16-391T,GAO,2417,2
GAO_AIMD-96-99,GAO,6830,4
GAO_GAO-02-245,GAO,12356,7
GAO_GAO-08-412,GAO,9815,5
GAO_GAO-15-141,GAO,14334,7
GAO_T-GGD-98-178,GAO,4950,3
GAO_HEHS-96-51,GAO,14246,7
GAO_GAO-16-193,GAO,13227,7
GAO_RCED-96-179,GAO,8687,5
GAO_GAO-06-379,GAO,12593,7
GAO_RCED-97-63,GAO,35041,18
GAO_GAO-01-436,GAO,6738,4
GAO_GAO-01-1139T,GAO,3809,2
GAO_GAO-12-864,GAO,8408,5
GAO_GAO-10-454,GAO,14085,7
GAO_GAO-04-9,GAO,17417,9
GAO_GAO-11-230,GAO,9373,5
GAO_GAO-12-648,GAO,8206,5
GAO_T-HEHS-98-88,GAO,5715,3
GAO_GAO-12-904,GAO,6777,4
GAO_GAO-16-444T,GAO,3584,2
GAO_GAO-14-215,GAO,4677,3
GAO_GAO-06-428T,GAO,7472,4
GAO_GAO-03-20,GAO,3868,2
GAO_GAO-15-183,GAO,8791,5
GAO_NSIAD-99-52,GAO,6567,4
GAO_GAO-06-910T,GAO,11185,6
GAO_HEHS-97-8,GAO,14031,7
GAO_GAO-08-31,GAO,5898,3
GAO_GAO-08-174T,GAO,5835,3
GAO_GAO-09-803,GAO,27564,14
GAO_GAO-14-144,GAO,9917,5
GAO_GAO-03-725,GAO,14620,8
GAO_GAO-05-416T,GAO,10483,6
GAO_GAO-13-275,GAO,7529,4
GAO_GAO-08-691,GAO,11478,6
GAO_GAO-10-117T,GAO,3541,2
GAO_GAO-17-436,GAO,8669,5
GAO_GAO-14-532T,GAO,8097,4
GAO_GAO-05-1051T,GAO,4572,3
GAO_GAO-08-675,GAO,13639,7
GAO_GAO-13-166T,GAO,178,1
GAO_GAO-08-57,GAO,8824,5
GAO_GAO-02-465,GAO,6521,4
GAO_GAO-10-671T,GAO,4137,3
GAO_GAO-13-376,GAO,10671,6
GAO_GAO-15-230,GAO,6525,4
GAO_GAO-11-197,GAO,6626,4
GAO_GAO-12-802T,GAO,4023,2
GAO_GAO-13-99,GAO,9133,5
GAO_GAO-05-892T,GAO,4775,3
GAO_NSIAD-96-70,GAO,4186,3
GAO_GAO-03-1042T,GAO,4765,3
GAO_GAO-02-467T,GAO,6245,4
GAO_GAO-17-637,GAO,10047,5
GAO_HEHS-96-126,GAO,20711,11
GAO_GAO-09-784,GAO,10801,6
GAO_GAO-07-285,GAO,18274,9
GAO_GAO-11-410,GAO,15414,8
GAO_GAO-13-371,GAO,6964,4
GAO_AIMD-96-6,GAO,6842,4
GAO_GAO-13-476T,GAO,4508,3
GAO_GAO-09-682,GAO,10577,6
GAO_GAO-13-562T,GAO,5295,3
GAO_GAO-04-814,GAO,5523,3
GAO_GGD-95-101,GAO,12830,7
GAO_GAO-08-1153T,GAO,7892,4
GAO_GAO-14-219,GAO,16480,9
GAO_T-AIMD-98-116,GAO,3744,2
GAO_GAO-12-108,GAO,13926,7
GAO_GAO-08-525,GAO,15086,8
GAO_GAO-13-508T,GAO,7153,4
GAO_GAO-14-388,GAO,5196,3
GAO_GAO-09-580,GAO,115449,57
GAO_GAO-01-226,GAO,8130,4
GAO_GAO-04-327,GAO,5353,3
GAO_GAO-11-853,GAO,23930,12
GAO_GAO-11-358T,GAO,3803,2
GAO_RCED-95-207,GAO,3596,2
GAO_RCED-98-43,GAO,26969,14
GAO_GAO-10-691,GAO,11618,6
GAO_GAO-13-835,GAO,8650,5
GAO_GAO-17-218,GAO,14222,7
GAO_GAO-15-26,GAO,7497,4
GAO_NSIAD-97-225,GAO,4567,3
GAO_GAO-05-172,GAO,21508,11
GAO_NSIAD-98-30,GAO,9979,5
GAO_GAO-13-402T,GAO,8936,5
GAO_GAO-02-826T,GAO,4105,3
GAO_GAO-05-477,GAO,13303,7
GAO_GAO-08-66,GAO,6204,4
GAO_HEHS-98-205,GAO,13469,7
GAO_GAO-04-443T,GAO,3705,2
GAO_GAO-13-444T,GAO,16503,9
GAO_GAO-09-288,GAO,17745,9
GAO_GAO-14-101,GAO,6892,4
GAO_GAO-15-200,GAO,4155,3
GAO_GAO-12-382T,GAO,5390,3
GAO_GAO-04-54,GAO,18856,10
GAO_GAO-03-307,GAO,17305,9
GAO_GAO-15-718,GAO,11684,6
GAO_GAO-07-812T,GAO,6237,4
GAO_GAO-12-801T,GAO,6190,4
GAO_GAO-15-474,GAO,13160,7
GAO_GAO-17-334,GAO,4711,3
GAO_GAO-05-219,GAO,22149,11
GAO_GAO-07-401,GAO,20640,11
GAO_GAO-04-398,GAO,10646,6
GAO_T-RCED-96-231,GAO,6608,4
GAO_GAO-07-830,GAO,11747,6
GAO_NSIAD-98-229,GAO,15916,8
GAO_GAO-10-937,GAO,15818,8
GAO_GAO-16-456,GAO,9169,5
GAO_GAO-10-77,GAO,4843,3
GAO_GAO-13-132T,GAO,3010,2
GAO_GGD-96-51,GAO,13172,7
GAO_GAO-03-772,GAO,11399,6
GAO_GAO-14-464T,GAO,5246,3
GAO_GAO-08-1015T,GAO,3964,2
GAO_GAO-08-485,GAO,10961,6
GAO_GAO-13-642,GAO,6535,4
GAO_GAO-07-54,GAO,10503,6
GAO_GAO-02-584,GAO,8559,5
GAO_T-RCED-96-99,GAO,3824,2
GAO_GAO-02-572,GAO,5844,3
GAO_GAO-10-355,GAO,8556,5
GAO_GAO-04-709,GAO,5970,3
GAO_GAO-11-588,GAO,18349,9
GAO_AIMD-96-110,GAO,10527,6
GAO_GGD-95-127,GAO,5558,3
GAO_RCED-99-139,GAO,4689,3
GAO_NSIAD-95-17,GAO,7780,4
GAO_GAO-02-289T,GAO,11519,6
GAO_GAO-03-159,GAO,10166,5
GAO_GAO-08-780T,GAO,5479,3
GAO_GAO-10-357,GAO,10918,6
GAO_GAO-10-56,GAO,10658,6
GAO_GAO-03-252,GAO,21274,11
GAO_GAO-02-497T,GAO,6896,4
GAO_GAO-03-561,GAO,20421,10
GAO_NSIAD-96-5,GAO,9186,5
GAO_GAO-14-316,GAO,16028,8
GAO_GAO-08-1031,GAO,8110,4
GAO_GAO-07-391T,GAO,6607,4
GAO_GAO-08-511,GAO,16684,9
GAO_GAO-12-1023T,GAO,7602,4
GAO_GAO-11-14,GAO,7700,4
GAO_GAO-01-1171T,GAO,4105,3
GAO_GAO-07-1091,GAO,15290,8
GAO_T-AIMD-98-215,GAO,4474,3
GAO_GAO-08-183T,GAO,6108,3
GAO_GAO-06-568,GAO,6029,3
GAO_NSIAD-96-25,GAO,5002,3
GAO_GAO-12-187T,GAO,2557,2
GAO_GAO-05-204,GAO,3349,2
GAO_GGD-96-147,GAO,10821,6
GAO_RCED-96-56,GAO,8105,4
GAO_RCED-98-249,GAO,15644,8
GAO_GAO-02-623,GAO,9771,5
GAO_GAO-17-14,GAO,18893,10
GAO_GAO-10-529T,GAO,3192,2
GAO_GAO-16-757,GAO,11791,6
GAO_GAO-12-346,GAO,15077,8
GAO_GAO-14-588,GAO,5861,3
GAO_GAO-04-614,GAO,18227,9
GAO_GAO-04-879,GAO,9310,5
GAO_GAO-14-39,GAO,7959,4
GAO_GAO-11-715,GAO,7555,4
GAO_GAO-05-130,GAO,12230,6
GAO_NSIAD-96-134,GAO,4599,3
GAO_GAO-17-238T,GAO,7154,4
GAO_GAO-12-16,GAO,15932,8
GAO_RCED-95-32,GAO,6524,4
GAO_GAO-03-457,GAO,9254,5
GAO_GAO-02-919T,GAO,4211,3
GAO_GAO-03-643,GAO,7011,4
GAO_GAO-08-1104,GAO,4669,3
GAO_GAO-04-953T,GAO,9116,5
GAO_GAO-01-15,GAO,8528,5
GAO_GAO-04-729T,GAO,6653,4
GAO_NSIAD-99-9,GAO,12494,7
GAO_GAO-02-567,GAO,10171,5
GAO_GAO-11-112,GAO,11079,6
GAO_GAO-01-155,GAO,9151,5
GAO_PEMD-95-5,GAO,19714,10
GAO_T-HEHS-98-199,GAO,3892,2
GAO_GAO-13-229,GAO,11566,6
GAO_GAO-17-650,GAO,11964,6
GAO_GAO-03-708,GAO,8159,4
GAO_GAO-12-834,GAO,5328,3
GAO_GAO-08-594,GAO,16347,8
GAO_RCED-99-181,GAO,8869,5
GAO_GAO-03-219,GAO,5230,3
GAO_GAO-06-1018,GAO,6526,4
GAO_GAO-16-144,GAO,9703,5
GAO_RCED-96-187,GAO,4294,3
GAO_GAO-06-821,GAO,15541,8
GAO_GAO-02-645T,GAO,4780,3
GAO_GAO-05-471,GAO,8794,5
GAO_GAO-11-621,GAO,7072,4
GAO_GAO-07-1051T,GAO,8361,5
GAO_GAO-04-160,GAO,5657,3
GAO_GAO-16-90T,GAO,6712,4
GAO_GAO-12-429,GAO,8385,5
GAO_GAO-11-674T,GAO,3564,2
GAO_T-RCED-99-161,GAO,3964,2
GAO_GAO-10-826,GAO,13466,7
GAO_RCED-97-70,GAO,16926,9
GAO_GAO-02-87,GAO,6790,4
GAO_GAO-10-387T,GAO,3057,2
GAO_GAO-11-763,GAO,15024,8
GAO_AIMD-96-88,GAO,8001,4
GAO_GAO-02-307,GAO,8765,5
GAO_T-RCED-97-90,GAO,3652,2
GAO_GAO-17-361,GAO,11379,6
GAO_GAO-03-803,GAO,17199,9
GAO_GGD-99-170,GAO,12866,7
GAO_GAO-11-469,GAO,8932,5
GAO_HEHS-97-73,GAO,7799,4
GAO_GAO-12-287T,GAO,4842,3
GAO_AIMD-00-103,GAO,7584,4
GAO_AIMD-98-113,GAO,14844,8
GAO_GAO-07-1006,GAO,18607,10
GAO_GAO-07-1110,GAO,21706,11
GAO_GAO-05-538,GAO,19852,10
GAO_GGD-98-38,GAO,11214,6
GAO_GAO-02-709,GAO,3626,2
GAO_RCED-99-75,GAO,11556,6
GAO_GAO-02-52,GAO,7279,4
GAO_GAO-07-795T,GAO,6126,3
GAO_GAO-09-635,GAO,19946,10
GAO_GAO-14-310,GAO,16603,9
GAO_GAO-07-742T,GAO,3401,2
GAO_GAO-06-971T,GAO,2490,2
GAO_NSIAD-97-185,GAO,4578,3
GAO_GAO-15-389T,GAO,6789,4
GAO_GGD-97-15,GAO,9491,5
GAO_GAO-08-628T,GAO,2443,2
GAO_RCED-95-92,GAO,13476,7
GAO_GAO-10-582,GAO,13190,7
GAO_GAO-07-296,GAO,21705,11
GAO_GAO-03-27,GAO,5474,3
GAO_T-RCED-98-67,GAO,3567,2
GAO_GAO-11-465,GAO,9073,5
GAO_GAO-04-626T,GAO,10332,6
GAO_GAO-15-579,GAO,20439,10
GAO_GAO-10-499,GAO,8636,5
GAO_GAO-01-205,GAO,10310,6
GAO_GGD-96-21,GAO,7117,4
GAO_GAO-16-362,GAO,13978,7
GAO_T-AIMD-00-181,GAO,3672,2
GAO_GAO-12-11,GAO,7056,4
GAO_HEHS-96-49,GAO,6151,4
GAO_GAO-06-580,GAO,8803,5
GAO_GAO-06-577,GAO,12069,6
GAO_GAO-10-94,GAO,6492,4
GAO_GAO-05-1050T,GAO,2682,2
GAO_GAO-02-28,GAO,6736,4
GAO_GAO-05-421,GAO,14685,8
GAO_GAO-04-254,GAO,7906,4
GAO_GAO-13-453T,GAO,4439,3
GAO_GAO-11-468,GAO,13299,7
GAO_T-RCED-99-147,GAO,3158,2
GAO_GAO-13-354,GAO,6243,4
GAO_GAO-10-838T,GAO,5453,3
GAO_GAO-04-982T,GAO,3294,2
GAO_GAO-14-53,GAO,3934,2
GAO_GAO-01-683,GAO,11268,6
GAO_GAO-14-362,GAO,10845,6
GAO_GAO-02-62,GAO,24061,12
GAO_NSIAD-95-60,GAO,5284,3
GAO_GAO-10-840T,GAO,3335,2
GAO_GAO-09-511T,GAO,5407,3
GAO_GAO-08-324T,GAO,4410,3
GAO_GAO-15-649,GAO,5861,3
GAO_GGD-00-42,GAO,12347,7
GAO_GAO-05-67,GAO,8879,5
GAO_GAO-07-774,GAO,11943,6
GAO_GAO-09-328,GAO,16857,9
GAO_GAO-06-210,GAO,12503,7
GAO_GAO-02-513T,GAO,4771,3
GAO_NSIAD-97-50,GAO,4216,3
GAO_GAO-02-880,GAO,19985,10
GAO_GAO-08-936,GAO,7314,4
GAO_GAO-08-1179T,GAO,3258,2
GAO_GAO-06-183T,GAO,5879,3
GAO_GGD-98-98,GAO,4781,3
GAO_NSIAD-99-11,GAO,6822,4
GAO_GAO-15-564T,GAO,3614,2
GAO_GAO-12-414,GAO,21340,11
GAO_GAO-10-441T,GAO,3932,2
GAO_GGD-98-56,GAO,4254,3
GAO_GAO-03-437,GAO,6459,4
GAO_GAO-10-284,GAO,4805,3
GAO_HEHS-95-116,GAO,9250,5
GAO_GAO-08-261T,GAO,2985,2
GAO_GAO-17-360,GAO,13622,7
GAO_GAO-04-7,GAO,6759,4
GAO_GAO-08-935,GAO,27700,14
GAO_GAO-13-112,GAO,19567,10
GAO_GAO-05-34,GAO,4673,3
GAO_GAO-11-614,GAO,12777,7
GAO_NSIAD-95-70,GAO,10969,6
GAO_NSIAD-99-209,GAO,24021,12
GAO_GAO-06-21,GAO,26798,14
GAO_T-NSIAD-98-222,GAO,4299,3
GAO_GAO-07-1103,GAO,6632,4
GAO_GAO-08-542T,GAO,7886,4
GAO_AIMD-99-17,GAO,5925,3
GAO_GAO-08-651T,GAO,7764,4
GAO_GAO-08-875T,GAO,5514,3
GAO_GAO-15-299,GAO,9893,5
GAO_GAO-14-4,GAO,10993,6
GAO_GAO-10-59,GAO,7870,4
GAO_GAO-08-250T,GAO,6453,4
GAO_GAO-09-796,GAO,14991,8
GAO_GAO-07-576T,GAO,13839,7
GAO_GAO-03-156,GAO,16205,8
GAO_GAO-17-235,GAO,16480,9
GAO_GAO-04-816T,GAO,3778,2
GAO_GAO-06-615T,GAO,13503,7
GAO_GAO-04-744,GAO,16976,9
GAO_GAO-10-929T,GAO,5319,3
GAO_GAO-09-824,GAO,33500,17
GAO_GAO-16-442,GAO,9280,5
GAO_GAO-13-634,GAO,8952,5
GAO_GGD-98-47,GAO,11664,6
GAO_GAO-02-63,GAO,8595,5
GAO_GAO-10-759,GAO,3031,2
GAO_GAO-02-566,GAO,13630,7
GAO_GAO-04-122T,GAO,3976,2
GAO_GAO-17-117,GAO,21501,11
GAO_GAO-04-400,GAO,15625,8
GAO_GAO-08-1069T,GAO,2585,2
GAO_GAO-03-628T,GAO,5708,3
GAO_GAO-03-168,GAO,9842,5
GAO_NSIAD-98-61,GAO,10125,5
GAO_GAO-13-352,GAO,5722,3
GAO_GAO-02-18,GAO,6943,4
GAO_GAO-16-569,GAO,11623,6
GAO_T-AIMD-98-312,GAO,7949,4
GAO_NSIAD-96-162,GAO,11279,6
GAO_RCED-95-34,GAO,8327,5
GAO_GAO-12-74,GAO,10975,6
GAO_GAO-15-732,GAO,14307,7
GAO_RCED-96-234,GAO,8529,5
GAO_GGD-00-39,GAO,13070,7
GAO_HEHS-95-222,GAO,17087,9
GAO_GGD-98-149,GAO,6579,4
GAO_GAO-16-80,GAO,10003,5
GAO_GAO-02-842T,GAO,5463,3
GAO_GAO-06-761T,GAO,4247,3
GAO_GAO-03-751,GAO,9603,5
GAO_GAO-10-938,GAO,11648,6
GAO_GAO-14-764,GAO,8121,4
GAO_GAO-07-632T,GAO,13434,7
GAO_GAO-12-756,GAO,7844,4
GAO_GAO-04-127T,GAO,2480,2
GAO_GAO-13-520,GAO,5911,3
GAO_GAO-08-778,GAO,16865,9
GAO_GAO-14-360,GAO,11482,6
GAO_GGD-96-127,GAO,19199,10
GAO_GAO-11-376,GAO,12528,7
GAO_GAO-04-209T,GAO,8568,5
GAO_GAO-09-375,GAO,10890,6
GAO_GAO-11-124,GAO,18237,9
GAO_GAO-07-385T,GAO,5642,3
GAO_GAO-07-672T,GAO,5321,3
GAO_GAO-16-174T,GAO,4441,3
GAO_GAO-06-97,GAO,13499,7
GAO_GAO-13-59,GAO,11707,6
GAO_GAO-02-346,GAO,13872,7
GAO_GAO-10-245,GAO,13850,7
GAO_GAO-12-722,GAO,12519,7
GAO_GAO-01-847,GAO,7306,4
GAO_RCED-99-67,GAO,10008,5
GAO_GAO-08-669T,GAO,6320,4
GAO_GAO-14-443,GAO,11652,6
GAO_GAO-09-790T,GAO,3526,2
GAO_GAO-04-82,GAO,12038,6
GAO_GAO-08-518,GAO,9140,5
GAO_GAO-09-570,GAO,20685,11
GAO_GAO-13-862T,GAO,3323,2
GAO_GAO-16-496,GAO,10616,6
GAO_GAO-16-320,GAO,8121,4
GAO_GAO-02-526,GAO,19690,10
GAO_GAO-05-341,GAO,5048,3
GAO_HEHS-97-23,GAO,8954,5
GAO_GAO-10-872T,GAO,4032,2
GAO_RCED-95-172,GAO,4524,3
GAO_GAO-02-674,GAO,9634,5
GAO_GAO-10-714,GAO,11259,6
GAO_NSIAD-95-156,GAO,31336,16
GAO_GAO-02-527T,GAO,5498,3
GAO_GAO-02-300,GAO,12770,7
GAO_GGD-95-189,GAO,4225,3
GAO_GGD-99-133,GAO,8298,5
GAO_GAO-14-295,GAO,6161,4
GAO_NSIAD-96-104,GAO,10007,5
GAO_GAO-12-247,GAO,14360,8
GAO_GAO-05-803,GAO,9107,5
GAO_GAO-09-810T,GAO,8398,5
GAO_GAO-08-1062,GAO,5437,3
GAO_GAO-09-966,GAO,7944,4
GAO_GAO-06-771,GAO,11246,6
GAO_GAO-08-12,GAO,14224,7
GAO_HEHS-95-46,GAO,8094,4
GAO_GAO-09-203,GAO,6897,4
GAO_GAO-04-97,GAO,6072,3
GAO_GAO-05-527T,GAO,7912,4
GAO_GAO-15-254T,GAO,5339,3
GAO_GAO-11-555T,GAO,4166,3
GAO_GAO-10-960,GAO,12259,6
GAO_GAO-08-944,GAO,27841,14
GAO_GAO-12-355,GAO,9807,5
GAO_GAO-08-54,GAO,20000,10
GAO_NSIAD-95-6,GAO,6231,4
GAO_GAO-08-748,GAO,4036,2
GAO_GAO-15-735T,GAO,3304,2
GAO_GAO-09-317,GAO,28052,14
GAO_T-NSIAD-96-154,GAO,4042,2
GAO_GAO-12-269,GAO,8925,5
GAO_GAO-02-413,GAO,9653,5
GAO_GAO-07-79,GAO,10202,5
GAO_GAO-06-435,GAO,8932,5
GAO_GAO-08-959T,GAO,4517,3
GAO_GAO-07-1099T,GAO,8279,5
GAO_GAO-02-727T,GAO,4030,2
GAO_NSIAD-98-9,GAO,12244,6
GAO_GAO-04-433,GAO,11721,6
GAO_GAO-06-934,GAO,10902,6
GAO_GAO-01-487T,GAO,4878,3
GAO_T-RCED-99-21,GAO,5077,3
GAO_GAO-01-773,GAO,15975,8
GAO_GAO-03-187,GAO,8569,5
GAO_GAO-07-861T,GAO,4063,2
GAO_GAO-10-384,GAO,9801,5
GAO_RCED-95-143,GAO,8395,5
GAO_GAO-09-219,GAO,7757,4
GAO_GAO-02-284,GAO,9276,5
GAO_T-GGD-96-82,GAO,4931,3
GAO_GAO-01-882,GAO,10440,6
GAO_GAO-15-524,GAO,11492,6
GAO_NSIAD-95-48,GAO,18582,10
GAO_GAO-01-559,GAO,8286,5
GAO_GAO-01-557,GAO,4545,3
GAO_GAO-05-340,GAO,19754,10
GAO_GAO-16-70,GAO,4527,3
GAO_T-GGD-97-183,GAO,10705,6
GAO_GAO-01-873,GAO,21428,11
GAO_GAO-12-558,GAO,9670,5
GAO_GAO-09-650T,GAO,5205,3
GAO_GAO-07-837,GAO,17162,9
GAO_GAO-01-425,GAO,4537,3
GAO_GAO-07-301,GAO,19189,10
GAO_GAO-06-431,GAO,18851,10
GAO_GAO-10-776,GAO,9752,5
GAO_GAO-09-581,GAO,16622,9
GAO_GAO-16-693,GAO,12428,7
GAO_RCED-98-210,GAO,8009,4
GAO_GAO-10-71,GAO,12460,7
GAO_GAO-03-1017,GAO,6819,4
GAO_GAO-10-223,GAO,22451,11
GAO_GAO-14-249,GAO,15428,8
GAO_GAO-08-1061T,GAO,6025,3
GAO_HEHS-98-52,GAO,3268,2
GAO_GAO-15-803T,GAO,4306,3
GAO_GAO-01-660T,GAO,3811,2
GAO_GGD-99-80,GAO,14941,8
GAO_GAO-15-212,GAO,5998,3
GAO_GAO-08-1162T,GAO,6981,4
GAO_GAO-07-1130,GAO,6814,4
GAO_GGD-96-75,GAO,7462,4
GAO_GAO-01-484,GAO,5150,3
GAO_GAO-14-397,GAO,13954,7
GAO_GAO-04-342,GAO,7185,4
GAO_NSIAD-98-65,GAO,9131,5
GAO_AIMD-98-162,GAO,6771,4
GAO_T-HEHS-99-52,GAO,2870,2
GAO_GAO-14-229,GAO,11629,6
GAO_GAO-17-686T,GAO,6241,4
GAO_T-GGD-98-14,GAO,3088,2
GAO_GAO-02-663,GAO,3577,2
GAO_GAO-13-694,GAO,6440,4
GAO_AIMD-97-134,GAO,4847,3
GAO_GAO-12-329,GAO,10600,6
GAO_GAO-11-804,GAO,20845,11
GAO_GAO-07-281,GAO,11958,6
GAO_HEHS-96-152,GAO,6123,3
GAO_RCED-99-121,GAO,7402,4
GAO_GAO-11-826,GAO,8922,5
GAO_GAO-06-487T,GAO,6555,4
GAO_GAO-08-198,GAO,15248,8
GAO_GAO-03-1169T,GAO,10561,6
GAO_GAO-07-1152T,GAO,5573,3
GAO_GAO-05-321T,GAO,5184,3
GAO_GAO-03-897,GAO,8306,5
GAO_GAO-03-292,GAO,26248,13
GAO_GAO-17-195,GAO,9560,5
GAO_GAO-03-42,GAO,9544,5
GAO_GAO-11-854T,GAO,3911,2
GAO_NSIAD-96-71,GAO,4561,3
GAO_GAO-11-486T,GAO,2989,2
GAO_RCED-99-17,GAO,5378,3
GAO_GAO-11-950T,GAO,8747,5
GAO_GAO-08-526,GAO,15399,8
GAO_GAO-10-336,GAO,17803,9
GAO_GAO-03-954SP,GAO,4980,3
GAO_GAO-13-358,GAO,3750,2
GAO_GAO-14-127,GAO,8381,5
GAO_GGD-95-211,GAO,13886,7
GAO_GAO-07-94,GAO,22629,12
GAO_T-AIMD-98-149,GAO,4657,3
GAO_GAO-16-791T,GAO,4561,3
GAO_GAO-06-403T,GAO,7055,4
GAO_T-RCED-96-145,GAO,4128,3
GAO_GAO-16-176,GAO,8370,5
GAO_T-AIMD-00-240,GAO,6137,3
GAO_GAO-06-374T,GAO,14152,7
GAO_OGC-99-176,GAO,2985,2
GAO_AIMD-97-58,GAO,6555,4
GAO_GAO-02-422,GAO,4355,3
GAO_GAO-06-547,GAO,20253,10
GAO_HEHS-96-120,GAO,13881,7
GAO_GAO-17-200,GAO,10003,5
GAO_T-NSIAD-99-16,GAO,3783,2
GAO_GAO-15-33,GAO,5673,3
GAO_GAO-14-285T,GAO,6447,4
GAO_GAO-06-630,GAO,10605,6
GAO_GAO-03-21,GAO,5788,3
GAO_GAO-16-171T,GAO,2554,2
GAO_GAO-04-452,GAO,2626,2
GAO_GAO-01-545,GAO,10115,5
GAO_GAO-07-654,GAO,8359,5
GAO_GAO-13-505T,GAO,4288,3
GAO_GGD-95-21,GAO,10182,5
GAO_GAO-03-600,GAO,10491,6
GAO_GAO-16-61,GAO,13412,7
GAO_GAO-03-139,GAO,27431,14
GAO_GAO-08-546,GAO,14107,7
GAO_GAO-04-1062,GAO,8469,5
GAO_GAO-07-1095T,GAO,4846,3
GAO_GAO-17-337,GAO,14746,8
GAO_GAO-17-263T,GAO,5169,3
GAO_GAO-02-173T,GAO,3353,2
GAO_GAO-12-236T,GAO,2844,2
GAO_GAO-08-661,GAO,18315,9
GAO_GAO-06-1119T,GAO,3759,2
GAO_GAO-03-339,GAO,12653,7
GAO_GAO-11-907,GAO,9785,5
GAO_GAO-16-647,GAO,9656,5
GAO_GAO-12-475,GAO,13322,7
GAO_GAO-02-838,GAO,5633,3
GAO_GAO-17-627T,GAO,4298,3
GAO_GAO-13-846T,GAO,3784,2
GAO_GAO-15-364,GAO,11420,6
GAO_GGD-96-6,GAO,11922,6
GAO_GAO-09-720,GAO,10059,5
GAO_AIMD-99-137,GAO,3949,2
GAO_GAO-05-530T,GAO,6433,4
GAO_GAO-11-446,GAO,11275,6
GAO_GAO-09-904SP,GAO,13905,7
GAO_GAO-10-719,GAO,30574,15
GAO_GAO-05-59,GAO,11337,6
GAO_T-GGD-96-84,GAO,2947,2
GAO_GAO-11-84,GAO,12809,7
GAO_GAO-03-749,GAO,11318,6
GAO_GAO-14-40,GAO,8763,5
GAO_GAO-04-171,GAO,15001,8
GAO_GAO-02-463,GAO,5803,3
GAO_GAO-07-69,GAO,7962,4
GAO_GAO-17-291,GAO,8928,5
GAO_AIMD-98-1,GAO,4370,3
GAO_GAO-06-1100T,GAO,6175,4
GAO_GAO-08-497T,GAO,5237,3
GAO_GAO-06-126,GAO,13367,7
GAO_GAO-03-984T,GAO,4357,3
GAO_NSIAD-96-192,GAO,23404,12
GAO_GAO-16-574,GAO,9226,5
GAO_GAO-10-155T,GAO,3538,2
GAO_GAO-04-656,GAO,15998,8
GAO_RCED-95-212,GAO,15977,8
GAO_GAO-06-406T,GAO,10336,6
GAO_GAO-11-176,GAO,10960,6
GAO_GAO-15-260,GAO,10395,6
GAO_GAO-05-861T,GAO,2538,2
GAO_GAO-16-204T,GAO,4999,3
GAO_GAO-11-785,GAO,7306,4
GAO_NSIAD-96-31,GAO,11382,6
GAO_RCED-95-259,GAO,7986,4
GAO_HEHS-98-232,GAO,20609,11
GAO_GAO-15-65,GAO,14316,7
GAO_GAO-08-775T,GAO,3317,2
GAO_NSIAD-98-37,GAO,4750,3
GAO_GAO-16-537,GAO,7163,4
GAO_GAO-06-1086T,GAO,4174,3
GAO_GAO-07-480,GAO,7479,4
GAO_GAO-13-774,GAO,8586,5
GAO_RCED-98-187,GAO,21176,11
GAO_GAO-14-149T,GAO,3270,2
GAO_GAO-01-460,GAO,23405,12
GAO_GAO-11-262,GAO,8572,5
GAO_GAO-05-767,GAO,12154,6
GAO_GAO-15-810,GAO,8704,5
GAO_GGD-99-206,GAO,6292,4
GAO_GAO-06-272,GAO,9097,5
GAO_GAO-03-428,GAO,9496,5
GAO_GAO-05-440T,GAO,4916,3
GAO_GAO-06-627,GAO,9212,5
GAO_GAO-08-987,GAO,21250,11
GAO_GAO-14-203,GAO,6054,3
GAO_AIMD-97-5,GAO,27316,14
GAO_GAO-03-1110T,GAO,4349,3
GAO_GAO-08-457T,GAO,7283,4
GAO_GAO-14-290,GAO,15213,8
GAO_GAO-05-910T,GAO,6573,4
GAO_GAO-10-556T,GAO,7672,4
GAO_GAO-13-472,GAO,8227,5
GAO_GAO-12-594,GAO,9912,5
GAO_GAO-15-841T,GAO,4867,3
GAO_GAO-16-5,GAO,11242,6
GAO_GAO-12-258,GAO,7983,4
GAO_HEHS-99-79,GAO,6332,4
GAO_GAO-02-291,GAO,13262,7
GAO_HEHS-98-33,GAO,27139,14
GAO_RCED-95-67,GAO,16731,9
GAO_GAO-02-1001,GAO,7847,4
GAO_GAO-06-605T,GAO,7160,4
GAO_GAO-13-659,GAO,8755,5
GAO_GAO-09-629,GAO,15192,8
GAO_RCED-95-39,GAO,5655,3
GAO_GAO-12-289,GAO,9359,5
GAO_T-NSIAD-99-86,GAO,3886,2
GAO_GAO-15-62,GAO,13972,7
GAO_T-RCED-99-84,GAO,3744,2
GAO_GAO-03-146,GAO,9879,5
GAO_HEHS-95-121,GAO,7028,4
GAO_GAO-12-393,GAO,11222,6
GAO_GAO-07-1253T,GAO,6015,3
GAO_GAO-08-200,GAO,15553,8
GAO_T-HEHS-99-87,GAO,4199,3
GAO_NSIAD-98-45,GAO,6441,4
GAO_GAO-03-577T,GAO,7737,4
GAO_RCED-96-49,GAO,7442,4
GAO_GAO-10-997,GAO,6747,4
GAO_GAO-05-855T,GAO,2975,2
GAO_GAO-03-41,GAO,6156,4
GAO_GAO-14-834,GAO,5225,3
GAO_GAO-11-455,GAO,16464,9
GAO_GAO-15-58,GAO,8498,5
GAO_GAO-06-105,GAO,24796,13
GAO_GAO-09-900T,GAO,2878,2
GAO_GAO-06-953T,GAO,7915,4
GAO_GAO-10-699T,GAO,4945,3
GAO_GAO-10-361,GAO,8153,4
GAO_GAO-07-67,GAO,7606,4
GAO_GAO-17-17,GAO,7745,4
GAO_GAO-12-175,GAO,15818,8
GAO_GAO-12-44,GAO,10755,6
GAO_HEHS-99-15,GAO,7117,4
GAO_GAO-03-1107,GAO,6017,3
GAO_GAO-05-194,GAO,18815,10
GAO_GAO-09-334,GAO,16697,9
GAO_GAO-09-496,GAO,17062,9
GAO_GAO-01-1141T,GAO,3144,2
GAO_GAO-06-563T,GAO,9159,5
GAO_GAO-03-664,GAO,3800,2
GAO_GAO-13-782,GAO,9035,5
GAO_GAO-07-661T,GAO,3374,2
GAO_GAO-07-604,GAO,14160,7
GAO_GAO-03-1040T,GAO,8149,4
GAO_GAO-13-318,GAO,11854,6
GAO_GAO-03-716T,GAO,3530,2
GAO_GAO-09-216,GAO,31032,16
GAO_GAO-10-147,GAO,22162,11
GAO_GAO-12-375,GAO,4477,3
GAO_GAO-07-986,GAO,7284,4
GAO_GAO-05-346T,GAO,5226,3
GAO_GAO-13-636,GAO,7604,4
GAO_T-AIMD-96-136,GAO,3683,2
GAO_GAO-10-531,GAO,13146,7
GAO_PEMD-95-19,GAO,19024,10
GAO_GAO-13-716,GAO,8161,4
GAO_GAO-17-10,GAO,13008,7
GAO_GAO-06-773T,GAO,4676,3
GAO_GAO-16-542,GAO,25781,13
GAO_GAO-06-1021,GAO,17347,9
GAO_GAO-14-655,GAO,19803,10
GAO_GAO-15-222,GAO,12912,7
GAO_GAO-03-342,GAO,7502,4
GAO_GAO-12-540,GAO,22967,12
GAO_GAO-09-341,GAO,14647,8
GAO_GAO-08-124T,GAO,3030,2
GAO_GAO-13-293,GAO,12404,7
GAO_GAO-05-656,GAO,12407,7
GAO_GAO-08-890T,GAO,7793,4
GAO_GAO-10-436,GAO,13432,7
GAO_GAO-11-1,GAO,14922,8
GAO_GAO-09-77,GAO,19644,10
GAO_GAO-10-702,GAO,22804,12
GAO_GGD-98-31,GAO,9583,5
GAO_GAO-01-498,GAO,7753,4
GAO_GAO-17-159,GAO,21564,11
GAO_GAO-17-765T,GAO,4088,2
GAO_GAO-12-857,GAO,8444,5
GAO_GAO-01-548T,GAO,2131,2
GAO_GAO-05-742,GAO,19567,10
GAO_GAO-07-862T,GAO,3152,2
GAO_GAO-02-579,GAO,8626,5
GAO_GAO-04-481,GAO,3274,2
GAO_GAO-11-191T,GAO,5052,3
GAO_GAO-16-784,GAO,11250,6
GAO_GAO-14-69,GAO,8256,5
GAO_GAO-04-484,GAO,9295,5
GAO_GAO-13-581,GAO,12775,7
GAO_GAO-03-1022T,GAO,3382,2
GAO_GAO-15-266,GAO,6951,4
GAO_GGD-96-3,GAO,8729,5
GAO_GAO-15-225,GAO,12529,7
GAO_GGD-98-80,GAO,8501,5
GAO_GAO-01-307,GAO,10122,5
GAO_GAO-08-344,GAO,19148,10
GAO_GAO-09-794,GAO,11578,6
GAO_GAO-09-267,GAO,11476,6
GAO_GAO-12-263,GAO,8400,5
GAO_NSIAD-96-98,GAO,14591,8
GAO_GGD-99-98,GAO,16301,8
GAO_GAO-17-43,GAO,9295,5
GAO_GAO-14-195,GAO,7499,4
GAO_GAO-01-1032,GAO,13263,7
GAO_GGD-95-123,GAO,7002,4
GAO_GAO-12-33,GAO,8737,5
GAO_GAO-13-261,GAO,11895,6
GAO_GAO-11-554,GAO,6175,4
GAO_GAO-17-499,GAO,14154,7
GAO_GAO-15-714,GAO,17538,9
GAO_GAO-10-862T,GAO,5493,3
GAO_GAO-07-556T,GAO,3650,2
GAO_GAO-07-463,GAO,7367,4
GAO_GAO-15-445,GAO,11565,6
GAO_GAO-12-799,GAO,9987,5
GAO_GAO-05-810T,GAO,5617,3
GAO_GAO-14-369,GAO,10263,6
GAO_GAO-16-638,GAO,16132,8
GAO_GAO-06-175T,GAO,8422,5
GAO_GAO-07-779T,GAO,7699,4
GAO_GAO-17-240,GAO,31202,16
GAO_GAO-04-501T,GAO,5086,3
GAO_GAO-06-28,GAO,22370,11
GAO_GAO-08-889,GAO,5182,3
GAO_GAO-17-22,GAO,20247,10
GAO_AIMD-97-117,GAO,9866,5
GAO_GAO-17-570,GAO,10921,6
GAO_GAO-04-739,GAO,6483,4
GAO_GAO-16-733T,GAO,11200,6
GAO_GAO-12-1009T,GAO,19970,10
GAO_GAO-03-943T,GAO,2635,2
GAO_GAO-14-807,GAO,10501,6
GAO_GAO-08-649T,GAO,3991,2
GAO_NSIAD-97-9,GAO,7805,4
GAO_GAO-17-577,GAO,10795,6
GAO_GAO-10-32,GAO,10399,6
GAO_HEHS-95-144,GAO,6586,4
GAO_GAO-04-490,GAO,25711,13
GAO_GAO-08-996,GAO,5862,3
GAO_GAO-13-439T,GAO,7771,4
GAO_GAO-06-178,GAO,15985,8
GAO_GAO-07-449T,GAO,3902,2
GAO_GAO-14-242,GAO,7046,4
GAO_GAO-07-21,GAO,10238,5
GAO_GAO-11-108,GAO,9750,5
GAO_GAO-12-12,GAO,5341,3
GAO_GAO-16-132,GAO,9426,5
GAO_AIMD-97-29,GAO,6495,4
GAO_GAO-07-512T,GAO,4446,3
GAO_AIMD-96-82,GAO,6755,4
GAO_GAO-11-47,GAO,14521,8
GAO_GAO-10-489,GAO,11528,6
GAO_GAO-02-943,GAO,18887,10
GAO_T-NSIAD-98-164,GAO,3354,2
GAO_GAO-17-47,GAO,13017,7
GAO_GGD-97-5,GAO,15747,8
GAO_GGD-98-1,GAO,24506,12
GAO_GAO-06-843T,GAO,2854,2
GAO_GAO-05-623T,GAO,8947,5
GAO_GAO-16-10,GAO,8351,5
GAO_GAO-13-347T,GAO,4568,3
GAO_GAO-08-1121,GAO,6114,3
GAO_GAO-13-217,GAO,11503,6
GAO_GAO-02-434,GAO,10527,6
GAO_GAO-03-9,GAO,11297,6
GAO_GAO-17-440T,GAO,5542,3
GAO_GAO-09-268,GAO,7325,4
GAO_GAO-05-255,GAO,11194,6
GAO_GAO-01-564,GAO,15902,8
GAO_GAO-11-316,GAO,16422,9
GAO_GAO-16-164,GAO,12065,6
GAO_GAO-08-747,GAO,12697,7
GAO_GAO-12-757,GAO,10464,6
GAO_GGD-97-3,GAO,7131,4
GAO_GAO-06-482T,GAO,4508,3
GAO_GGD-98-59,GAO,7937,4
GAO_GAO-15-163,GAO,10397,6
GAO_GAO-07-646T,GAO,5548,3
GAO_GAO-13-247,GAO,7966,4
GAO_GAO-12-837,GAO,10285,6
GAO_GAO-06-1016,GAO,27379,14
GAO_GAO-07-1156,GAO,21003,11
GAO_GAO-09-762,GAO,17521,9
GAO_GAO-04-494,GAO,4885,3
GAO_GAO-08-683,GAO,12439,7
GAO_GAO-11-886,GAO,9116,5
GAO_GAO-09-908T,GAO,16868,9
GAO_AIMD-98-82,GAO,12384,7
GAO_GAO-09-498,GAO,10558,6
GAO_NSIAD-97-29,GAO,9325,5
GAO_AIMD-98-46,GAO,4297,3
GAO_GGD-97-50,GAO,20937,11
GAO_GGD-96-171,GAO,9560,5
GAO_GAO-12-56,GAO,6854,4
GAO_GAO-16-76,GAO,6856,4
GAO_GAO-02-894,GAO,8612,5
GAO_GAO-02-580T,GAO,8597,5
GAO_GAO-01-734,GAO,5970,3
GAO_GAO-09-957,GAO,6807,4
GAO_GAO-14-570,GAO,4339,3
GAO_GAO-09-630,GAO,12318,7
GAO_GAO-16-602,GAO,13399,7
GAO_GAO-17-192,GAO,17461,9
GAO_GAO-08-1168T,GAO,10790,6
GAO_GAO-14-385,GAO,5629,3
GAO_GAO-06-1094T,GAO,6332,4
GAO_GAO-15-300,GAO,9161,5
GAO_GAO-11-571,GAO,16294,8
GAO_HEHS-95-36,GAO,9224,5
GAO_GAO-11-502,GAO,10506,6
GAO_T-HEHS-97-215,GAO,2908,2
GAO_GGD-95-67,GAO,21765,11
GAO_GAO-06-762,GAO,18221,9
GAO_GAO-05-54,GAO,10050,5
GAO_GGD-98-154,GAO,8237,5
GAO_GAO-14-225,GAO,7540,4
GAO_AIMD-98-131,GAO,8081,4
GAO_HEHS-99-14,GAO,6729,4
GAO_GAO-13-151,GAO,6090,3
GAO_T-HEHS-98-9,GAO,3372,2
GAO_GAO-12-1041T,GAO,4149,3
GAO_GAO-17-681SP,GAO,17363,9
GAO_GAO-17-201,GAO,16803,9
GAO_GAO-03-705,GAO,6319,4
GAO_GGD-97-32,GAO,16030,8
GAO_GAO-16-495,GAO,8073,4
GAO_GAO-04-312,GAO,12147,6
GAO_GAO-11-563,GAO,17214,9
GAO_RCED-95-26,GAO,5420,3
GAO_GAO-13-88,GAO,9405,5
GAO_GAO-09-860T,GAO,10366,6
GAO_GAO-10-962T,GAO,6046,3
GAO_GAO-17-56,GAO,15620,8
GAO_GAO-08-955,GAO,7710,4
GAO_GAO-17-606,GAO,10233,5
GAO_GAO-08-723,GAO,6738,4
GAO_GAO-05-243,GAO,37460,19
GAO_GAO-01-912T,GAO,3599,2
GAO_GAO-06-311,GAO,16933,9
GAO_GAO-11-757,GAO,8682,5
GAO_NSIAD-98-32,GAO,25312,13
GAO_GAO-02-213,GAO,6694,4
GAO_NSIAD-96-14,GAO,15377,8
GAO_GAO-08-573T,GAO,4186,3
GAO_GAO-05-412,GAO,22726,12
GAO_GAO-05-4,GAO,8400,5
GAO_GAO-15-351,GAO,9287,5
GAO_GAO-08-737T,GAO,5241,3
GAO_GAO-11-756T,GAO,3798,2
GAO_GAO-09-418,GAO,12278,6
GAO_GAO-04-590,GAO,15346,8
GAO_GGD-96-11,GAO,6395,4
GAO_GAO-06-125,GAO,6218,4
GAO_GAO-17-558,GAO,7524,4
GAO_GAO-08-926T,GAO,12573,7
GAO_GAO-06-150,GAO,25406,13
GAO_GAO-12-418,GAO,8909,5
GAO_GAO-06-495,GAO,6083,3
GAO_GAO-05-865,GAO,11496,6
GAO_GAO-13-168,GAO,11878,6
GAO_GAO-08-359,GAO,8468,5
GAO_GAO-04-585T,GAO,3644,2
GAO_GAO-05-262,GAO,7799,4
GAO_GAO-13-517,GAO,9491,5
GAO_GAO-06-724,GAO,12832,7
GAO_T-AIMD-96-56,GAO,5102,3
GAO_GAO-07-268,GAO,6235,4
GAO_GAO-15-75,GAO,7408,4
GAO_GAO-07-995T,GAO,7851,4
GAO_T-HEHS-99-82,GAO,3927,2
GAO_GAO-13-632,GAO,4801,3
GAO_GAO-02-85,GAO,10072,5
GAO_GAO-01-385T,GAO,6178,4
GAO_GAO-11-802,GAO,11661,6
GAO_GAO-16-31,GAO,8989,5
GAO_GAO-04-424,GAO,8440,5
GAO_GAO-14-186T,GAO,9644,5
GAO_GAO-13-172,GAO,5901,3
GAO_GAO-08-401,GAO,10403,6
GAO_GAO-05-664T,GAO,4125,3
GAO_GAO-16-152,GAO,7933,4
GAO_GAO-12-384,GAO,7003,4
GAO_GAO-03-1108T,GAO,6457,4
GAO_GAO-10-581,GAO,131562,65
GAO_GAO-02-541,GAO,2848,2
GAO_GAO-06-895T,GAO,6154,4
GAO_GAO-06-622T,GAO,3467,2
GAO_GGD-95-182,GAO,14738,8
GAO_GAO-07-144,GAO,9561,5
GAO_GAO-16-335,GAO,6713,4
GAO_GAO-13-272,GAO,9193,5
GAO_GAO-12-411,GAO,7780,4
GAO_GAO-03-321,GAO,7990,4
GAO_GGD-96-230,GAO,3706,2
GAO_GGD-98-197,GAO,7268,4
GAO_GAO-17-383T,GAO,2658,2
GAO_GAO-08-731,GAO,6674,4
GAO_GAO-05-811T,GAO,3262,2
GAO_GAO-17-174,GAO,17545,9
GAO_GAO-12-325,GAO,16460,9
GAO_GAO-10-852T,GAO,4936,3
GAO_GAO-02-94T,GAO,5282,3
GAO_HEHS-98-208,GAO,21122,11
GAO_GAO-09-412T,GAO,3883,2
GAO_GAO-11-41,GAO,6791,4
GAO_GAO-08-1040,GAO,10481,6
GAO_GAO-09-242T,GAO,2985,2
GAO_GAO-10-706T,GAO,4421,3
GAO_GAO-10-47,GAO,13463,7
GAO_HEHS-98-198,GAO,11001,6
GAO_GAO-05-214,GAO,24604,13
GAO_GAO-12-838,GAO,16794,9
GAO_GAO-08-562T,GAO,4581,3
GAO_GAO-08-892,GAO,11303,6
GAO_GAO-11-713T,GAO,3389,2
GAO_GAO-07-645,GAO,11437,6
GAO_GAO-12-434,GAO,6041,3
GAO_GAO-14-308,GAO,13604,7
GAO_GAO-03-511,GAO,18269,9
GAO_GAO-17-112,GAO,14479,8
GAO_GAO-17-178,GAO,5738,3
GAO_GAO-10-192T,GAO,5662,3
GAO_GAO-08-536,GAO,20596,11
GAO_GAO-13-386,GAO,6035,3
GAO_AIMD-99-88,GAO,11917,6
GAO_NSIAD-96-138,GAO,6224,4
GAO_RCED-96-116,GAO,3610,2
GAO_HEHS-98-108,GAO,5138,3
GAO_PEMD-96-1,GAO,10025,5
GAO_GAO-15-711,GAO,13397,7
GAO_GAO-12-636T,GAO,3005,2
GAO_GAO-03-11,GAO,6611,4
GAO_GAO-07-1071,GAO,14102,7
GAO_NSIAD-98-204,GAO,8143,4
GAO_GAO-15-255,GAO,9812,5
GAO_GAO-15-161,GAO,12746,7
GAO_GAO-14-156,GAO,10351,6
GAO_GAO-09-82,GAO,14214,7
GAO_T-AIMD-00-268,GAO,4863,3
GAO_GAO-06-207T,GAO,5173,3
GAO_GAO-01-749,GAO,8087,4
GAO_GAO-09-20,GAO,12312,7
GAO_GAO-09-519T,GAO,3209,2
GAO_RCED-98-11,GAO,7121,4
GAO_GAO-16-622,GAO,10259,6
GAO_GAO-17-186,GAO,18649,10
GAO_GAO-01-723,GAO,21318,11
GAO_RCED-95-162,GAO,17756,9
GAO_GAO-12-55,GAO,18443,10
GAO_GAO-12-914,GAO,8651,5
GAO_HEHS-99-92,GAO,7374,4
GAO_GAO-08-1068,GAO,13562,7
GAO_GAO-12-470,GAO,7830,4
GAO_NSIAD-99-65,GAO,9249,5
GAO_GAO-07-90,GAO,14187,7
GAO_GAO-07-558T,GAO,9686,5
GAO_AIMD-97-149,GAO,8775,5
GAO_GAO-13-81,GAO,9195,5
GAO_GAO-02-452,GAO,4045,2
GAO_GAO-16-578T,GAO,5299,3
GAO_GAO-06-434,GAO,15204,8
GAO_GAO-13-104,GAO,12089,6
GAO_GAO-01-341,GAO,6929,4
GAO_T-GGD-99-150,GAO,8477,5
GAO_GAO-04-105,GAO,15354,8
GAO_GAO-05-785,GAO,79625,39
GAO_GAO-09-884T,GAO,7255,4
GAO_GAO-04-685T,GAO,5684,3
GAO_GAO-17-463,GAO,11847,6
GAO_GAO-15-677,GAO,15056,8
GAO_GAO-03-231,GAO,34498,17
GAO_GAO-10-744T,GAO,3733,2
GAO_GAO-12-623,GAO,6819,4
GAO_GGD-99-75,GAO,5620,3
GAO_GAO-03-642T,GAO,4655,3
GAO_GAO-09-433T,GAO,11713,6
GAO_GAO-10-290T,GAO,3404,2
GAO_AIMD-96-81,GAO,8384,5
GAO_GAO-03-587,GAO,6160,4
GAO_GAO-08-506T,GAO,5498,3
GAO_GAO-08-701T,GAO,5830,3
GAO_GGD-99-2,GAO,25084,13
GAO_GAO-04-637,GAO,12077,6
GAO_GAO-06-181T,GAO,17591,9
GAO_GGD-98-73,GAO,21929,11
GAO_GGD-95-143,GAO,8849,5
GAO_GAO-10-183T,GAO,3151,2
GAO_GAO-14-6,GAO,7826,4
GAO_HEHS-98-36,GAO,44919,22
GAO_T-RCED-99-101,GAO,4542,3
GAO_HEHS-97-2,GAO,13375,7
GAO_GAO-17-109,GAO,8550,5
GAO_GAO-07-1108T,GAO,5321,3
GAO_NSIAD-96-60,GAO,10176,5
GAO_GAO-08-609T,GAO,4315,3
GAO_NSIAD-99-67,GAO,4992,3
GAO_GAO-08-262,GAO,49278,25
GAO_GAO-05-372,GAO,19259,10
GAO_GAO-02-873T,GAO,11027,6
GAO_GAO-16-351,GAO,11077,6
GAO_GAO-14-485,GAO,8314,5
GAO_GAO-06-270,GAO,7331,4
GAO_GAO-14-680T,GAO,2796,2
GAO_AIMD-98-4,GAO,8858,5
GAO_GAO-06-888T,GAO,6097,3
GAO_GAO-11-940T,GAO,4208,3
GAO_NSIAD-99-54,GAO,6485,4
GAO_GAO-01-998T,GAO,3593,2
GAO_GAO-04-234,GAO,13212,7
GAO_GAO-05-709T,GAO,6516,4
GAO_GAO-03-204,GAO,22579,12
GAO_GAO-04-409,GAO,41412,21
GAO_GAO-04-846T,GAO,4584,3
GAO_GAO-15-758T,GAO,5822,3
GAO_GAO-05-155,GAO,7280,4
GAO_AIMD-98-72,GAO,10689,6
GAO_GAO-09-526,GAO,11397,6
GAO_GAO-08-895T,GAO,5582,3
GAO_GAO-13-27,GAO,4176,3
GAO_GAO-15-234,GAO,13276,7
GAO_GAO-15-215,GAO,7278,4
GAO_GAO-01-361,GAO,4137,3
GAO_GAO-06-1071T,GAO,4470,3
GAO_GAO-08-582,GAO,11244,6
GAO_GAO-03-727,GAO,10633,6
GAO_GAO-08-522T,GAO,2373,2
GAO_NSIAD-95-64,GAO,6385,4
GAO_GAO-06-1009T,GAO,6133,3
GAO_GGD-99-123,GAO,3345,2
GAO_GAO-01-1011,GAO,7755,4
GAO_RCED-95-209,GAO,24627,13
GAO_GAO-11-185T,GAO,3934,2
GAO_GAO-15-546T,GAO,6310,4
GAO_GAO-11-450T,GAO,4992,3
GAO_GAO-12-925,GAO,13864,7
GAO_GAO-06-25,GAO,14790,8
GAO_GAO-05-953,GAO,14223,7
GAO_GAO-01-832,GAO,5931,3
GAO_GAO-13-335T,GAO,6810,4
GAO_GAO-11-422T,GAO,12729,7
GAO_RCED-96-67,GAO,6998,4
GAO_GAO-07-1131,GAO,10584,6
GAO_GAO-03-301,GAO,8990,5
GAO_GAO-17-323,GAO,6984,4
GAO_GGD-99-54,GAO,5740,3
GAO_GAO-11-139,GAO,7538,4
GAO_GAO-16-158,GAO,9360,5
GAO_GAO-05-611,GAO,11862,6
GAO_GAO-01-934,GAO,19544,10
GAO_GAO-16-243,GAO,13927,7
GAO_GAO-16-498,GAO,7445,4
GAO_GAO-09-120,GAO,15928,8
GAO_GAO-04-756,GAO,24055,12
GAO_GAO-05-1014T,GAO,7005,4
GAO_GAO-03-313,GAO,9313,5
GAO_GAO-14-233,GAO,16619,9
GAO_HEHS-99-40,GAO,14744,8
GAO_GAO-14-410,GAO,16025,8
GAO_GAO-06-822T,GAO,7086,4
GAO_GAO-02-866T,GAO,7466,4
GAO_GAO-17-449,GAO,8047,4
GAO_GAO-09-479T,GAO,5800,3
GAO_GAO-09-612T,GAO,3370,2
GAO_GAO-02-53,GAO,10438,6
GAO_GAO-12-92,GAO,14379,8
GAO_GAO-06-184,GAO,26899,14
GAO_GAO-13-111,GAO,13310,7
GAO_GAO-08-402,GAO,8382,5
GAO_GAO-01-729,GAO,10166,5
GAO_GAO-11-703,GAO,14824,8
GAO_GAO-13-748T,GAO,3909,2
GAO_GAO-11-791,GAO,7373,4
GAO_GAO-10-126,GAO,17685,9
GAO_GAO-10-46,GAO,19312,10
GAO_HEHS-96-92,GAO,3892,2
GAO_NSIAD-97-12,GAO,14808,8
GAO_GAO-09-247T,GAO,2986,2
GAO_GAO-03-419SP,GAO,9242,5
GAO_GAO-01-177,GAO,14977,8
GAO_RCED-96-147,GAO,4442,3
GAO_GGD-95-170,GAO,23097,12
GAO_GAO-14-419,GAO,6346,4
GAO_OSI-98-9,GAO,7536,4
GAO_GAO-08-499T,GAO,3511,2
GAO_GAO-06-643,GAO,16055,8
GAO_GAO-15-662T,GAO,4855,3
GAO_GGD-96-145,GAO,20301,10
GAO_GAO-04-77,GAO,9856,5
GAO_GAO-07-364,GAO,8749,5
GAO_GAO-07-543T,GAO,4032,2
GAO_GAO-11-119,GAO,18184,9
GAO_GAO-13-51,GAO,6304,4
GAO_GAO-04-1085T,GAO,3745,2
GAO_GAO-07-883,GAO,13282,7
GAO_GAO-08-264,GAO,10190,5
GAO_GAO-13-128,GAO,8341,5
GAO_GAO-01-615,GAO,9055,5
GAO_GAO-17-456T,GAO,4680,3
GAO_GAO-10-693,GAO,10380,6
GAO_RCED-98-98,GAO,5910,3
GAO_GAO-08-1174T,GAO,9382,5
GAO_GGD-99-88,GAO,6005,3
GAO_NSIAD-99-56,GAO,5646,3
GAO_GAO-11-556T,GAO,5466,3
GAO_GAO-14-137,GAO,10900,6
GAO_GAO-12-385,GAO,9342,5
GAO_HEHS-98-20,GAO,22449,11
GAO_GAO-03-473T,GAO,8273,5
GAO_GAO-09-491,GAO,16997,9
GAO_GAO-10-909,GAO,10142,5
GAO_GAO-10-212T,GAO,3909,2
GAO_GAO-15-155,GAO,11815,6
GAO_GAO-01-1005T,GAO,3121,2
GAO_GAO-06-294,GAO,13551,7
GAO_GAO-14-728T,GAO,6225,4
GAO_GAO-04-3,GAO,17695,9
GAO_GAO-13-222,GAO,9697,5
GAO_GAO-16-291,GAO,5081,3
GAO_GAO-07-1128,GAO,17506,9
GAO_GGD-99-102,GAO,9868,5
GAO_GAO-16-641T,GAO,2817,2
GAO_GAO-10-1057T,GAO,3923,2
GAO_GAO-15-734T,GAO,3218,2
GAO_HEHS-96-87,GAO,10159,5
GAO_RCED-99-34,GAO,5939,3
GAO_GAO-11-137,GAO,8199,5
GAO_RCED-98-224,GAO,8912,5
GAO_GAO-10-969T,GAO,2540,2
GAO_GAO-08-630T,GAO,7501,4
GAO_GAO-11-812,GAO,13158,7
GAO_GAO-04-786,GAO,7865,4
GAO_GAO-17-710,GAO,4693,3
GAO_GAO-16-330,GAO,8490,5
GAO_GAO-06-1133T,GAO,3240,2
GAO_GAO-17-35,GAO,9254,5
GAO_GAO-11-83,GAO,10402,6
GAO_HEHS-98-17,GAO,7070,4
GAO_GAO-12-66,GAO,10428,6
GAO_GAO-03-1056,GAO,5609,3
GAO_AIMD-95-76,GAO,8202,5
GAO_GAO-08-560T,GAO,5941,3
GAO_NSIAD-97-172,GAO,4884,3
GAO_GAO-06-226T,GAO,4207,3
GAO_GAO-05-249,GAO,15078,8
GAO_GAO-16-766,GAO,3599,2
GAO_GAO-07-682T,GAO,2871,2
GAO_GAO-08-278T,GAO,3173,2
GAO_GAO-08-1099,GAO,6701,4
GAO_GAO-08-147,GAO,8398,5
GAO_GAO-05-221,GAO,19454,10
GAO_GAO-03-190,GAO,10675,6
GAO_GAO-02-524,GAO,9849,5
GAO_GAO-13-591,GAO,14569,8
GAO_NSIAD-98-152,GAO,5058,3
GAO_GAO-05-896T,GAO,7337,4
GAO_GAO-05-897,GAO,10107,5
GAO_GAO-02-830T,GAO,4219,3
GAO_GAO-08-508T,GAO,5397,3
GAO_GAO-12-141T,GAO,2506,2
GAO_GAO-07-522,GAO,10816,6
GAO_RCED-99-20,GAO,6851,4
GAO_GAO-05-711,GAO,7082,4
GAO_GAO-03-795,GAO,13370,7
GAO_GAO-02-784T,GAO,9450,5
GAO_GAO-06-678,GAO,14034,7
GAO_GAO-06-338,GAO,4736,3
GAO_GAO-12-343,GAO,12892,7
GAO_GAO-16-7,GAO,5707,3
GAO_NSIAD-98-67,GAO,8334,5
GAO_GAO-02-598T,GAO,5958,3
GAO_RCED-98-141,GAO,5063,3
GAO_NSIAD-98-2,GAO,3921,2
GAO_GAO-06-722,GAO,11064,6
GAO_GAO-06-380,GAO,9691,5
GAO_GAO-13-651,GAO,9948,5
GAO_GGD-95-78,GAO,7447,4
GAO_GAO-03-17,GAO,5112,3
GAO_GAO-14-620T,GAO,4228,3
GAO_GAO-04-751T,GAO,3783,2
GAO_AIMD-95-19,GAO,4730,3
GAO_GAO-10-390,GAO,33695,17
GAO_AIMD-98-45,GAO,6470,4
GAO_GAO-02-238,GAO,10908,6
GAO_GAO-17-293,GAO,14336,7
GAO_GAO-17-411,GAO,8939,5
GAO_GAO-02-812T,GAO,3159,2
GAO_GAO-07-129T,GAO,8866,5
GAO_GAO-14-785T,GAO,3415,2
GAO_GAO-07-578,GAO,10477,6
GAO_GAO-15-769T,GAO,3346,2
GAO_GAO-15-487,GAO,6628,4
GAO_GAO-07-1073T,GAO,5186,3
GAO_GAO-12-685,GAO,12863,7
GAO_GAO-17-189,GAO,6778,4
GAO_GAO-13-206,GAO,4531,3
GAO_GAO-11-633T,GAO,5450,3
GAO_RCED-99-43,GAO,9990,5
GAO_GAO-12-642T,GAO,7876,4
GAO_GAO-11-27,GAO,15890,8
GAO_GAO-06-548T,GAO,6619,4
GAO_GAO-11-829T,GAO,3318,2
GAO_GAO-05-378,GAO,7942,4
GAO_GAO-10-79,GAO,17336,9
GAO_GAO-10-185,GAO,5675,3
GAO_GAO-07-770,GAO,19846,10
GAO_GAO-08-564,GAO,8029,4
GAO_GAO-06-477T,GAO,7901,4
GAO_GAO-09-832T,GAO,3507,2
GAO_GAO-04-36,GAO,10678,6
GAO_RCED-99-4,GAO,15581,8
GAO_GAO-07-1038T,GAO,2524,2
GAO_GAO-08-517,GAO,8855,5
GAO_GAO-06-531T,GAO,2604,2
GAO_RCED-98-14,GAO,6287,4
GAO_GAO-05-116,GAO,7186,4
GAO_GAO-13-640,GAO,10124,5
GAO_GAO-12-348,GAO,11929,6
GAO_GAO-09-347,GAO,8475,5
GAO_GAO-14-64,GAO,9057,5
GAO_GAO-07-919,GAO,8604,5
GAO_GAO-11-806,GAO,8975,5
GAO_T-RCED-98-119,GAO,7402,4
GAO_HEHS-96-131,GAO,7645,4
GAO_GGD-96-20,GAO,49750,25
GAO_GAO-14-29,GAO,9205,5
GAO_GAO-05-275,GAO,40077,20
GAO_GAO-03-1093,GAO,12742,7
GAO_GAO-07-264,GAO,9379,5
GAO_GAO-10-569T,GAO,3316,2
GAO_GAO-05-655T,GAO,4572,3
GAO_GAO-17-675,GAO,26485,13
GAO_GAO-12-459T,GAO,4426,3
GAO_T-GGD-98-121,GAO,8499,5
GAO_GAO-10-113,GAO,22111,11
GAO_GAO-12-913T,GAO,5666,3
GAO_GAO-09-662T,GAO,2377,2
GAO_GAO-08-822,GAO,14564,8
GAO_GAO-16-446,GAO,13652,7
GAO_GAO-02-612,GAO,18518,10
GAO_GAO-13-858T,GAO,4706,3
GAO_GAO-10-649T,GAO,4506,3
GAO_T-AIMD-98-218,GAO,5274,3
GAO_GAO-16-20,GAO,17842,9
GAO_GAO-04-799,GAO,9672,5
GAO_GAO-16-513,GAO,15931,8
GAO_GAO-13-689,GAO,13501,7
GAO_GAO-14-15,GAO,15339,8
GAO_GAO-13-464T,GAO,3185,2
GAO_GAO-09-459T,GAO,4118,3
GAO_HEHS-95-40,GAO,7436,4
GAO_HEHS-95-142,GAO,9150,5
GAO_GAO-07-990,GAO,8414,5
GAO_GAO-04-750,GAO,9457,5
GAO_GAO-11-876T,GAO,4323,3
GAO_GAO-02-141T,GAO,6378,4
GAO_GAO-11-206,GAO,9613,5
GAO_GAO-03-576,GAO,14188,7
GAO_GAO-10-525,GAO,19155,10
GAO_GAO-11-335,GAO,9518,5
GAO_GAO-07-993,GAO,21996,11
GAO_GAO-08-230T,GAO,3212,2
GAO_GAO-15-96,GAO,14885,8
GAO_GAO-06-164T,GAO,3225,2
GAO_NSIAD-95-44,GAO,3624,2
GAO_GAO-07-839,GAO,8952,5
GAO_GAO-10-816,GAO,12899,7
GAO_GAO-10-842T,GAO,10174,5
GAO_GAO-15-211,GAO,11148,6
GAO_NSIAD-95-18,GAO,4466,3
GAO_GAO-10-662T,GAO,4366,3
GAO_GAO-13-759,GAO,8486,5
GAO_GAO-01-679,GAO,15238,8
GAO_GAO-17-610,GAO,6667,4
GAO_GAO-12-226T,GAO,3936,2
GAO_GAO-03-227,GAO,6373,4
GAO_AIMD-97-20,GAO,10280,6
GAO_GAO-16-704,GAO,12359,7
GAO_GAO-05-73,GAO,6260,4
GAO_RCED-95-126,GAO,7210,4
GAO_NSIAD-95-51,GAO,17919,9
GAO_T-RCED-98-240,GAO,2559,2
GAO_GAO-15-359,GAO,4127,3
GAO_GAO-09-29,GAO,13387,7
GAO_GAO-02-149T,GAO,6371,4
GAO_GAO-10-485T,GAO,3846,2
GAO_GAO-14-354,GAO,10276,6
GAO_GAO-05-817,GAO,9108,5
GAO_HEHS-99-30,GAO,16071,8
GAO_GAO-16-154,GAO,6827,4
GAO_T-AIMD-97-174,GAO,4580,3
GAO_GAO-11-288,GAO,24239,12
GAO_GAO-11-704T,GAO,5235,3
GAO_GAO-10-453,GAO,9265,5
GAO_GAO-17-582,GAO,5907,3
GAO_GAO-02-1071,GAO,3493,2
GAO_GAO-05-625T,GAO,9348,5
GAO_GAO-16-87,GAO,11990,6
GAO_HEHS-97-57,GAO,5927,3
GAO_GAO-02-442,GAO,13067,7
GAO_RCED-98-111,GAO,21658,11
GAO_RCED-99-65,GAO,14477,8
GAO_T-HEHS-98-214,GAO,5541,3
GAO_GAO-16-669,GAO,12377,7
GAO_GAO-16-611,GAO,11818,6
GAO_GAO-13-186T,GAO,2353,2
GAO_GAO-16-106,GAO,7402,4
GAO_GAO-03-385,GAO,12527,7
GAO_GAO-10-9,GAO,10933,6
GAO_GAO-01-746,GAO,3059,2
GAO_GAO-08-413T,GAO,7437,4
GAO_GAO-09-575,GAO,17435,9
GAO_GGD-98-174,GAO,11189,6
GAO_GAO-09-775,GAO,5908,3
GAO_GAO-12-1035T,GAO,3972,2
GAO_GAO-08-688T,GAO,12664,7
GAO_GAO-09-647,GAO,7000,4
GAO_GAO-04-711T,GAO,3893,2
GAO_GAO-16-590T,GAO,6003,3
GAO_GAO-03-144,GAO,14435,8
GAO_GAO-08-33,GAO,15572,8
GAO_GAO-04-657,GAO,13625,7
GAO_GGD-96-137,GAO,3838,2
GAO_GAO-04-395,GAO,11559,6
GAO_GAO-06-483,GAO,14627,8
GAO_GAO-05-21,GAO,12297,7
GAO_GAO-12-133,GAO,6303,4
GAO_GAO-14-568T,GAO,4023,2
GAO_GAO-08-687T,GAO,3885,2
GAO_GAO-10-115,GAO,14121,7
GAO_GGD-99-68,GAO,23596,12
GAO_GAO-05-120,GAO,10052,5
GAO_GAO-05-552,GAO,14485,8
GAO_T-GGD-98-13,GAO,5219,3
GAO_GAO-05-17,GAO,3442,2
GAO_GAO-07-691,GAO,8266,5
GAO_GAO-01-552,GAO,6023,3
GAO_RCED-98-102,GAO,13721,7
GAO_GAO-09-226,GAO,14325,7
GAO_GAO-16-727,GAO,9134,5
GAO_GAO-06-162,GAO,15996,8
GAO_GAO-11-500,GAO,13269,7
GAO_GAO-08-714,GAO,12411,7
GAO_GAO-12-266,GAO,9548,5
GAO_GAO-03-742T,GAO,3513,2
GAO_T-HEHS-96-138,GAO,5104,3
GAO_GAO-15-684,GAO,11090,6
GAO_GAO-12-876T,GAO,3680,2
GAO_GAO-15-794,GAO,7046,4
GAO_GAO-12-365T,GAO,5175,3
GAO_GAO-02-947T,GAO,3014,2
GAO_GAO-17-4,GAO,12230,6
GAO_GAO-03-236,GAO,8064,4
GAO_GAO-17-100,GAO,5566,3
GAO_GAO-11-115,GAO,12156,6
GAO_GAO-11-12,GAO,18033,9
GAO_GAO-17-304,GAO,5433,3
GAO_GAO-16-432,GAO,9895,5
GAO_GAO-01-426,GAO,4467,3
GAO_GAO-17-553,GAO,14154,7
GAO_GAO-12-798T,GAO,3230,2
GAO_GGD-99-20,GAO,39627,20
GAO_GAO-08-238T,GAO,4164,3
GAO_GAO-10-34,GAO,14550,8
GAO_GAO-06-1025,GAO,18517,10
GAO_GAO-06-592,GAO,5964,3
GAO_GAO-13-309,GAO,12033,6
GAO_HEHS-99-26,GAO,15672,8
GAO_GAO-14-341,GAO,6457,4
GAO_GAO-02-514T,GAO,2318,2
GAO_GAO-01-610,GAO,12182,6
GAO_AIMD-98-17,GAO,10734,6
GAO_GAO-16-316,GAO,12936,7
GAO_GAO-06-715T,GAO,3050,2
GAO_GAO-05-368,GAO,7927,4
GAO_T-HEHS-97-76,GAO,4222,3
GAO_GAO-14-635,GAO,11017,6
GAO_GAO-16-552,GAO,25244,13
GAO_GAO-06-1091T,GAO,9874,5
GAO_GAO-17-120,GAO,6656,4
GAO_GAO-10-36,GAO,9790,5
GAO_GAO-16-490,GAO,12107,6
GAO_GAO-08-1157T,GAO,3531,2
GAO_GAO-03-546T,GAO,5642,3
GAO_GAO-01-674T,GAO,6621,4
GAO_GAO-17-651T,GAO,9200,5
GAO_NSIAD-96-92,GAO,6729,4
GAO_GAO-06-211,GAO,9188,5
GAO_GAO-01-1071,GAO,8987,5
GAO_T-GGD-97-88,GAO,4098,3
GAO_GAO-16-166,GAO,12567,7
GAO_HEHS-97-53,GAO,8795,5
GAO_T-RCED-98-37,GAO,3731,2
GAO_NSIAD-96-59,GAO,4763,3
GAO_GAO-02-26,GAO,9736,5
GAO_HEHS-96-101,GAO,10384,6
GAO_RCED-98-136,GAO,3053,2
GAO_GAO-07-77,GAO,7040,4
GAO_GAO-11-103,GAO,10607,6
GAO_GAO-02-90,GAO,19697,10
GAO_NSIAD-95-180,GAO,4672,3
GAO_GAO-02-317,GAO,6680,4
GAO_GAO-08-255T,GAO,2870,2
GAO_GAO-14-543,GAO,9207,5
GAO_GAO-04-916,GAO,11581,6
GAO_GAO-05-934T,GAO,4934,3
GAO_GAO-10-611,GAO,12927,7
GAO_HEHS-95-22,GAO,8795,5
GAO_RCED-96-186,GAO,5221,3
GAO_RCED-97-250,GAO,4330,3
GAO_GAO-11-535T,GAO,2940,2
GAO_GAO-07-212,GAO,13725,7
GAO_GAO-06-425,GAO,13461,7
GAO_GAO-04-1098T,GAO,4494,3
GAO_GAO-04-1061T,GAO,5103,3
GAO_GAO-04-98,GAO,7514,4
GAO_GAO-17-36,GAO,23373,12
GAO_GAO-12-961T,GAO,6716,4
GAO_GAO-03-1155T,GAO,4867,3
GAO_GAO-06-710,GAO,5132,3
GAO_GGD-97-6,GAO,15526,8
GAO_GAO-06-378,GAO,12494,7
GAO_GAO-01-689,GAO,13542,7
GAO_GAO-17-74,GAO,9261,5
GAO_GGD-97-18,GAO,17756,9
GAO_GAO-13-303,GAO,19912,10
GAO_GAO-06-496,GAO,12713,7
GAO_NSIAD-95-116,GAO,13540,7
GAO_NSIAD-96-34,GAO,7626,4
GAO_GAO-09-442,GAO,11998,6
GAO_GAO-17-44,GAO,4028,2
GAO_GAO-15-285,GAO,5145,3
GAO_GAO-10-389,GAO,8189,4
GAO_HEHS-98-8,GAO,8873,5
GAO_GAO-14-422,GAO,13854,7
GAO_AIMD-98-29,GAO,3783,2
GAO_GAO-09-835T,GAO,6794,4
GAO_GAO-07-232,GAO,11961,6
GAO_GAO-14-579,GAO,6993,4
GAO_GAO-11-795,GAO,9737,5
GAO_GAO-04-503,GAO,8376,5
GAO_GAO-17-281,GAO,3973,2
GAO_GAO-08-59,GAO,23049,12
GAO_GAO-13-182,GAO,9236,5
GAO_GAO-10-165T,GAO,5429,3
GAO_GAO-14-398T,GAO,4829,3
GAO_GAO-08-305,GAO,13106,7
GAO_GAO-14-515,GAO,18032,9
GAO_GAO-07-988T,GAO,4417,3
GAO_GAO-11-836,GAO,11480,6
GAO_GAO-01-1054T,GAO,6862,4
GAO_GAO-03-1004,GAO,19658,10
GAO_GAO-11-683,GAO,8689,5
GAO_GAO-03-450,GAO,12690,7
GAO_GAO-08-1063,GAO,10340,6
GAO_GAO-04-246,GAO,13077,7
GAO_GAO-07-1036,GAO,11451,6
GAO_GAO-04-233,GAO,19538,10
GAO_GAO-04-111,GAO,5044,3
GAO_GAO-17-766T,GAO,4056,2
GAO_GAO-15-497,GAO,6603,4
GAO_GAO-05-488,GAO,4363,3
GAO_GAO-14-114,GAO,19959,10
GAO_GAO-05-392T,GAO,5312,3
GAO_GAO-04-274,GAO,13975,7
GAO_GAO-02-515,GAO,19743,10
GAO_GAO-11-531T,GAO,4543,3
GAO_HEHS-98-5,GAO,6881,4
GAO_GAO-04-903T,GAO,4535,3
GAO_GAO-08-1060,GAO,7436,4
GAO_GAO-03-911T,GAO,3762,2
GAO_GAO-16-431T,GAO,5197,3
GAO_GAO-06-824,GAO,8715,5
GAO_GAO-11-733,GAO,22224,11
GAO_GAO-12-991,GAO,19185,10
GAO_GAO-10-753T,GAO,10745,6
GAO_GAO-06-1003,GAO,9284,5
GAO_GAO-05-491,GAO,12755,7
GAO_GAO-01-183,GAO,7749,4
GAO_PEMD-95-3,GAO,8651,5
GAO_GAO-03-176,GAO,7740,4
GAO_GAO-14-382T,GAO,7041,4
GAO_GAO-04-625T,GAO,3366,2
GAO_GAO-13-292,GAO,6037,3
GAO_GAO-08-1064T,GAO,4970,3
GAO_GGD-99-85,GAO,25893,13
GAO_GAO-11-711,GAO,5248,3
GAO_GAO-09-836,GAO,14258,7
GAO_GAO-10-331,GAO,15517,8
GAO_GAO-03-759T,GAO,15214,8
GAO_HEHS-98-122,GAO,5806,3
GAO_GAO-15-31,GAO,14800,8
GAO_GAO-12-505,GAO,16916,9
GAO_GAO-11-635T,GAO,9821,5
GAO_GAO-09-447,GAO,2269,2
GAO_GAO-15-597T,GAO,5008,3
GAO_GAO-04-1033T,GAO,8014,4
GAO_GAO-02-780,GAO,6206,4
GAO_GAO-03-5,GAO,7278,4
GAO_GAO-06-322T,GAO,6941,4
GAO_GAO-03-43,GAO,11977,6
GAO_GAO-04-811T,GAO,2967,2
GAO_GAO-04-216,GAO,29192,15
GAO_GAO-17-177,GAO,15563,8
GAO_HEHS-99-95,GAO,8127,4
GAO_AIMD-96-63,GAO,10496,6
GAO_GAO-15-124,GAO,14293,7
GAO_GAO-09-671,GAO,5709,3
GAO_GAO-03-861,GAO,4656,3
GAO_GAO-11-311,GAO,13486,7
GAO_GAO-01-812,GAO,9641,5
GAO_GAO-16-53,GAO,6592,4
GAO_GAO-04-960,GAO,15217,8
GAO_NSIAD-96-144,GAO,6015,3
GAO_RCED-96-123,GAO,20518,11
GAO_GAO-13-865T,GAO,7054,4
GAO_GAO-06-456T,GAO,2698,2
GAO_RCED-99-35,GAO,8858,5
GAO_GAO-10-213,GAO,9823,5
GAO_GAO-14-111,GAO,6627,4
GAO_GAO-08-504,GAO,10058,5
GAO_GAO-10-798,GAO,7728,4
GAO_GAO-16-443,GAO,11449,6
GAO_GAO-04-474T,GAO,7705,4
GAO_GAO-14-705T,GAO,4572,3
GAO_GAO-08-388,GAO,15348,8
GAO_GAO-14-317,GAO,6356,4
GAO_T-HEHS-97-94,GAO,4668,3
GAO_T-HEHS-98-113,GAO,6217,4
GAO_GAO-04-652,GAO,17636,9
GAO_GAO-03-741T,GAO,2873,2
GAO_GAO-08-142T,GAO,2981,2
GAO_GAO-04-448,GAO,13626,7
GAO_GAO-16-624,GAO,5369,3
GAO_GAO-10-968,GAO,9612,5
GAO_GAO-16-424,GAO,3618,2
GAO_AIMD-99-126,GAO,6089,3
GAO_GAO-15-40,GAO,8805,5
GAO_GAO-01-198,GAO,4684,3
GAO_GAO-17-725,GAO,10983,6
GAO_GAO-01-984,GAO,14669,8
GAO_GAO-16-880T,GAO,6393,4
GAO_GAO-06-271,GAO,4813,3
GAO_GAO-10-299,GAO,9286,5
GAO_GAO-08-360,GAO,11944,6
GAO_GAO-14-829T,GAO,6224,4
GAO_T-AIMD-97-84,GAO,6738,4
GAO_HEHS-96-154,GAO,13737,7
GAO_T-NSIAD-98-101,GAO,4443,3
GAO_GAO-03-1170T,GAO,2180,2
GAO_GAO-13-180,GAO,27262,14
GAO_AIMD-97-154,GAO,3349,2
GAO_GAO-15-614,GAO,13162,7
GAO_GAO-04-38,GAO,30203,15
GAO_GAO-04-1029,GAO,21700,11
GAO_GAO-08-1094,GAO,12761,7
GAO_GAO-16-483,GAO,11335,6
GAO_GAO-08-668,GAO,10892,6
GAO_GAO-03-593,GAO,17067,9
GAO_GAO-12-292T,GAO,4137,3
GAO_GAO-08-618,GAO,6684,4
GAO_GAO-03-1073,GAO,8085,4
GAO_GAO-10-64,GAO,15167,8
GAO_RCED-98-239,GAO,7889,4
GAO_GAO-10-108,GAO,8116,4
GAO_GGD-98-117,GAO,18976,10
GAO_GAO-13-767T,GAO,5229,3
GAO_GAO-09-651,GAO,10738,6
GAO_T-GGD-96-99,GAO,6250,4
GAO_GAO-17-496,GAO,15918,8
GAO_GAO-01-845T,GAO,6113,3
GAO_GAO-16-100,GAO,8271,5
GAO_GAO-13-610T,GAO,2545,2
GAO_GAO-10-666T,GAO,2731,2
GAO_GAO-01-318,GAO,10480,6
GAO_T-AIMD-96-46,GAO,5776,3
GAO_T-HEHS-99-108,GAO,4639,3
GAO_GAO-08-638T,GAO,5233,3
GAO_GAO-07-398T,GAO,11418,6
GAO_AIMD-99-15,GAO,9176,5
GAO_GAO-08-38,GAO,9436,5
GAO_T-AIMD-98-195,GAO,5123,3
GAO_GAO-04-450,GAO,10220,5
GAO_T-NSIAD-98-106,GAO,3894,2
GAO_GAO-15-448,GAO,12576,7
GAO_GAO-14-555,GAO,21804,11
GAO_RCED-98-235,GAO,3369,2
GAO_T-NSIAD-96-122,GAO,5798,3
GAO_GAO-02-357,GAO,25626,13
GAO_GAO-14-270,GAO,8065,4
GAO_HEHS-97-38,GAO,14954,8
GAO_GAO-13-790,GAO,8574,5
GAO_GAO-11-472,GAO,7680,4
GAO_GAO-09-141,GAO,10032,5
GAO_GAO-04-911,GAO,39543,20
GAO_T-RCED-99-96,GAO,3031,2
GAO_GAO-15-372,GAO,9001,5
GAO_GAO-06-16,GAO,7604,4
GAO_GAO-07-844,GAO,6500,4
GAO_AIMD-99-19,GAO,8831,5
GAO_GAO-15-329,GAO,19549,10
GAO_GAO-07-997T,GAO,2522,2
GAO_HEHS-98-192,GAO,10342,6
GAO_GAO-02-957T,GAO,10444,6
GAO_GAO-13-389,GAO,7877,4
GAO_GAO-06-800T,GAO,4326,3
GAO_GAO-12-994T,GAO,4540,3
GAO_GAO-13-471,GAO,15769,8
GAO_GAO-10-948T,GAO,9509,5
GAO_GAO-16-811,GAO,8686,5
GAO_T-NSIAD-97-112,GAO,17860,9
GAO_NSIAD-95-39,GAO,5846,3
GAO_RCED-99-6,GAO,13275,7
GAO_GAO-01-987,GAO,7180,4
GAO_T-AIMD-99-186,GAO,3670,2
GAO_RCED-96-13,GAO,11815,6
GAO_GAO-13-359T,GAO,11439,6
GAO_T-RCED-98-112,GAO,5532,3
GAO_GAO-12-388,GAO,8137,4
GAO_GAO-08-1013T,GAO,6833,4
GAO_GAO-09-257,GAO,15764,8
GAO_GAO-07-427T,GAO,4343,3
GAO_GAO-08-343,GAO,7662,4
GAO_GGD-00-40,GAO,10996,6
GAO_GAO-08-160,GAO,12446,7
GAO_GAO-16-762T,GAO,5235,3
GAO_GAO-02-680,GAO,11093,6
GAO_GAO-13-535,GAO,6040,3
GAO_RCED-99-163,GAO,3679,2
GAO_HEHS-98-116,GAO,9079,5
GAO_GAO-16-261,GAO,12827,7
GAO_GAO-13-445,GAO,11919,6
GAO_NSIAD-96-237,GAO,5341,3
GAO_GGD-97-156,GAO,6683,4
GAO_GAO-09-579,GAO,10001,5
GAO_GAO-07-20,GAO,13664,7
GAO_GAO-10-740T,GAO,3140,2
GAO_GAO-15-241T,GAO,7598,4
GAO_GAO-13-67,GAO,9781,5
GAO_HEHS-98-140,GAO,17480,9
GAO_GAO-09-856,GAO,14245,7
GAO_GAO-05-645,GAO,11083,6
GAO_GAO-13-345,GAO,11495,6
GAO_GAO-03-956,GAO,16666,9
GAO_GAO-05-199,GAO,21677,11
GAO_GAO-04-131T,GAO,2951,2
GAO_GAO-08-312T,GAO,2237,2
GAO_GAO-10-186T,GAO,7771,4
GAO_AIMD-98-223,GAO,3819,2
GAO_RCED-97-30,GAO,17006,9
GAO_GAO-10-134,GAO,15497,8
GAO_GAO-10-491,GAO,7346,4
GAO_GAO-07-910T,GAO,7452,4
GAO_GAO-02-120,GAO,5088,3
GAO_GAO-13-462T,GAO,9231,5
GAO_GAO-08-1053,GAO,11194,6
GAO_GGD-95-126,GAO,10935,6
GAO_NSIAD-99-18,GAO,6113,3
GAO_GAO-02-39,GAO,4519,3
GAO_GAO-10-16,GAO,29385,15
GAO_NSIAD-95-140,GAO,4606,3
GAO_GAO-05-444T,GAO,3509,2
GAO_GAO-03-287,GAO,6605,4
GAO_GAO-07-1107T,GAO,5071,3
GAO_NSIAD-96-88,GAO,10639,6
GAO_GAO-02-993T,GAO,7977,4
GAO_GAO-03-824,GAO,20516,11
GAO_GAO-13-644,GAO,6908,4
GAO_GAO-05-136,GAO,8332,5
GAO_HEHS-97-102,GAO,15726,8
GAO_GAO-11-237,GAO,20440,10
GAO_GAO-13-704T,GAO,4788,3
GAO_GAO-08-126T,GAO,19156,10
GAO_GAO-01-629,GAO,31424,16
GAO_T-HEHS-98-85,GAO,3924,2
GAO_GAO-03-465,GAO,8877,5
GAO_GAO-16-110,GAO,10386,6
GAO_GAO-10-446,GAO,17435,9
GAO_GAO-06-458T,GAO,3993,2
GAO_AIMD-97-9,GAO,3363,2
GAO_GAO-08-977,GAO,10098,5
GAO_GAO-05-410,GAO,11756,6
GAO_GAO-04-303,GAO,15469,8
GAO_GAO-09-131,GAO,16597,9
GAO_GAO-15-756,GAO,11958,6
GAO_GAO-08-982,GAO,9005,5
GAO_HEHS-96-29,GAO,10140,5
GAO_GAO-06-810,GAO,11645,6
GAO_GAO-02-1056,GAO,17667,9
GAO_GAO-14-222,GAO,9277,5
GAO_GAO-01-884,GAO,6801,4
GAO_GAO-02-610,GAO,7917,4
GAO_GAO-07-211,GAO,12980,7
GAO_HEHS-98-65,GAO,8888,5
GAO_GAO-15-280,GAO,7453,4
GAO_NSIAD-95-150,GAO,18430,9
GAO_GAO-04-539,GAO,9288,5
GAO_AIMD-97-146,GAO,16893,9
GAO_GAO-12-64,GAO,24339,12
GAO_GAO-06-967,GAO,20968,11
GAO_GAO-09-292,GAO,16336,8
GAO_GAO-14-776T,GAO,3456,2
GAO_NSIAD-96-129,GAO,19541,10
GAO_GAO-04-974T,GAO,5082,3
GAO_T-RCED-98-219,GAO,3638,2
GAO_GAO-13-784T,GAO,4166,3
GAO_GAO-11-432,GAO,11714,6
GAO_GAO-17-55,GAO,8739,5
GAO_GAO-14-648,GAO,16228,8
GAO_GAO-11-858,GAO,13271,7
GAO_GAO-03-881T,GAO,3718,2
GAO_GAO-08-41,GAO,13686,7
GAO_GAO-13-529T,GAO,3970,2
GAO_GAO-04-703,GAO,13244,7
GAO_GAO-02-121,GAO,10172,5
GAO_GAO-02-311,GAO,11987,6
GAO_GAO-15-596,GAO,7702,4
GAO_GAO-12-776,GAO,13371,7
GAO_NSIAD-96-48,GAO,5469,3
GAO_NSIAD-98-100,GAO,15402,8
GAO_GAO-08-154T,GAO,2649,2
GAO_GAO-08-599,GAO,17852,9
GAO_GAO-05-754T,GAO,7585,4
GAO_AIMD-96-123,GAO,7117,4
GAO_GAO-07-430,GAO,8756,5
GAO_GAO-03-932T,GAO,2952,2
GAO_GAO-16-129,GAO,11218,6
GAO_T-HEHS-98-212,GAO,3688,2
GAO_GAO-09-466T,GAO,6954,4
GAO_GAO-08-713T,GAO,6098,3
GAO_GAO-02-312,GAO,11847,6
GAO_GAO-05-466T,GAO,8642,5
GAO_GAO-03-135,GAO,8313,5
GAO_RCED-95-171,GAO,21420,11
GAO_GAO-07-625T,GAO,6105,3
GAO_GAO-07-1153,GAO,9961,5
GAO_GAO-11-543T,GAO,6327,4
GAO_GGD-98-118,GAO,15074,8
GAO_GAO-07-231,GAO,19123,10
GAO_GAO-04-568T,GAO,3810,2
GAO_RCED-99-36,GAO,6534,4
GAO_GAO-08-89,GAO,6360,4
GAO_GAO-15-817,GAO,5249,3
GAO_GAO-17-135,GAO,9696,5
GAO_GAO-04-1093T,GAO,4479,3
GAO_GAO-04-486T,GAO,3252,2
GAO_GGD-96-61,GAO,34554,17
GAO_NSIAD-97-63,GAO,10650,6
GAO_GAO-01-928,GAO,9885,5
GAO_GAO-05-179,GAO,10126,5
GAO_RCED-97-12,GAO,18405,9
GAO_GAO-02-255,GAO,8692,5
GAO_GAO-04-726,GAO,11244,6
GAO_NSIAD-96-131,GAO,12270,6
GAO_GAO-10-65,GAO,7324,4
GAO_GAO-04-687,GAO,3079,2
GAO_GAO-08-289,GAO,15266,8
GAO_NSIAD-96-53,GAO,5178,3
GAO_GAO-06-523T,GAO,6553,4
GAO_GAO-17-317,GAO,237967,117
GAO_GAO-08-529,GAO,13394,7
GAO_GGD-97-110,GAO,6369,4
GAO_GAO-10-630,GAO,15229,8
GAO_GAO-02-351,GAO,12757,7
GAO_RCED-98-132,GAO,6636,4
GAO_GAO-12-32,GAO,4962,3
GAO_NSIAD-97-230,GAO,11425,6
GAO_GAO-14-299,GAO,10023,5
GAO_GAO-06-968,GAO,6570,4
GAO_GAO-09-289,GAO,15089,8
GAO_GAO-07-505,GAO,13202,7
GAO_RCED-99-102,GAO,23065,12
GAO_GAO-13-484T,GAO,3117,2
GAO_GAO-11-20,GAO,9142,5
GAO_GAO-08-445T,GAO,2398,2
GAO_NSIAD-98-89,GAO,8843,5
GAO_HEHS-98-24,GAO,14056,7
GAO_NSIAD-98-22,GAO,9768,5
GAO_GAO-09-28,GAO,13364,7
GAO_T-RCED-98-35,GAO,3332,2
GAO_GAO-09-386,GAO,26996,14
GAO_GAO-03-1137T,GAO,7361,4
GAO_NSIAD-96-36,GAO,7865,4
GAO_GAO-03-638,GAO,23778,12
GAO_GAO-06-535,GAO,16294,8
GAO_GAO-03-557T,GAO,5361,3
GAO_GAO-14-356,GAO,10742,6
GAO_T-RCED-96-112,GAO,7293,4
GAO_HEHS-96-161,GAO,6558,4
GAO_GAO-05-760T,GAO,6568,4
GAO_NSIAD-99-61,GAO,7212,4
GAO_GAO-15-105,GAO,11746,6
GAO_GAO-04-11,GAO,10813,6
GAO_GAO-08-1026T,GAO,7420,4
GAO_GAO-09-808T,GAO,5643,3
GAO_GAO-16-453,GAO,13300,7
GAO_GAO-04-208,GAO,15380,8
GAO_T-HEHS-97-113,GAO,2784,2
GAO_GAO-07-858T,GAO,4736,3
GAO_GAO-08-598,GAO,10480,6
GAO_NSIAD-96-42,GAO,6065,3
GAO_GAO-16-319,GAO,7396,4
GAO_NSIAD-96-21,GAO,5072,3
GAO_GAO-06-408,GAO,6962,4
GAO_GAO-04-175,GAO,14503,8
GAO_GAO-10-394,GAO,20498,11
GAO_HEHS-95-135,GAO,9602,5
GAO_GAO-07-412,GAO,13593,7
GAO_GAO-07-58,GAO,9830,5
GAO_GAO-05-660,GAO,11399,6
GAO_RCED-99-153,GAO,6807,4
GAO_GAO-16-341,GAO,19998,10
GAO_GAO-13-675,GAO,26544,13
GAO_GAO-15-585,GAO,15463,8
GAO_GAO-16-771,GAO,10167,5
GAO_GAO-13-160,GAO,9610,5
GAO_GAO-04-281,GAO,7397,4
GAO_GAO-15-70,GAO,8097,4
GAO_GAO-06-758,GAO,17208,9
GAO_GAO-07-606T,GAO,3023,2
GAO_GAO-15-119,GAO,9791,5
GAO_GAO-11-865T,GAO,5010,3
GAO_GAO-08-199T,GAO,6204,4
GAO_GAO-03-329,GAO,4788,3
GAO_GAO-16-40,GAO,9756,5
GAO_GAO-05-371,GAO,10831,6
GAO_T-HEHS-96-102,GAO,3351,2
GAO_GAO-05-633,GAO,15078,8
GAO_GAO-12-47,GAO,12718,7
GAO_GAO-09-178,GAO,19245,10
GAO_GAO-07-304,GAO,9616,5
GAO_GAO-11-297,GAO,27219,14
GAO_GAO-04-964,GAO,14623,8
GAO_GAO-16-55,GAO,9461,5
GAO_GAO-02-79,GAO,16418,9
GAO_GAO-04-773T,GAO,6130,3
GAO_GAO-01-804,GAO,4193,3
GAO_GAO-12-930,GAO,16819,9
GAO_GAO-12-862,GAO,9938,5
GAO_HEHS-98-229,GAO,5826,3
GAO_GAO-06-629,GAO,16742,9
GAO_GAO-14-102,GAO,9727,5
GAO_GAO-02-92,GAO,6965,4
GAO_RCED-95-168,GAO,5799,3
GAO_GAO-09-275,GAO,15222,8
GAO_GAO-13-785,GAO,2290,2
GAO_GAO-17-649,GAO,11171,6
GAO_GAO-04-881,GAO,14115,7
GAO_GAO-08-1019T,GAO,5490,3
GAO_GAO-12-721,GAO,12440,7
GAO_NSIAD-96-224,GAO,6341,4
GAO_T-RCED-97-105,GAO,4440,3
GAO_GAO-07-1129,GAO,9480,5
GAO_GAO-04-944,GAO,9442,5
GAO_GAO-17-564,GAO,8645,5
GAO_GAO-05-307T,GAO,7549,4
GAO_NSIAD-96-172,GAO,8786,5
GAO_GAO-10-378,GAO,20690,11
GAO_HEHS-97-21,GAO,12192,6
GAO_GAO-05-55,GAO,32186,16
GAO_GAO-14-48,GAO,11876,6
GAO_GAO-10-62,GAO,5472,3
GAO_NSIAD-95-5,GAO,10932,6
GAO_GAO-16-212T,GAO,2612,2
GAO_GAO-04-139,GAO,11068,6
GAO_GAO-03-603T,GAO,4556,3
GAO_GAO-10-430T,GAO,7451,4
GAO_GAO-07-516,GAO,9359,5
GAO_RCED-98-77,GAO,4204,3
GAO_GAO-09-26,GAO,14422,8
GAO_GGD-95-34,GAO,4492,3
GAO_GAO-06-59,GAO,6248,4
GAO_GAO-04-827T,GAO,5277,3
GAO_GAO-09-551,GAO,11960,6
GAO_GAO-17-527,GAO,9073,5
GAO_HEHS-98-29,GAO,13861,7
GAO_GAO-15-455T,GAO,2847,2
GAO_GAO-05-230,GAO,6058,3
GAO_GAO-10-254,GAO,11862,6
GAO_GAO-03-714T,GAO,4988,3
GAO_GAO-07-863,GAO,54977,27
GAO_GAO-09-338,GAO,29198,15
GAO_GAO-12-962T,GAO,5308,3
GAO_GAO-11-43,GAO,13040,7
GAO_GAO-08-521T,GAO,3054,2
GAO_GGD-97-141,GAO,14745,8
GAO_GAO-04-163,GAO,12410,7
GAO_T-GGD-98-198,GAO,5268,3
GAO_GAO-02-738,GAO,4277,3
GAO_GAO-17-307,GAO,15915,8
GAO_GAO-05-696,GAO,16344,8
GAO_GAO-11-386,GAO,16995,9
GAO_GAO-08-488T,GAO,7464,4
GAO_RCED-95-156,GAO,4653,3
GAO_HEHS-95-19,GAO,15183,8
GAO_GAO-12-525T,GAO,6134,3
GAO_GAO-07-15,GAO,57381,29
GAO_GAO-05-651T,GAO,8305,5
GAO_GAO-04-462,GAO,15245,8
GAO_GAO-06-268,GAO,7736,4
GAO_GAO-13-115,GAO,2988,2
GAO_GAO-07-418T,GAO,3177,2
GAO_NSIAD-97-51,GAO,17675,9
GAO_HEHS-97-19,GAO,4105,3
GAO_T-AIMD-98-303,GAO,8170,4
GAO_GAO-10-724,GAO,14216,7
GAO_GAO-14-473,GAO,8531,5
GAO_GAO-13-53,GAO,9056,5
GAO_GAO-11-279,GAO,6921,4
GAO_GAO-16-37,GAO,12821,7
GAO_GAO-07-93,GAO,4613,3
GAO_GAO-06-696T,GAO,7166,4
GAO_GAO-01-535,GAO,7202,4
GAO_GAO-05-736,GAO,4360,3
GAO_GAO-09-868,GAO,11307,6
GAO_GAO-05-1052T,GAO,3636,2
GAO_GAO-10-194T,GAO,3346,2
GAO_GAO-16-197T,GAO,5964,3
GAO_T-AIMD-99-103,GAO,4779,3
GAO_T-RCED-98-38,GAO,3399,2
GAO_GAO-12-739,GAO,7202,4
GAO_GAO-04-823,GAO,14966,8
GAO_GAO-02-802,GAO,7352,4
GAO_HEHS-95-114,GAO,9257,5
GAO_GAO-08-693,GAO,29114,15
GAO_GAO-08-63,GAO,4482,3
GAO_GAO-16-786,GAO,12510,7
GAO_GAO-02-270T,GAO,7260,4
GAO_RCED-95-242,GAO,9867,5
GAO_GAO-08-92,GAO,21561,11
GAO_GAO-17-221T,GAO,5214,3
GAO_GAO-08-810T,GAO,10216,5
GAO_NSIAD-96-100,GAO,3518,2
GAO_GAO-05-19,GAO,8585,5
GAO_GAO-14-787T,GAO,4031,2
GAO_GAO-17-644,GAO,10672,6
GAO_GAO-08-1125T,GAO,3984,2
GAO_GAO-12-446,GAO,6650,4
GAO_GAO-10-57,GAO,5825,3
GAO_GAO-08-448,GAO,27486,14
GAO_GAO-02-203,GAO,6197,4
GAO_GAO-11-75,GAO,16715,9
GAO_GAO-07-818,GAO,10080,5
GAO_GAO-15-663,GAO,8904,5
GAO_NSIAD-97-73,GAO,14832,8
GAO_GAO-12-35,GAO,12714,7
GAO_GAO-12-740T,GAO,4197,3
GAO_GAO-09-772T,GAO,4065,2
GAO_GAO-01-306,GAO,6577,4
GAO_GAO-12-641,GAO,16860,9
GAO_GAO-02-696,GAO,11488,6
GAO_GAO-05-753,GAO,9481,5
GAO_GAO-10-774,GAO,7931,4
GAO_GAO-05-175,GAO,8233,5
GAO_GAO-08-277T,GAO,2846,2
GAO_GGD-00-41,GAO,20526,11
GAO_GAO-11-8,GAO,7251,4
GAO_T-GGD-98-8,GAO,3473,2
GAO_GAO-08-481T,GAO,2888,2
GAO_GAO-06-526T,GAO,5540,3
GAO_GAO-05-343,GAO,2307,2
GAO_GAO-03-263,GAO,17327,9
GAO_GAO-03-720T,GAO,6005,3
GAO_GAO-15-723T,GAO,2550,2
GAO_GAO-07-1235T,GAO,5452,3
GAO_GAO-04-926T,GAO,7232,4
GAO_GAO-11-624,GAO,7269,4
GAO_T-GGD-98-185,GAO,3651,2
GAO_GAO-15-632T,GAO,5880,3
GAO_GAO-04-242,GAO,13422,7
GAO_GAO-01-479,GAO,8862,5
GAO_GAO-06-868T,GAO,5592,3
GAO_GAO-14-108,GAO,9276,5
GAO_GAO-11-601,GAO,9774,5
GAO_GAO-11-933T,GAO,7898,4
GAO_RCED-98-79,GAO,8317,5
GAO_GAO-15-834T,GAO,4903,3
GAO_GAO-12-719T,GAO,2984,2
GAO_GAO-09-879,GAO,12638,7
GAO_GAO-02-480T,GAO,3560,2
GAO_GAO-04-888T,GAO,2690,2
GAO_GAO-03-1007T,GAO,4460,3
GAO_GAO-02-661,GAO,13417,7
GAO_GAO-04-857T,GAO,7099,4
GAO_GAO-06-940T,GAO,1971,1
GAO_GAO-13-729,GAO,8265,5
GAO_GAO-12-330,GAO,12502,7
GAO_GAO-17-79,GAO,12690,7
GAO_NSIAD-95-55,GAO,9026,5
GAO_GAO-06-834,GAO,7398,4
GAO_GAO-09-366T,GAO,2909,2
GAO_GAO-09-709,GAO,21475,11
GAO_RCED-95-258,GAO,5989,3
GAO_GAO-15-486T,GAO,4627,3
GAO_GAO-06-515,GAO,18656,10
GAO_GAO-08-400,GAO,26762,14
GAO_GAO-10-263,GAO,5975,3
GAO_GAO-04-552T,GAO,4095,2
GAO_RCED-98-20,GAO,14367,8
GAO_GAO-12-97,GAO,19741,10
GAO_GAO-14-583,GAO,14335,7
GAO_GAO-06-474T,GAO,4506,3
GAO_GAO-13-780,GAO,4154,3
GAO_GAO-03-654T,GAO,4432,3
GAO_GAO-02-850,GAO,11581,6
GAO_GAO-13-482T,GAO,5336,3
GAO_GAO-10-139,GAO,14293,7
GAO_GAO-05-820,GAO,12569,7
GAO_NSIAD-98-42,GAO,6628,4
GAO_GAO-16-781,GAO,6989,4
GAO_RCED-99-95,GAO,8785,5
GAO_NSIAD-96-108,GAO,7933,4
GAO_GAO-15-523T,GAO,8553,5
GAO_GAO-01-1004T,GAO,12097,6
GAO_GAO-08-169,GAO,10705,6
GAO_GAO-09-521,GAO,18519,10
GAO_GAO-11-426,GAO,4981,3
GAO_RCED-96-71,GAO,7715,4
GAO_GAO-04-20,GAO,11012,6
GAO_GAO-06-237,GAO,6476,4
GAO_NSIAD-98-38,GAO,4067,2
GAO_GAO-03-488,GAO,9602,5
GAO_GAO-15-366,GAO,4059,2
GAO_GAO-14-618T,GAO,4063,2
GAO_GAO-05-801,GAO,7998,4
GAO_GAO-08-16,GAO,10533,6
GAO_GAO-04-253T,GAO,4926,3
GAO_T-RCED-97-80,GAO,4984,3
GAO_GAO-10-204,GAO,14433,8
GAO_GAO-11-787T,GAO,5366,3
GAO_GAO-10-701,GAO,8507,5
GAO_GAO-08-535,GAO,4147,3
GAO_GAO-06-450,GAO,105635,52
GAO_GAO-13-123,GAO,9444,5
GAO_GAO-05-1056,GAO,5960,3
GAO_GAO-08-946,GAO,12461,7
GAO_GAO-02-398,GAO,9552,5
GAO_GAO-13-773T,GAO,3009,2
GAO_GAO-11-769,GAO,19732,10
GAO_GAO-08-106,GAO,12064,6
GAO_GGD-96-23,GAO,28740,15
GAO_NSIAD-96-262,GAO,5234,3
GAO_GAO-04-628T,GAO,7489,4
GAO_T-GGD-98-84,GAO,4136,3
GAO_GAO-05-278,GAO,3057,2
GAO_GAO-09-877,GAO,13996,7
GAO_NSIAD-96-203,GAO,12440,7
GAO_NSIAD-95-1,GAO,4047,2
GAO_GAO-05-879,GAO,16224,8
GAO_GAO-07-42,GAO,8985,5
GAO_GAO-11-778,GAO,11335,6
GAO_GAO-03-205,GAO,19504,10
GAO_GAO-03-660T,GAO,3362,2
GAO_GAO-06-982,GAO,14112,7
GAO_GAO-08-904T,GAO,5867,3
GAO_GAO-11-276,GAO,12076,6
GAO_GAO-14-407,GAO,13743,7
GAO_GAO-02-754,GAO,9766,5
GAO_GAO-12-406,GAO,10079,5
GAO_GAO-04-195T,GAO,4148,3
GAO_GAO-02-968T,GAO,3452,2
GAO_GAO-03-23,GAO,18895,10
GAO_GAO-06-473,GAO,13894,7
GAO_NSIAD-95-78,GAO,4101,3
GAO_RCED-98-130,GAO,11084,6
GAO_GAO-17-102,GAO,11553,6
GAO_GAO-05-714T,GAO,3235,2
GAO_GGD-98-33,GAO,12749,7
GAO_GAO-05-202,GAO,20729,11
GAO_GAO-04-683,GAO,10145,5
GAO_GAO-09-146,GAO,7443,4
GAO_GAO-02-432,GAO,13559,7
GAO_GAO-05-930,GAO,16066,8
GAO_GAO-04-710T,GAO,4160,3
GAO_RCED-97-125,GAO,7213,4
GAO_GAO-11-611,GAO,6301,4
GAO_GAO-17-172,GAO,11983,6
GAO_GAO-11-68,GAO,4959,3
GAO_GAO-04-52,GAO,11025,6
GAO_GAO-03-583,GAO,16371,8
GAO_GAO-03-267,GAO,5278,3
GAO_GAO-04-554,GAO,2773,2
GAO_GAO-09-851,GAO,4232,3
GAO_GAO-02-427,GAO,17294,9
GAO_GAO-11-747T,GAO,6896,4
GAO_GAO-14-146,GAO,9343,5
GAO_GAO-17-128,GAO,6618,4
GAO_GAO-12-760T,GAO,4161,3
GAO_GAO-07-19,GAO,5799,3
GAO_GAO-08-438T,GAO,8075,4
GAO_GAO-08-380,GAO,12681,7
GAO_NSIAD-96-141,GAO,5458,3
GAO_RCED-99-165,GAO,13010,7
GAO_GAO-10-466,GAO,8332,5
GAO_GAO-06-847,GAO,17569,9
GAO_GAO-12-333,GAO,9799,5
GAO_GAO-02-893T,GAO,6734,4
GAO_HEHS-95-28,GAO,12463,7
GAO_GAO-05-191,GAO,7521,4
GAO_GAO-07-1046,GAO,10327,6
GAO_RCED-98-202,GAO,15559,8
GAO_GAO-14-272T,GAO,2656,2
GAO_GAO-07-163,GAO,30459,15
GAO_GAO-02-145T,GAO,3753,2
GAO_GAO-06-316,GAO,14258,7
GAO_GAO-02-863T,GAO,4692,3
GAO_GAO-10-950,GAO,13576,7
GAO_GAO-05-303T,GAO,5413,3
GAO_GAO-04-367,GAO,11364,6
GAO_GAO-12-536,GAO,14395,8
GAO_GAO-09-286,GAO,11101,6
GAO_HEHS-96-121,GAO,21944,11
GAO_GAO-17-163,GAO,13197,7
GAO_HEHS-95-192,GAO,15734,8
GAO_NSIAD-99-6,GAO,17540,9
GAO_GAO-13-545T,GAO,5687,3
GAO_T-RCED-96-111,GAO,3625,2
GAO_GAO-05-970,GAO,5578,3
GAO_GAO-10-939T,GAO,3089,2
GAO_GAO-11-575T,GAO,2827,2
GAO_GAO-02-368,GAO,3901,2
GAO_HEHS-99-24,GAO,3274,2
GAO_GAO-07-890T,GAO,2146,2
GAO_GAO-13-21,GAO,8607,5
GAO_GAO-11-192,GAO,11811,6
GAO_AIMD-96-7,GAO,13320,7
GAO_GAO-13-232,GAO,6521,4
GAO_GAO-16-834,GAO,4507,3
GAO_GAO-16-866T,GAO,2948,2
GAO_GAO-01-328,GAO,5766,3
GAO_GAO-12-324,GAO,12615,7
GAO_GAO-14-395,GAO,12230,6
GAO_GAO-14-87,GAO,9291,5
GAO_GAO-08-958,GAO,13518,7
GAO_GAO-14-509T,GAO,4201,3
GAO_GAO-07-793T,GAO,8426,5
GAO_NSIAD-96-149,GAO,9402,5
GAO_GAO-08-252,GAO,11035,6
GAO_GAO-15-13,GAO,10289,6
GAO_GAO-05-413,GAO,11795,6
GAO_RCED-98-46,GAO,10815,6
GAO_GAO-06-654,GAO,7812,4
GAO_T-NSIAD-96-117,GAO,4845,3
GAO_GAO-03-467T,GAO,4496,3
GAO_GAO-13-720,GAO,11031,6
GAO_GAO-07-277,GAO,12256,6
GAO_GAO-16-550T,GAO,7308,4
GAO_T-HEHS-96-166,GAO,3927,2
GAO_T-AIMD-97-147,GAO,3558,2
GAO_NSIAD-98-55,GAO,8671,5
GAO_GAO-02-479,GAO,6227,4
GAO_RCED-98-7,GAO,6312,4
GAO_GAO-02-958,GAO,9066,5
GAO_GAO-08-71,GAO,18365,9
GAO_GAO-06-870,GAO,8891,5
GAO_GAO-17-510,GAO,8516,5
GAO_GAO-09-753,GAO,21993,11
GAO_GAO-14-345,GAO,4128,3
GAO_GAO-08-436T,GAO,9022,5
GAO_GAO-17-176,GAO,11889,6
GAO_GAO-15-22,GAO,14062,7
GAO_NSIAD-98-147,GAO,6184,4
GAO_GAO-11-929T,GAO,5361,3
GAO_GAO-16-77,GAO,8304,5
GAO_GAO-04-219,GAO,8903,5
GAO_GAO-06-399,GAO,16369,8
GAO_GAO-02-585,GAO,17004,9
GAO_NSIAD-96-133,GAO,5574,3
GAO_GAO-04-287,GAO,9146,5
GAO_GGD-96-8,GAO,8512,5
GAO_GAO-06-405,GAO,15303,8
GAO_GAO-16-808T,GAO,2463,2
GAO_GAO-15-477,GAO,26729,14
GAO_GAO-02-775,GAO,25671,13
GAO_GAO-06-669,GAO,16423,9
GAO_GAO-13-385,GAO,8362,5
GAO_GAO-16-650,GAO,3836,2
GAO_GAO-14-117,GAO,18882,10
GAO_GAO-06-819,GAO,7269,4
GAO_GAO-10-337,GAO,9840,5
GAO_GAO-03-884T,GAO,8702,5
GAO_T-RCED-96-142,GAO,4729,3
GAO_GAO-09-898,GAO,14595,8
GAO_GAO-14-744,GAO,15112,8
GAO_GAO-04-929,GAO,8346,5
GAO_GAO-05-838T,GAO,4527,3
GAO_GAO-07-399,GAO,16705,9
GAO_GAO-13-622,GAO,16936,9
GAO_GAO-05-827T,GAO,5389,3
GAO_GAO-11-608,GAO,18144,9
GAO_GAO-03-764T,GAO,4153,3
GAO_GAO-10-952,GAO,7085,4
GAO_T-HEHS-96-206,GAO,3727,2
GAO_GAO-11-590T,GAO,7348,4
GAO_GAO-02-49,GAO,12650,7
GAO_GAO-03-553T,GAO,4265,3
GAO_GAO-08-456T,GAO,15910,8
GAO_GAO-04-766T,GAO,13498,7
GAO_GAO-09-664T,GAO,2845,2
GAO_GGD-97-165,GAO,11750,6
GAO_GAO-05-394,GAO,13882,7
GAO_GAO-12-600T,GAO,3810,2
GAO_NSIAD-96-99,GAO,4027,2
GAO_GAO-08-770,GAO,11809,6
GAO_GGD-95-40,GAO,4424,3
GAO_T-RCED-98-139,GAO,4042,2
GAO_GAO-17-57,GAO,5429,3
GAO_GAO-04-662,GAO,15706,8
GAO_GAO-09-615,GAO,6756,4
GAO_T-AIMD-96-111,GAO,5943,3
GAO_GAO-12-843,GAO,7358,4
GAO_GAO-09-716,GAO,17039,9
GAO_GAO-08-383,GAO,16949,9
GAO_GAO-06-467T,GAO,6037,3
GAO_GAO-08-850,GAO,7355,4
GAO_GAO-17-156,GAO,12663,7
GAO_GAO-15-252,GAO,4951,3
GAO_GAO-05-476T,GAO,4920,3
GAO_GAO-16-488,GAO,13995,7
GAO_GGD-00-17,GAO,4854,3
GAO_GAO-15-485,GAO,8712,5
GAO_GAO-03-414,GAO,24924,13
GAO_GAO-16-60,GAO,13233,7
GAO_GAO-03-733,GAO,6887,4
GAO_GAO-17-344,GAO,7181,4
GAO_GAO-06-326,GAO,11324,6
GAO_GAO-02-349,GAO,10352,6
GAO_GAO-11-569,GAO,12832,7
GAO_GAO-05-669,GAO,12273,6
GAO_GAO-03-1138T,GAO,6293,4
GAO_GAO-07-425,GAO,11808,6
GAO_GAO-06-389,GAO,17551,9
GAO_GAO-11-487T,GAO,2672,2
GAO_GAO-15-479,GAO,8509,5
GAO_GAO-10-421,GAO,3459,2
GAO_GAO-10-196T,GAO,4025,2
GAO_GAO-06-1022T,GAO,9358,5
GAO_GAO-05-825T,GAO,2984,2
GAO_GAO-17-614,GAO,10369,6
GAO_GAO-02-845T,GAO,5189,3
GAO_GAO-01-667,GAO,5837,3
GAO_T-RCED-98-127,GAO,3137,2
GAO_GAO-02-65,GAO,8580,5
GAO_GAO-03-813,GAO,22162,11
GAO_GAO-15-314,GAO,11981,6
GAO_GAO-02-441T,GAO,3414,2
GAO_GAO-06-82,GAO,10204,5
GAO_GAO-08-398,GAO,15124,8
GAO_GAO-09-636T,GAO,9487,5
GAO_GAO-09-523,GAO,11479,6
GAO_GAO-04-566,GAO,7235,4
GAO_GAO-02-618T,GAO,7858,4
GAO_GAO-10-8,GAO,22602,12
GAO_GAO-12-507T,GAO,3853,2
GAO_NSIAD-97-95,GAO,8308,5
GAO_GAO-04-574T,GAO,3192,2
GAO_GAO-04-596,GAO,6296,4
GAO_GAO-15-407,GAO,14772,8
GAO_NSIAD-97-5,GAO,3818,2
GAO_GAO-07-1245T,GAO,6551,4
GAO_GAO-12-241,GAO,8212,5
GAO_GAO-03-999T,GAO,5054,3
GAO_GAO-12-156,GAO,17021,9
GAO_GAO-10-252T,GAO,2755,2
GAO_GGD-97-2,GAO,31268,16
GAO_GAO-16-608,GAO,12084,6
GAO_GAO-15-743T,GAO,4301,3
GAO_RCED-99-5,GAO,12132,6
GAO_GAO-07-1020,GAO,11016,6
GAO_GAO-08-995,GAO,17246,9
GAO_GAO-04-810,GAO,6429,4
GAO_AIMD-98-164,GAO,11086,6
GAO_GAO-15-221,GAO,12665,7
GAO_RCED-98-71,GAO,9117,5
GAO_GAO-11-250,GAO,11046,6
GAO_GAO-02-963,GAO,6555,4
GAO_GAO-02-190,GAO,9041,5
GAO_GAO-03-647,GAO,8130,4
GAO_GAO-09-950T,GAO,6254,4
GAO_GAO-06-171,GAO,11701,6
GAO_GAO-08-503T,GAO,8240,5
GAO_GAO-02-396,GAO,10618,6
GAO_GAO-08-25,GAO,23687,12
GAO_GGD-95-137,GAO,6900,4
GAO_GAO-03-692,GAO,8999,5
GAO_GAO-05-533T,GAO,3972,2
GAO_GAO-11-44,GAO,14876,8
GAO_GAO-11-504T,GAO,3894,2
GAO_GAO-09-782,GAO,20104,10
GAO_GAO-16-570,GAO,10414,6
GAO_GAO-08-1023T,GAO,5253,3
GAO_GAO-06-200,GAO,11775,6
GAO_GAO-08-797,GAO,26639,14
GAO_GAO-09-686T,GAO,3567,2
GAO_GAO-03-377,GAO,10624,6
GAO_GAO-06-897T,GAO,9972,5
GAO_GAO-16-721T,GAO,4176,3
GAO_RCED-95-125,GAO,17651,9
GAO_GAO-02-242,GAO,13562,7
GAO_NSIAD-98-214,GAO,5203,3
GAO_GAO-14-482,GAO,9766,5
GAO_GAO-08-17,GAO,6526,4
GAO_AIMD-95-177,GAO,7459,4
GAO_GAO-08-620T,GAO,4582,3
GAO_GAO-10-519,GAO,11002,6
GAO_GAO-08-1113,GAO,6369,4
GAO_GAO-05-253,GAO,19284,10
GAO_HEHS-00-170,GAO,4925,3
GAO_GAO-08-533T,GAO,7043,4
GAO_GAO-11-418,GAO,16568,9
GAO_GAO-13-730T,GAO,5060,3
GAO_GAO-04-695,GAO,6894,4
GAO_GAO-10-903,GAO,11951,6
GAO_T-HEHS-98-127,GAO,4604,3
GAO_GAO-04-782T,GAO,5145,3
GAO_GAO-02-1035,GAO,10523,6
GAO_RCED-98-41,GAO,11572,6
GAO_GAO-10-259T,GAO,4703,3
GAO_GAO-06-218,GAO,7502,4
GAO_GAO-05-326T,GAO,4449,3
GAO_GAO-06-775,GAO,18365,9
GAO_GAO-08-551T,GAO,8029,4
GAO_GAO-16-625,GAO,10790,6
GAO_GAO-13-547T,GAO,3797,2
GAO_GAO-14-459,GAO,13326,7
GAO_GAO-03-810,GAO,16661,9
GAO_GGD-99-39,GAO,3667,2
GAO_GAO-13-277,GAO,20989,11
GAO_GGD-99-62,GAO,10677,6
GAO_GAO-06-67,GAO,12207,6
GAO_GAO-17-743,GAO,11157,6
GAO_GAO-08-22,GAO,14442,8
GAO_GAO-02-1126T,GAO,5501,3
GAO_NSIAD-96-150,GAO,20130,10
GAO_GAO-16-827,GAO,9899,5
GAO_GAO-08-1081,GAO,16865,9
GAO_GAO-09-210T,GAO,2594,2
GAO_GAO-08-197,GAO,11169,6
GAO_NSIAD-95-24,GAO,9315,5
GAO_NSIAD-96-206,GAO,3668,2
GAO_GAO-09-39,GAO,11705,6
GAO_T-AIMD-96-134,GAO,4256,3
GAO_GAO-14-274,GAO,12454,7
GAO_GAO-07-589T,GAO,3023,2
GAO_GAO-15-745T,GAO,3572,2
GAO_GAO-08-96T,GAO,5081,3
GAO_GAO-05-779,GAO,3869,2
GAO_GAO-02-597,GAO,12387,7
GAO_GAO-09-549,GAO,12648,7
GAO_GAO-11-435,GAO,10924,6
GAO_RCED-97-23,GAO,4147,3
GAO_GAO-06-872,GAO,18633,10
GAO_T-AIMD-96-129,GAO,8070,4
GAO_GAO-17-495T,GAO,4881,3
GAO_HEHS-95-173,GAO,8101,4
GAO_GAO-06-73,GAO,11242,6
GAO_GAO-12-136,GAO,12666,7
GAO_GAO-04-498,GAO,12214,6
GAO_GAO-03-228,GAO,6031,3
GAO_GAO-06-981T,GAO,2996,2
GAO_GAO-16-151,GAO,14527,8
GAO_GAO-12-265,GAO,24145,12
GAO_RCED-99-7,GAO,23855,12
GAO_GAO-10-673T,GAO,4030,2
GAO_GAO-02-439T,GAO,3675,2
GAO_HEHS-96-83,GAO,6608,4
GAO_GAO-12-887,GAO,8775,5
GAO_AIMD-96-57,GAO,4795,3
GAO_GAO-04-701T,GAO,5982,3
GAO_RCED-98-95,GAO,3328,2
GAO_GAO-08-646T,GAO,3478,2
GAO_GAO-17-118,GAO,9486,5
GAO_GAO-14-160,GAO,8174,4
GAO_GAO-11-580,GAO,4952,3
GAO_GAO-03-449,GAO,8300,5
GAO_GAO-13-205,GAO,4950,3
GAO_GAO-10-236T,GAO,8673,5
GAO_GAO-07-48,GAO,17200,9
GAO_GAO-16-416,GAO,12350,7
GAO_GAO-12-262,GAO,29965,15
GAO_GAO-01-748,GAO,12926,7
GAO_GAO-01-929,GAO,5088,3
GAO_GAO-14-535,GAO,9278,5
GAO_GAO-10-645,GAO,31003,16
GAO_GGD-99-64,GAO,19712,10
GAO_GAO-08-1120,GAO,11604,6
GAO_RCED-98-68,GAO,15352,8
GAO_GAO-17-60,GAO,12293,7
GAO_RCED-97-51,GAO,4107,3
GAO_GAO-12-700,GAO,22049,11
GAO_GAO-07-234,GAO,38437,19
GAO_NSIAD-99-7,GAO,4237,3
GAO_GAO-01-808,GAO,13108,7
GAO_GAO-02-549T,GAO,7965,4
GAO_GGD-98-53,GAO,7650,4
GAO_AIMD-97-127,GAO,7705,4
GAO_GAO-10-377,GAO,11936,6
GAO_RCED-96-57,GAO,8581,5
GAO_GAO-15-443,GAO,15743,8
GAO_GAO-12-911,GAO,15358,8
GAO_HEHS-96-4,GAO,16837,9
GAO_GAO-13-664,GAO,11008,6
GAO_GAO-15-630,GAO,6728,4
GAO_GAO-10-932T,GAO,4151,3
GAO_GAO-04-414T,GAO,7352,4
GAO_T-RCED-97-212,GAO,4773,3
GAO_GAO-02-865T,GAO,10401,6
GAO_GAO-09-871,GAO,15925,8
GAO_GAO-05-663,GAO,9523,5
GAO_GAO-12-706,GAO,5042,3
GAO_GAO-13-136,GAO,14328,7
GAO_GAO-16-394,GAO,8159,4
GAO_GAO-03-920,GAO,10089,5
GAO_GAO-04-557T,GAO,8328,5
GAO_GAO-02-965,GAO,6529,4
GAO_GAO-11-452,GAO,7994,4
GAO_GAO-10-368,GAO,12982,7
GAO_HEHS-98-211,GAO,10081,5
GAO_GAO-15-760T,GAO,3985,2
GAO_RCED-95-234,GAO,10469,6
GAO_GAO-10-347,GAO,16992,9
GAO_T-HEHS-97-204,GAO,3418,2
GAO_GAO-14-46,GAO,10306,6
GAO_GAO-11-636,GAO,18631,10
GAO_GAO-06-376,GAO,18268,9
GAO_GAO-14-871T,GAO,4057,2
GAO_GAO-02-183,GAO,14172,7
GAO_RCED-99-72,GAO,10146,5
GAO_GAO-12-210,GAO,6505,4
GAO_GAO-04-240,GAO,13564,7
GAO_GAO-14-157T,GAO,7061,4
GAO_GAO-05-859,GAO,10194,5
GAO_GAO-01-551,GAO,6097,3
GAO_GAO-08-1002,GAO,10742,6
GAO_HEHS-96-163,GAO,7006,4
GAO_AIMD-97-16,GAO,44833,22
GAO_RCED-95-45,GAO,3087,2
GAO_GAO-07-1142T,GAO,11266,6
GAO_GAO-08-611T,GAO,5224,3
GAO_NSIAD-99-32,GAO,17253,9
GAO_RCED-96-215,GAO,5201,3
GAO_GAO-01-293,GAO,7792,4
GAO_T-AIMD-99-143,GAO,3541,2
GAO_GAO-02-899T,GAO,7463,4
GAO_GAO-09-815,GAO,9843,5
GAO_GAO-14-411T,GAO,3332,2
GAO_GAO-02-416,GAO,8087,4
GAO_GAO-13-413T,GAO,6601,4
GAO_GAO-11-165,GAO,11494,6
GAO_GAO-12-943T,GAO,2975,2
GAO_GAO-11-268,GAO,7394,4
GAO_GAO-17-34,GAO,5573,3
GAO_GAO-14-557,GAO,11459,6
GAO_GAO-06-698T,GAO,4562,3
GAO_GAO-12-420,GAO,12361,7
GAO_GAO-12-442,GAO,7177,4
GAO_GAO-12-118,GAO,32890,17
GAO_GAO-12-112,GAO,9525,5
GAO_GAO-07-1229T,GAO,5181,3
GAO_GAO-11-673,GAO,6117,3
GAO_GAO-09-490T,GAO,6516,4
GAO_GGD-98-130,GAO,7564,4
GAO_GAO-15-414,GAO,10611,6
GAO_GAO-15-301,GAO,7053,4
GAO_GAO-16-116T,GAO,3821,2
GAO_GAO-05-778T,GAO,4663,3
GAO_GAO-05-431T,GAO,5920,3
GAO_GAO-15-816,GAO,4659,3
GAO_GAO-15-641,GAO,30540,15
GAO_GAO-14-73,GAO,15797,8
GAO_GAO-16-628,GAO,9184,5
GAO_HEHS-97-5,GAO,5362,3
GAO_GAO-05-764,GAO,11591,6
GAO_GAO-17-276,GAO,12896,7
GAO_T-HEHS-96-99,GAO,8605,5
GAO_GAO-06-437,GAO,7701,4
GAO_GAO-03-951,GAO,14794,8
GAO_GAO-09-260,GAO,10083,5
GAO_GAO-11-810,GAO,8609,5
GAO_GGD-98-81,GAO,14792,8
GAO_GGD-95-214,GAO,25217,13
GAO_GAO-03-975,GAO,7742,4
GAO_GAO-08-554,GAO,10307,6
GAO_GAO-02-355,GAO,15463,8
GAO_T-RCED-97-95,GAO,3044,2
GAO_GAO-05-205,GAO,18614,10
GAO_GAO-03-1046,GAO,3223,2
GAO_GAO-07-481T,GAO,3493,2
GAO_GAO-11-9,GAO,22797,12
GAO_GAO-15-151,GAO,11136,6
GAO_GAO-11-60,GAO,11971,6
GAO_GAO-03-1048T,GAO,5057,3
GAO_GAO-09-1049T,GAO,6001,3
GAO_GAO-03-188,GAO,10947,6
GAO_GAO-16-773T,GAO,4648,3
GAO_GAO-03-724,GAO,9304,5
GAO_GAO-06-47,GAO,15733,8
GAO_GAO-07-1106T,GAO,7385,4
GAO_OGC-94-33,GAO,340773,167
GAO_GAO-04-463,GAO,18435,10
GAO_GAO-15-571,GAO,12350,7
GAO_GAO-03-1171T,GAO,3331,2
GAO_NSIAD-99-1,GAO,5041,3
GAO_GAO-06-149,GAO,5220,3
GAO_GAO-08-868T,GAO,4811,3
GAO_GAO-01-96T,GAO,4591,3
GAO_GAO-13-179,GAO,11545,6
GAO_T-NSIAD-98-116,GAO,7798,4
GAO_GAO-03-899,GAO,10863,6
GAO_GAO-14-67,GAO,26875,14
GAO_GAO-10-168,GAO,13329,7
GAO_GAO-02-36,GAO,22483,11
GAO_GAO-13-681,GAO,13154,7
GAO_GAO-01-803,GAO,10892,6
GAO_GAO-14-723T,GAO,6553,4
GAO_GAO-10-715T,GAO,3849,2
GAO_GAO-02-394,GAO,5301,3
GAO_GAO-06-632T,GAO,6829,4
GAO_RCED-97-20,GAO,10243,6
GAO_T-AIMD-96-132,GAO,5078,3
GAO_GAO-01-540,GAO,5279,3
GAO_GAO-06-442T,GAO,18730,10
GAO_HEHS-98-176,GAO,14284,7
GAO_GAO-12-58,GAO,9206,5
GAO_GAO-05-556,GAO,19661,10
GAO_GAO-10-7,GAO,12244,6
GAO_GAO-17-516,GAO,8913,5
GAO_GAO-13-868T,GAO,3906,2
GAO_HEHS-98-51,GAO,15920,8
GAO_GAO-13-204,GAO,18035,9
GAO_GAO-14-269T,GAO,3747,2
GAO_GAO-05-331,GAO,10674,6
GAO_NSIAD-95-2,GAO,5100,3
GAO_GAO-11-693T,GAO,3725,2
GAO_NSIAD-96-124,GAO,22538,12
GAO_RCED-96-191,GAO,5852,3
GAO_GAO-05-245,GAO,12285,6
GAO_GAO-17-469,GAO,5917,3
GAO_RCED-98-197,GAO,6825,4
GAO_GAO-01-485,GAO,8877,5
GAO_GAO-09-814,GAO,8015,4
GAO_GAO-15-488,GAO,16142,8
GAO_GAO-08-694,GAO,18782,10
GAO_GAO-17-423,GAO,17303,9
GAO_GAO-05-762,GAO,12422,7
GAO_GAO-17-632,GAO,8845,5
GAO_GAO-12-568,GAO,7631,4
GAO_GAO-16-515,GAO,7508,4
GAO_GAO-06-799,GAO,17123,9
GAO_GAO-05-127,GAO,11589,6
GAO_GAO-08-97T,GAO,7643,4
GAO_GAO-08-1095,GAO,13112,7
GAO_GAO-16-584,GAO,6455,4
GAO_GAO-17-471T,GAO,7518,4
GAO_GAO-10-483T,GAO,6160,4
GAO_GAO-03-429,GAO,11649,6
GAO_GAO-17-769,GAO,3519,2
GAO_GGD-95-242,GAO,12956,7
GAO_RCED-96-42,GAO,7340,4
GAO_GAO-04-33,GAO,40543,20
GAO_GAO-06-448T,GAO,12850,7
GAO_GAO-09-34,GAO,10041,5
GAO_GAO-04-664,GAO,7170,4
GAO_GAO-02-1106T,GAO,5860,3
GAO_NSIAD-96-64,GAO,13327,7
GAO_GAO-03-259,GAO,10250,6
GAO_GAO-06-472,GAO,11648,6
GAO_GAO-16-643,GAO,4852,3
GAO_GAO-06-402,GAO,20370,10
GAO_HEHS-98-55,GAO,5357,3
GAO_GAO-10-187,GAO,3744,2
GAO_GAO-04-971,GAO,17327,9
GAO_GAO-10-17,GAO,17868,9
GAO_GAO-03-1166T,GAO,4914,3
GAO_GAO-16-281,GAO,17240,9
GAO_GAO-06-269,GAO,22317,11
GAO_GAO-01-953,GAO,6636,4
GAO_GAO-15-678T,GAO,3562,2
GAO_GAO-03-529T,GAO,1659,1
GAO_AIMD-95-180,GAO,4995,3
GAO_GAO-17-668,GAO,8478,5
GAO_GAO-02-265,GAO,7559,4
GAO_GGD-96-59,GAO,5031,3
GAO_GAO-13-631T,GAO,10679,6
GAO_HEHS-95-133,GAO,11458,6
GAO_GGD-98-137,GAO,22490,11
GAO_GAO-06-1128T,GAO,7500,4
GAO_GAO-10-622T,GAO,4645,3
GAO_GGD-98-120,GAO,15497,8
GAO_GAO-03-468T,GAO,2829,2
GAO_GAO-10-546T,GAO,4061,2
GAO_GAO-01-563T,GAO,4780,3
GAO_T-RCED-97-218,GAO,4984,3
GAO_GAO-06-62,GAO,4484,3
GAO_GAO-12-481,GAO,10225,5
GAO_GAO-14-151,GAO,2563,2
GAO_GAO-09-78,GAO,14193,7
GAO_T-RCED-98-134,GAO,4131,3
GAO_GAO-09-357,GAO,8270,5
GAO_GAO-09-213,GAO,5183,3
GAO_GAO-06-604T,GAO,10211,5
GAO_GAO-14-28,GAO,11415,6
GAO_GAO-01-838,GAO,22298,11
GAO_GAO-09-874,GAO,11369,6
GAO_GAO-01-588,GAO,9523,5
GAO_GAO-13-14,GAO,4554,3
GAO_GAO-04-167,GAO,7846,4
GAO_GAO-16-699,GAO,20507,11
GAO_GAO-10-406,GAO,10792,6
GAO_GGD-00-69,GAO,8641,5
GAO_GAO-13-35,GAO,11339,6
GAO_GAO-10-843,GAO,6918,4
GAO_GAO-13-93,GAO,11998,6
GAO_GAO-04-439T,GAO,4587,3
GAO_GAO-04-893,GAO,15366,8
GAO_GAO-08-304,GAO,15244,8
GAO_GAO-17-655T,GAO,3881,2
GAO_GAO-09-384,GAO,6968,4
GAO_GAO-02-786,GAO,5124,3
GAO_GAO-10-888T,GAO,8147,4
GAO_T-AIMD-98-278,GAO,7707,4
GAO_GAO-12-246,GAO,6281,4
GAO_GAO-14-762,GAO,4767,3
GAO_GAO-06-765,GAO,10240,5
GAO_GAO-17-433,GAO,7736,4
GAO_GAO-13-11,GAO,6839,4
GAO_RCED-95-76,GAO,5752,3
GAO_GAO-16-136,GAO,14902,8
GAO_GGD-98-3,GAO,9772,5
GAO_GAO-08-248T,GAO,4189,3
GAO_GAO-03-851T,GAO,4067,2
GAO_T-AIMD-00-316,GAO,7648,4
GAO_GAO-17-741,GAO,9543,5
GAO_GAO-16-253,GAO,14369,8
GAO_GAO-14-139T,GAO,7666,4
GAO_GAO-02-839,GAO,5518,3
GAO_GAO-03-130,GAO,10772,6
GAO_GGD-95-230,GAO,5140,3
GAO_T-HEHS-99-58,GAO,7329,4
GAO_T-GGD-98-25,GAO,3712,2
GAO_HEHS-97-161,GAO,13379,7
GAO_GAO-11-245T,GAO,4352,3
GAO_GAO-05-795T,GAO,2912,2
GAO_GAO-14-119,GAO,9769,5
GAO_GAO-06-219,GAO,19142,10
GAO_GAO-02-475,GAO,7064,4
GAO_GAO-17-576T,GAO,2328,2
GAO_GAO-05-828,GAO,5699,3
GAO_GAO-07-760T,GAO,4205,3
GAO_GAO-14-679T,GAO,5596,3
GAO_GAO-02-723T,GAO,2156,2
GAO_GAO-06-390,GAO,14413,8
GAO_GAO-04-249T,GAO,4699,3
GAO_GAO-11-766,GAO,10532,6
GAO_RCED-96-188,GAO,7738,4
GAO_GAO-15-164,GAO,15086,8
GAO_GAO-05-82,GAO,32521,16
GAO_GAO-14-529,GAO,11490,6
GAO_GAO-14-675,GAO,9376,5
GAO_GAO-10-1062,GAO,11528,6
GAO_GAO-12-674T,GAO,4207,3
GAO_GAO-08-767T,GAO,3675,2
GAO_GAO-02-178T,GAO,4572,3
GAO_GAO-06-414,GAO,13190,7
GAO_GAO-04-1099T,GAO,6549,4
GAO_GAO-02-490T,GAO,6224,4
GAO_GAO-07-282,GAO,22499,11
GAO_T-NSIAD-98-211,GAO,4304,3
GAO_GAO-14-605,GAO,8639,5
GAO_T-AIMD-98-123,GAO,4274,3
GAO_GAO-05-535,GAO,30983,16
GAO_GAO-17-701,GAO,9196,5
GAO_GAO-07-195,GAO,10096,5
GAO_GAO-04-489,GAO,6989,4
GAO_HEHS-96-128,GAO,5602,3
GAO_GAO-01-1167T,GAO,6763,4
GAO_GAO-12-889T,GAO,4149,3
GAO_GAO-13-626T,GAO,2950,2
GAO_GAO-05-308,GAO,14694,8
GAO_GAO-14-700,GAO,9214,5
GAO_RCED-99-2,GAO,11879,6
GAO_PEMD-96-2,GAO,8076,4
GAO_GGD-97-16,GAO,7222,4
GAO_GAO-09-15,GAO,12309,7
GAO_HEHS-98-141,GAO,4383,3
GAO_GAO-09-993,GAO,11765,6
GAO_GAO-16-471T,GAO,7050,4
GAO_GAO-15-772,GAO,20171,10
GAO_T-RCED-96-85,GAO,2882,2
GAO_GAO-11-69,GAO,16637,9
GAO_GAO-02-827,GAO,11387,6
GAO_GAO-11-760,GAO,10060,5
GAO_GAO-12-378,GAO,18684,10
GAO_GAO-08-712,GAO,9306,5
GAO_GAO-14-90,GAO,5715,3
GAO_GAO-17-154,GAO,9375,5
GAO_GAO-14-228T,GAO,4074,2
GAO_GAO-15-595T,GAO,6837,4
GAO_NSIAD-97-30,GAO,7134,4
GAO_GAO-13-38,GAO,8971,5
GAO_GAO-06-609T,GAO,7294,4
GAO_NSIAD-96-201,GAO,10497,6
GAO_GAO-10-19,GAO,17571,9
GAO_GAO-03-3,GAO,15456,8
GAO_GAO-06-26,GAO,9783,5
GAO_GAO-14-216,GAO,18842,10
GAO_RCED-96-81,GAO,5436,3
GAO_RCED-96-30,GAO,5118,3
GAO_GAO-14-476,GAO,9283,5
GAO_GAO-11-235,GAO,12815,7
GAO_GGD-97-170,GAO,12123,6
GAO_GAO-10-352,GAO,16065,8
GAO_GAO-01-326,GAO,7447,4
GAO_HEHS-95-171,GAO,9561,5
GAO_GAO-04-361,GAO,12380,7
GAO_GAO-15-352,GAO,12152,6
GAO_GAO-05-439T,GAO,5924,3
GAO_GAO-02-1109T,GAO,3142,2
GAO_GAO-09-619,GAO,13130,7
GAO_GAO-11-670T,GAO,6266,4
GAO_GAO-08-47,GAO,10273,6
GAO_GAO-03-173,GAO,15388,8
GAO_GAO-06-257T,GAO,4058,2
GAO_GAO-09-620T,GAO,5700,3
GAO_GAO-12-686,GAO,14119,7
GAO_GAO-08-369,GAO,16133,8
GAO_GAO-16-236,GAO,14182,7
GAO_GAO-14-436T,GAO,5694,3
GAO_GAO-06-945,GAO,10502,6
GAO_GAO-01-35,GAO,11356,6
GAO_GAO-08-970,GAO,13830,7
GAO_GAO-15-461,GAO,11243,6
GAO_GAO-05-998T,GAO,7556,4
GAO_GAO-14-221,GAO,7191,4
GAO_NSIAD-96-103,GAO,11723,6
GAO_GAO-02-478T,GAO,4011,2
GAO_GAO-17-227,GAO,11331,6
GAO_T-GGD-98-75,GAO,2766,2
GAO_GAO-13-366,GAO,5934,3
GAO_GAO-08-962T,GAO,8285,5
GAO_GGD-96-22,GAO,14241,7
GAO_GAO-09-804T,GAO,5182,3
GAO_RCED-96-113,GAO,18107,9
GAO_HEHS-97-36,GAO,4523,3
GAO_GAO-14-158T,GAO,2677,2
GAO_GAO-11-456,GAO,10472,6
GAO_GAO-07-608,GAO,10421,6
GAO_GAO-07-854,GAO,14589,8
GAO_GGD-96-64,GAO,6691,4
GAO_GAO-06-385,GAO,12831,7
GAO_GAO-10-340,GAO,20278,10
GAO_NSIAD-99-168,GAO,61297,30
GAO_GAO-08-327,GAO,6596,4
GAO_NSIAD-99-15,GAO,32137,16
GAO_GAO-05-968,GAO,9078,5
GAO_GAO-05-183,GAO,18666,10
GAO_GAO-17-579T,GAO,17668,9
GAO_GAO-06-1134T,GAO,7939,4
GAO_GAO-05-108T,GAO,2957,2
GAO_RCED-98-246,GAO,12773,7
GAO_GAO-11-565,GAO,14906,8
GAO_GAO-09-460T,GAO,9201,5
GAO_GAO-13-60,GAO,8919,5
GAO_GAO-11-510T,GAO,4221,3
GAO_GAO-15-522T,GAO,8552,5
GAO_GAO-06-988,GAO,15493,8
GAO_AIMD-96-115,GAO,3690,2
GAO_GAO-14-320,GAO,15778,8
GAO_GGD-00-14,GAO,4103,3
GAO_GAO-06-397,GAO,6717,4
GAO_T-NSIAD-98-126,GAO,4431,3
GAO_GAO-08-654,GAO,13848,7
GAO_GAO-14-808,GAO,6713,4
GAO_GAO-09-291,GAO,5941,3
GAO_GAO-17-607,GAO,29240,15
GAO_GAO-03-373,GAO,12208,6
GAO_AIMD-99-12,GAO,10051,5
GAO_GAO-15-605T,GAO,4118,3
GAO_GAO-05-122,GAO,6026,3
GAO_GAO-11-220,GAO,17495,9
GAO_GAO-12-539,GAO,9087,5
GAO_GAO-09-588,GAO,8995,5
GAO_GAO-13-657,GAO,15962,8
GAO_GAO-13-284T,GAO,3738,2
GAO_GAO-12-276T,GAO,6890,4
GAO_GAO-07-1125T,GAO,4842,3
GAO_GGD-98-82,GAO,9813,5
GAO_GAO-16-787,GAO,6913,4
GAO_RCED-99-56,GAO,9782,5
GAO_GAO-08-432,GAO,12552,7
GAO_GAO-14-695T,GAO,3616,2
GAO_GAO-13-221,GAO,11500,6
GAO_GAO-06-45,GAO,27539,14
GAO_GAO-01-872T,GAO,3110,2
GAO_GAO-17-742,GAO,8732,5
GAO_GAO-08-419T,GAO,3427,2
GAO_GAO-12-647,GAO,9520,5
GAO_GAO-04-601,GAO,13835,7
GAO_GAO-03-699,GAO,12194,6
GAO_GAO-11-583,GAO,8273,5
GAO_NSIAD-98-143,GAO,8758,5
GAO_GAO-07-538,GAO,9278,5
GAO_GAO-01-272,GAO,7040,4
GAO_GAO-04-104T,GAO,9340,5
GAO_GAO-07-369T,GAO,5240,3
GAO_NSIAD-96-8,GAO,8760,5
GAO_GAO-10-295,GAO,11245,6
GAO_GAO-10-41,GAO,14985,8
GAO_GAO-14-10,GAO,9096,5
GAO_GAO-09-493,GAO,17302,9
GAO_GAO-09-727,GAO,15914,8
GAO_GAO-04-325T,GAO,6327,4
GAO_GAO-03-285,GAO,4560,3
GAO_AIMD-97-156,GAO,6393,4
GAO_GAO-03-1036T,GAO,5808,3
GAO_GAO-16-187T,GAO,3298,2
GAO_GAO-05-1026T,GAO,10285,6
GAO_GAO-11-910T,GAO,6115,3
GAO_GGD-98-164,GAO,12677,7
GAO_AIMD-98-56,GAO,10365,6
GAO_GAO-04-162,GAO,6435,4
GAO_GAO-09-4,GAO,8580,5
GAO_GAO-12-729,GAO,13066,7
GAO_GAO-07-1074T,GAO,6265,4
GAO_GAO-11-429T,GAO,5715,3
GAO_GAO-01-158,GAO,15453,8
GAO_GAO-02-196,GAO,11744,6
GAO_GAO-09-109,GAO,10637,6
GAO_HEHS-95-153,GAO,8400,5
GAO_GAO-03-51,GAO,5865,3
GAO_RCED-99-90,GAO,8412,5
GAO_HEHS-98-204,GAO,6499,4
GAO_GAO-01-752,GAO,7985,4
GAO_GAO-16-885T,GAO,2813,2
GAO_GAO-17-217,GAO,24543,12
GAO_GAO-13-833,GAO,4948,3
GAO_GAO-08-821T,GAO,7809,4
GAO_GAO-06-661,GAO,9677,5
GAO_GAO-06-488,GAO,9361,5
GAO_GAO-01-853,GAO,8005,4
GAO_GAO-04-975T,GAO,13945,7
GAO_T-GGD-98-63,GAO,3963,2
GAO_GAO-02-498T,GAO,5412,3
GAO_GAO-10-52,GAO,17546,9
GAO_HEHS-96-95,GAO,4805,3
GAO_GAO-02-74,GAO,6901,4
GAO_AIMD-98-70,GAO,7895,4
GAO_GAO-08-571T,GAO,8727,5
GAO_GAO-05-672,GAO,14636,8
GAO_GAO-11-77,GAO,18430,9
GAO_GAO-07-1124T,GAO,2696,2
GAO_GAO-11-657,GAO,14211,7
GAO_GAO-08-117,GAO,14186,7
GAO_GAO-09-450,GAO,9057,5
GAO_GAO-17-312,GAO,6567,4
GAO_AIMD-96-90,GAO,4613,3
GAO_GAO-11-143,GAO,9204,5
GAO_GAO-08-1159T,GAO,5417,3
GAO_GAO-17-141,GAO,5082,3
GAO_GAO-13-491,GAO,9780,5
GAO_GAO-09-1011T,GAO,4733,3
GAO_GAO-14-367,GAO,7101,4
GAO_GAO-10-30,GAO,15005,8
GAO_GAO-06-815,GAO,16262,8
GAO_GAO-02-1027,GAO,8032,4
GAO_GAO-08-478T,GAO,5715,3
GAO_GAO-02-729T,GAO,3332,2
GAO_GAO-10-84,GAO,10850,6
GAO_GAO-07-1117,GAO,3654,2
GAO_GAO-16-514,GAO,9171,5
GAO_GAO-11-938T,GAO,3878,2
GAO_GAO-08-146T,GAO,11398,6
GAO_GAO-08-823,GAO,22190,11
GAO_T-HEHS-98-125,GAO,3732,2
GAO_RCED-97-5,GAO,19348,10
GAO_GGD-99-45,GAO,13035,7
GAO_T-NSIAD-96-146,GAO,8483,5
GAO_GAO-17-542,GAO,4626,3
GAO_T-AIMD-00-260,GAO,3217,2
GAO_GAO-12-554,GAO,17863,9
GAO_GAO-08-951,GAO,7145,4
GAO_GAO-09-844,GAO,6636,4
GAO_GAO-01-1053,GAO,11523,6
GAO_GAO-16-833,GAO,9003,5
GAO_GAO-05-690,GAO,31864,16
GAO_GAO-15-701,GAO,13528,7
GAO_GAO-03-580T,GAO,6333,4
GAO_GAO-06-553T,GAO,6294,4
GAO_HEHS-96-140,GAO,8059,4
GAO_GAO-09-553,GAO,13021,7
GAO_GAO-14-12,GAO,7488,4
GAO_GAO-01-949,GAO,5373,3
GAO_GAO-05-123,GAO,18311,9
GAO_GAO-15-744,GAO,9834,5
GAO_NSIAD-99-21,GAO,17991,9
GAO_GAO-14-603T,GAO,4636,3
GAO_GAO-16-417,GAO,5928,3
GAO_GAO-02-588,GAO,6837,4
GAO_GAO-05-351,GAO,17230,9
GAO_GAO-05-363,GAO,11449,6
GAO_GAO-04-1080T,GAO,3994,2
GAO_GAO-06-702T,GAO,4899,3
GAO_GAO-08-141,GAO,27807,14
GAO_GAO-10-1,GAO,13980,7
GAO_HEHS-96-35,GAO,17383,9
GAO_GAO-08-494T,GAO,9737,5
GAO_GAO-01-811,GAO,15772,8
GAO_GAO-04-363,GAO,7945,4
GAO_GAO-15-85,GAO,7351,4
GAO_GAO-14-78,GAO,9475,5
GAO_GGD-96-48,GAO,11002,6
GAO_GAO-12-926T,GAO,6379,4
GAO_GAO-15-561,GAO,12543,7
GAO_GAO-11-86,GAO,8616,5
GAO_GAO-13-270,GAO,14309,7
GAO_GAO-11-714T,GAO,4883,3
GAO_GAO-01-582,GAO,6187,4
GAO_GAO-06-1070,GAO,16797,9
GAO_GAO-02-676T,GAO,4553,3
GAO_GAO-04-477T,GAO,8157,4
GAO_GAO-03-189,GAO,13350,7
GAO_GAO-10-731,GAO,4022,2
GAO_GAO-04-758,GAO,13358,7
GAO_GGD-99-27,GAO,7547,4
GAO_GAO-08-407,GAO,15583,8
GAO_GAO-10-220,GAO,8968,5
GAO_GAO-12-65,GAO,33257,17
GAO_GAO-05-688T,GAO,3132,2
GAO_GAO-04-985T,GAO,4375,3
GAO_GAO-15-682,GAO,11994,6
GAO_GAO-08-964T,GAO,4802,3
GAO_GAO-14-302,GAO,14987,8
GAO_GAO-04-1077T,GAO,4378,3
GAO_GAO-08-758T,GAO,4576,3
GAO_GAO-12-500,GAO,7670,4
GAO_GAO-13-260,GAO,13938,7
GAO_GAO-10-48,GAO,21030,11
GAO_GAO-02-185,GAO,22532,12
GAO_GAO-03-462,GAO,6932,4
GAO_GAO-16-648,GAO,12292,7
GAO_GAO-10-637T,GAO,5059,3
GAO_GAO-04-492,GAO,7046,4
GAO_GAO-03-182,GAO,11021,6
GAO_GAO-04-852,GAO,10132,5
GAO_GAO-13-170,GAO,9520,5
GAO_GAO-12-918,GAO,14200,7
GAO_AIMD-99-129,GAO,4357,3
GAO_GAO-13-227,GAO,11825,6
GAO_NSIAD-96-232,GAO,4606,3
GAO_HEHS-97-6,GAO,3539,2
GAO_GAO-02-828,GAO,12863,7
GAO_GAO-04-232T,GAO,10184,5
GAO_GAO-14-429T,GAO,4647,3
GAO_GAO-08-426,GAO,12272,6
GAO_GAO-03-1102,GAO,5629,3
GAO_GAO-16-686,GAO,17469,9
GAO_RCED-98-86,GAO,7287,4
GAO_GGD-99-91,GAO,13434,7
GAO_GAO-01-189,GAO,6942,4
GAO_GAO-04-31,GAO,8078,4
GAO_GAO-07-525T,GAO,9286,5
GAO_GAO-03-1115T,GAO,4053,2
GAO_RCED-97-210,GAO,10405,6
GAO_GAO-14-525,GAO,9817,5
GAO_GAO-08-222T,GAO,5565,3
GAO_GAO-15-724,GAO,20615,11
GAO_GAO-08-83T,GAO,2897,2
GAO_GAO-02-962T,GAO,5283,3
GAO_HEHS-96-64,GAO,6507,4
GAO_GAO-02-95,GAO,13408,7
GAO_GAO-09-374,GAO,7669,4
GAO_GAO-16-742,GAO,12833,7
GAO_T-RCED-99-71,GAO,5446,3
GAO_AIMD-95-6,GAO,8514,5
GAO_GAO-06-788,GAO,13763,7
GAO_GAO-03-760,GAO,11573,6
GAO_GAO-06-392,GAO,7050,4
GAO_GAO-07-1024T,GAO,7501,4
GAO_AIMD-96-5,GAO,4327,3
GAO_T-NSIAD-96-123,GAO,3987,2
GAO_GAO-04-1008,GAO,24720,13
GAO_GAO-15-618,GAO,8678,5
GAO_GAO-10-346,GAO,14825,8
GAO_AIMD-99-161,GAO,3885,2
GAO_GAO-03-531T,GAO,3543,2
GAO_GAO-10-542,GAO,14439,8
GAO_GAO-12-845,GAO,15858,8
GAO_GAO-10-145,GAO,12281,6
GAO_GAO-10-919T,GAO,2240,2
GAO_GAO-09-627T,GAO,4616,3
GAO_GAO-16-378,GAO,17661,9
GAO_GAO-16-779,GAO,6494,4
GAO_GAO-05-374,GAO,13388,7
GAO_GAO-01-1084SP,GAO,9036,5
GAO_GGD-96-120,GAO,34021,17
GAO_GAO-02-397,GAO,4675,3
GAO_GAO-09-399,GAO,25979,13
GAO_GGD-96-176,GAO,6808,4
GAO_GGD-95-43,GAO,5556,3
GAO_GAO-15-334,GAO,9549,5
GAO_GAO-12-436T,GAO,6425,4
GAO_GAO-07-879,GAO,17094,9
GAO_GAO-15-121,GAO,13772,7
GAO_GAO-04-547,GAO,15808,8
GAO_GAO-07-426T,GAO,9993,5
GAO_T-AIMD-98-302,GAO,7069,4
GAO_GAO-08-1032T,GAO,1962,1
GAO_RCED-98-65,GAO,11091,6
GAO_GAO-17-384,GAO,10782,6
GAO_RCED-99-107,GAO,8294,5
GAO_GAO-04-977,GAO,23397,12
GAO_GAO-08-615,GAO,7770,4
GAO_GAO-02-690T,GAO,4060,2
GAO_GAO-01-992T,GAO,3923,2
GAO_GAO-14-465,GAO,13165,7
GAO_GAO-15-636T,GAO,3217,2
GAO_GAO-08-590,GAO,14448,8
GAO_GAO-05-935,GAO,13691,7
GAO_GAO-13-192,GAO,16720,9
GAO_GGD-99-110,GAO,14829,8
GAO_NSIAD-98-202,GAO,14965,8
GAO_GAO-14-623T,GAO,2998,2
GAO_GAO-16-189,GAO,7444,4
GAO_GAO-16-562T,GAO,2378,2
GAO_GAO-08-429T,GAO,2752,2
GAO_GAO-14-390,GAO,8668,5
GAO_GAO-13-428T,GAO,4092,2
GAO_GAO-07-567T,GAO,1882,1
GAO_GAO-03-348,GAO,12517,7
GAO_GAO-17-40,GAO,8379,5
GAO_GAO-05-380,GAO,14228,7
GAO_GAO-11-152,GAO,18043,9
GAO_GAO-16-468,GAO,14865,8
GAO_HEHS-99-31,GAO,7758,4
GAO_GAO-05-415,GAO,16998,9
GAO_GAO-04-612,GAO,15468,8
GAO_GAO-14-513,GAO,2688,2
GAO_RCED-96-11,GAO,8841,5
GAO_T-AIMD-00-321,GAO,6449,4
GAO_RCED-98-208,GAO,15743,8
GAO_GAO-17-52,GAO,8788,5
GAO_GAO-07-707,GAO,10700,6
GAO_GGD-96-12,GAO,8520,5
GAO_GAO-15-56,GAO,10683,6
GAO_HEHS-98-62,GAO,9990,5
GAO_RCED-99-30,GAO,8055,4
GAO_GAO-17-101,GAO,15331,8
GAO_GAO-17-105,GAO,5948,3
GAO_GAO-17-247,GAO,15326,8
GAO_GAO-10-558,GAO,10819,6
GAO_GAO-04-403,GAO,18120,9
GAO_GAO-05-461,GAO,10905,6
GAO_GAO-02-32,GAO,10132,5
GAO_GAO-04-597T,GAO,6589,4
GAO_RCED-95-77,GAO,6771,4
GAO_RCED-98-143,GAO,6320,4
GAO_GAO-04-371,GAO,10834,6
GAO_GAO-16-801,GAO,22644,12
GAO_GAO-04-706,GAO,13122,7
GAO_GAO-04-839T,GAO,5467,3
GAO_GAO-17-3,GAO,10836,6
GAO_GAO-14-431,GAO,10927,6
GAO_GAO-06-1028T,GAO,7561,4
GAO_RCED-98-10,GAO,13433,7
GAO_GGD-98-30,GAO,12889,7
GAO_GAO-13-650,GAO,8168,4
GAO_GAO-06-850,GAO,9020,5
GAO_GAO-11-289,GAO,9881,5
GAO_GAO-15-550T,GAO,4637,3
GAO_GAO-11-728,GAO,25502,13
GAO_GAO-10-733T,GAO,3914,2
GAO_T-RCED-98-167,GAO,2830,2
GAO_GAO-08-940,GAO,27939,14
GAO_GAO-10-341,GAO,9892,5
GAO_GAO-13-1,GAO,15758,8
GAO_GAO-08-719,GAO,7339,4
GAO_GAO-07-816,GAO,19933,10
GAO_RCED-95-95,GAO,6318,4
GAO_GAO-07-502T,GAO,11600,6
GAO_GAO-09-903T,GAO,3175,2
GAO_GAO-07-82,GAO,10219,5
GAO_RCED-96-150,GAO,8497,5
GAO_GAO-01-813,GAO,9549,5
GAO_GAO-11-134,GAO,15047,8
GAO_GAO-09-443T,GAO,6894,4
GAO_GAO-16-161,GAO,8636,5
GAO_RCED-98-245,GAO,9349,5
GAO_GAO-12-149T,GAO,2615,2
GAO_GAO-05-674,GAO,14132,7
GAO_GAO-12-859,GAO,6820,4
GAO_GAO-12-578T,GAO,6191,4
GAO_GAO-12-277T,GAO,4599,3
GAO_GAO-01-858,GAO,11363,6
GAO_GAO-16-673,GAO,13838,7
GAO_GAO-08-757,GAO,4563,3
GAO_GAO-08-228T,GAO,6589,4
GAO_NSIAD-98-192,GAO,13716,7
GAO_T-RCED-98-190,GAO,3610,2
GAO_GAO-06-787T,GAO,5540,3
GAO_GAO-14-205,GAO,17780,9
GAO_GAO-12-696,GAO,10587,6
GAO_GAO-02-881,GAO,14735,8
GAO_GAO-17-343,GAO,9238,5
GAO_GGD-96-15,GAO,6268,4
GAO_GAO-08-928T,GAO,3213,2
GAO_GAO-04-496,GAO,10083,5
GAO_GAO-05-385,GAO,10656,6
GAO_GAO-07-877,GAO,6883,4
GAO_GAO-09-483,GAO,24913,13
GAO_GAO-06-560,GAO,32421,16
GAO_GAO-08-574T,GAO,6200,4
GAO_GAO-14-176,GAO,5251,3
GAO_GAO-03-91,GAO,7272,4
GAO_GAO-16-180,GAO,13755,7
GAO_GAO-11-936T,GAO,3866,2
GAO_GAO-07-193,GAO,15908,8
GAO_GAO-04-436,GAO,8904,5
GAO_GAO-01-1043,GAO,7483,4
GAO_T-NSIAD-98-104,GAO,4451,3
GAO_GAO-14-50,GAO,8883,5
GAO_GAO-04-559,GAO,6099,3
GAO_GAO-16-433,GAO,21017,11
GAO_GAO-11-744,GAO,12059,6
GAO_GAO-02-972,GAO,5767,3
GAO_GAO-02-522T,GAO,8372,5
GAO_GAO-06-601T,GAO,2640,2
GAO_GAO-01-824,GAO,10009,5
GAO_GAO-03-756T,GAO,10156,5
GAO_GAO-10-710,GAO,17292,9
GAO_GAO-01-857,GAO,4429,3
GAO_GAO-04-280,GAO,30383,15
GAO_GAO-15-24,GAO,8829,5
GAO_GAO-15-307,GAO,11563,6
GAO_GAO-14-452,GAO,27723,14
GAO_GAO-07-1100T,GAO,3365,2
GAO_GAO-15-518,GAO,7076,4
GAO_GAO-14-150,GAO,9345,5
GAO_GAO-02-631,GAO,5429,3
GAO_GAO-08-759,GAO,14915,8
GAO_RCED-99-51,GAO,6216,4
GAO_GAO-08-138T,GAO,3216,2
GAO_GAO-15-506,GAO,14862,8
GAO_GAO-04-635T,GAO,7867,4
GAO_GAO-03-575T,GAO,3445,2
GAO_GAO-05-549T,GAO,7015,4
GAO_GAO-07-754T,GAO,12991,7
GAO_GAO-08-212T,GAO,5326,3
GAO_GAO-12-248,GAO,10086,5
GAO_GAO-01-1021,GAO,5842,3
GAO_GAO-04-925,GAO,8317,5
GAO_GAO-06-682,GAO,7267,4
GAO_GAO-07-233T,GAO,2741,2
GAO_T-RCED-97-112,GAO,3507,2
GAO_GAO-05-845T,GAO,3126,2
GAO_GAO-14-44,GAO,12740,7
GAO_GAO-11-363T,GAO,5157,3
GAO_GAO-03-202T,GAO,6015,3
GAO_GAO-06-862,GAO,6808,4
GAO_GAO-08-886T,GAO,4744,3
GAO_GAO-10-6,GAO,12194,6
GAO_GAO-17-325,GAO,9103,5
GAO_GAO-15-72,GAO,17837,9
GAO_GAO-05-347T,GAO,2646,2
GAO_GGD-96-172,GAO,5677,3
GAO_GAO-09-665,GAO,9010,5
GAO_GAO-16-271,GAO,3857,2
GAO_GAO-06-655,GAO,14973,8
GAO_GAO-17-329,GAO,7402,4
GAO_GAO-16-505T,GAO,3243,2
GAO_HEHS-98-201,GAO,4239,3
GAO_T-RCED-98-218,GAO,3543,2
GAO_GAO-09-744,GAO,12074,6
GAO_GAO-05-772T,GAO,8212,5
GAO_HEHS-97-7,GAO,7814,4
GAO_GGD-00-48,GAO,15721,8
GAO_GAO-11-807T,GAO,4333,3
GAO_GAO-04-720T,GAO,6688,4
GAO_GAO-04-1100T,GAO,4036,2
GAO_GAO-09-748,GAO,21700,11
GAO_GAO-15-74,GAO,20686,11
GAO_T-HEHS-96-107,GAO,14472,8
GAO_GAO-11-579,GAO,9282,5
GAO_GAO-05-722T,GAO,2780,2
GAO_GAO-02-887,GAO,7921,4
GAO_GAO-06-770,GAO,16709,9
GAO_GAO-09-593,GAO,18615,10
GAO_GAO-17-12,GAO,9897,5
GAO_GAO-01-758,GAO,3401,2
GAO_T-HEHS-98-129,GAO,4611,3
GAO_GAO-11-117,GAO,10991,6
GAO_GAO-16-163T,GAO,6017,3
GAO_GAO-08-357T,GAO,7088,4
GAO_GAO-04-401T,GAO,3564,2
GAO_GAO-04-482T,GAO,4069,2
GAO_GAO-01-839,GAO,21846,11
GAO_HEHS-96-44,GAO,16136,8
GAO_GGD-98-93,GAO,12771,7
GAO_GAO-05-417,GAO,4616,3
GAO_GAO-08-724,GAO,9851,5
GAO_GAO-06-1008T,GAO,4211,3
GAO_HEHS-99-28,GAO,5750,3
GAO_GAO-06-351,GAO,9987,5
GAO_GAO-16-437,GAO,13332,7
GAO_GAO-16-142,GAO,9780,5
GAO_GAO-02-902,GAO,13614,7
GAO_T-NSIAD-98-183,GAO,3711,2
GAO_AIMD-98-85,GAO,17180,9
GAO_NSIAD-95-113,GAO,12863,7
GAO_GAO-16-310,GAO,16068,8
GAO_RCED-98-151,GAO,13008,7
GAO_GAO-08-806,GAO,9077,5
GAO_GAO-04-844,GAO,17728,9
GAO_GAO-01-464,GAO,5671,3
GAO_T-RCED-96-259,GAO,4982,3
GAO_GAO-16-674,GAO,12069,6
GAO_GAO-05-81,GAO,16209,8
GAO_HEHS-97-67,GAO,25012,13
GAO_GAO-09-805T,GAO,7553,4
GAO_GAO-17-64,GAO,14326,7
GAO_GAO-07-819T,GAO,6185,4
GAO_GAO-03-753,GAO,13849,7
GAO_GAO-12-726,GAO,11096,6
GAO_T-GGD-97-185,GAO,3950,2
GAO_GAO-07-719T,GAO,11841,6
GAO_GAO-15-674,GAO,9805,5
GAO_RCED-98-21,GAO,18588,10
GAO_GAO-08-1086,GAO,12634,7
GAO_GAO-02-1013T,GAO,8519,5
GAO_GAO-06-453T,GAO,5222,3
GAO_GAO-01-1162T,GAO,4257,3
GAO_GAO-04-460,GAO,9592,5
GAO_GAO-10-222T,GAO,3647,2
GAO_GAO-12-279T,GAO,4898,3
GAO_GAO-10-151,GAO,9954,5
GAO_GAO-12-564,GAO,13521,7
GAO_GAO-07-166,GAO,13930,7
GAO_GAO-12-474,GAO,16300,8
GAO_GAO-10-297T,GAO,3635,2
GAO_GAO-07-913,GAO,10490,6
GAO_GAO-05-276,GAO,4818,3
GAO_GAO-13-36,GAO,11514,6
GAO_GAO-15-50,GAO,9880,5
GAO_GAO-01-372,GAO,6494,4
GAO_GAO-12-473T,GAO,4549,3
GAO_GAO-02-1090T,GAO,4953,3
GAO_GAO-13-66,GAO,9663,5
GAO_GAO-10-807,GAO,68525,34
GAO_T-GGD-96-123,GAO,8631,5
GAO_GAO-07-241,GAO,19013,10
GAO_GAO-01-587,GAO,7381,4
GAO_AIMD-97-112,GAO,5664,3
GAO_HEHS-99-41,GAO,6397,4
GAO_GAO-04-323,GAO,5039,3
GAO_GAO-13-441,GAO,8279,5
GAO_HEHS-98-3,GAO,13594,7
GAO_GAO-13-257,GAO,4868,3
GAO_GAO-05-658,GAO,25417,13
GAO_GAO-15-788,GAO,8237,5
GAO_GAO-12-137,GAO,9407,5
GAO_NSIAD-95-75,GAO,4185,3
GAO_GAO-15-348,GAO,5963,3
GAO_GAO-06-310,GAO,7747,4
GAO_GAO-06-530,GAO,12855,7
GAO_AIMD-98-148,GAO,3579,2
GAO_NSIAD-99-46,GAO,10133,5
GAO_GAO-02-781,GAO,12276,6
GAO_GAO-03-528T,GAO,3606,2
GAO_RCED-98-69,GAO,5096,3
GAO_GAO-17-437,GAO,21421,11
GAO_GAO-03-912,GAO,4038,2
GAO_GAO-16-2,GAO,14091,7
GAO_GAO-12-826T,GAO,3207,2
GAO_GAO-12-903,GAO,12477,7
GAO_GAO-07-912,GAO,15318,8
GAO_GAO-13-605,GAO,6683,4
GAO_GGD-99-44,GAO,9248,5
GAO_RCED-95-8,GAO,16257,8
GAO_GAO-16-336,GAO,12872,7
GAO_GAO-17-498,GAO,3883,2
GAO_T-RCED-98-32,GAO,5283,3
GAO_GAO-15-358,GAO,11174,6
GAO_GAO-12-549,GAO,9330,5
GAO_GAO-07-389T,GAO,5772,3
GAO_GAO-15-185,GAO,18764,10
GAO_GAO-01-848,GAO,5888,3
GAO_GAO-08-86T,GAO,17781,9
GAO_GAO-08-367,GAO,10880,6
GAO_NSIAD-96-63,GAO,4172,3
GAO_GAO-10-193,GAO,6659,4
GAO_HEHS-98-196,GAO,7987,4
GAO_GAO-06-955,GAO,8934,5
GAO_GAO-07-490T,GAO,7322,4
GAO_GAO-07-1002T,GAO,3357,2
GAO_T-RCED-98-227,GAO,3039,2
GAO_GAO-12-886,GAO,22398,11
GAO_T-HEHS-98-185,GAO,2874,2
GAO_HEHS-99-35,GAO,8666,5
GAO_T-GGD-97-184,GAO,3211,2
GAO_GAO-08-58,GAO,14418,8
GAO_GAO-06-1130T,GAO,5055,3
GAO_GGD-97-23,GAO,22747,12
GAO_GAO-05-747,GAO,10896,6
GAO_GAO-02-749,GAO,19731,10
GAO_GAO-05-673,GAO,10973,6
GAO_GAO-15-440T,GAO,12318,7
GAO_GAO-15-643,GAO,5336,3
GAO_GAO-16-122,GAO,15499,8
GAO_GAO-02-34,GAO,4517,3
GAO_GAO-07-52,GAO,7144,4
GAO_GAO-10-312T,GAO,8765,5
GAO_GAO-07-935T,GAO,7917,4
GAO_GAO-16-485,GAO,9458,5
GAO_GAO-13-575,GAO,9707,5
GAO_GAO-17-166,GAO,5700,3
GAO_GAO-02-502,GAO,4499,3
GAO_GAO-05-364T,GAO,9944,5
GAO_GAO-12-117,GAO,19099,10
GAO_GAO-15-112,GAO,14068,7
GAO_GAO-04-856,GAO,6736,4
GAO_GAO-17-549,GAO,15900,8
GAO_GAO-08-180,GAO,20936,11
GAO_GAO-07-794T,GAO,8561,5
GAO_GAO-02-7,GAO,6773,4
GAO_GAO-16-268T,GAO,4022,2
GAO_GAO-10-825,GAO,11904,6
GAO_HEHS-96-79,GAO,4033,2
GAO_GAO-04-700,GAO,7764,4
GAO_T-RCED-98-168,GAO,3069,2
GAO_GAO-04-412T,GAO,4515,3
GAO_GAO-09-728,GAO,6016,3
GAO_GAO-05-1041T,GAO,5723,3
GAO_GAO-16-127,GAO,16539,9
GAO_HEHS-98-103,GAO,11962,6
GAO_GAO-04-459,GAO,8774,5
GAO_GAO-05-147,GAO,8623,5
GAO_GAO-03-1168T,GAO,9473,5
GAO_NSIAD-96-82,GAO,5233,3
GAO_GAO-14-450,GAO,14415,8
GAO_RCED-98-9,GAO,3778,2
GAO_RCED-97-3,GAO,15574,8
GAO_AIMD-98-35,GAO,8135,4
GAO_GAO-03-426,GAO,13676,7
GAO_GAO-01-710T,GAO,8812,5
GAO_GAO-12-223,GAO,16976,9
GAO_GAO-15-198,GAO,31202,16
GAO_GAO-06-901T,GAO,5191,3
GAO_GAO-05-755T,GAO,4487,3
GAO_GAO-12-512T,GAO,8102,4
GAO_GAO-04-391,GAO,8926,5
GAO_AIMD-00-166,GAO,4992,3
GAO_GAO-06-886T,GAO,6089,3
GAO_GAO-06-525,GAO,16113,8
GAO_GAO-01-907T,GAO,5868,3
GAO_GAO-10-49,GAO,11979,6
GAO_GAO-11-26,GAO,31772,16
GAO_GAO-01-817,GAO,10029,5
GAO_GAO-09-8,GAO,16204,8
GAO_GAO-05-979,GAO,30219,15
GAO_GAO-12-878,GAO,18371,9
GAO_GAO-06-583T,GAO,1972,1
GAO_GAO-06-885T,GAO,6776,4
GAO_GAO-09-1038T,GAO,3792,2
GAO_GAO-04-151,GAO,10829,6
GAO_GAO-13-708T,GAO,6818,4
GAO_GGD-97-80,GAO,7050,4
GAO_GAO-15-410,GAO,13266,7
GAO_GAO-09-103,GAO,12973,7
GAO_GAO-15-789,GAO,14391,8
GAO_GAO-02-1012T,GAO,8519,5
GAO_GAO-08-805,GAO,9571,5
GAO_GGD-97-177,GAO,6672,4
GAO_GAO-05-666,GAO,11440,6
GAO_NSIAD-96-156,GAO,6923,4
GAO_GAO-11-941T,GAO,4593,3
GAO_GAO-15-21,GAO,8272,5
GAO_GAO-17-88,GAO,9328,5
GAO_GAO-16-241,GAO,20529,11
GAO_NSIAD-98-64,GAO,5421,3
GAO_GGD-95-22,GAO,9139,5
GAO_GAO-17-302,GAO,10371,6
GAO_T-GGD-99-131,GAO,3922,2
GAO_GGD-96-17,GAO,30972,16
GAO_GAO-14-813T,GAO,4407,3
GAO_GAO-06-860,GAO,12471,7
GAO_GAO-04-220,GAO,12924,7
GAO_NSIAD-99-34,GAO,4602,3
GAO_AIMD-98-18,GAO,6915,4
GAO_GAO-03-481,GAO,6821,4
GAO_GAO-05-632,GAO,11373,6
GAO_GAO-06-1126T,GAO,4792,3
GAO_GAO-05-151,GAO,19987,10
GAO_GAO-08-48T,GAO,2992,2
GAO_GAO-08-409,GAO,10872,6
GAO_RCED-98-28,GAO,19944,10
GAO_PEMD-97-3,GAO,13811,7
GAO_GAO-03-34,GAO,9518,5
GAO_HEHS-96-122,GAO,7924,4
GAO_GAO-07-687T,GAO,3687,2
GAO_GGD-97-33,GAO,31269,16
GAO_GAO-12-224,GAO,9000,5
GAO_GAO-15-611,GAO,4729,3
GAO_GAO-02-257,GAO,3693,2
GAO_GAO-17-188,GAO,16832,9
GAO_GAO-09-822,GAO,21438,11
GAO_GAO-15-556,GAO,25440,13
GAO_GAO-04-40,GAO,24347,12
GAO_GAO-08-1180T,GAO,4183,3
GAO_GAO-12-590,GAO,7690,4
GAO_GAO-14-527,GAO,7398,4
GAO_GAO-07-1240T,GAO,5465,3
GAO_GAO-07-637T,GAO,4547,3
GAO_GAO-05-526,GAO,8476,5
GAO_GAO-16-594,GAO,5054,3
GAO_GAO-01-374,GAO,10680,6
GAO_GAO-06-844T,GAO,6355,4
GAO_GAO-08-1127T,GAO,6040,3
GAO_GAO-11-390,GAO,3145,2
GAO_GAO-17-580,GAO,9301,5
GAO_GAO-07-157,GAO,4559,3
GAO_RCED-99-93,GAO,26598,13
GAO_NSIAD-97-32,GAO,15925,8
GAO_GAO-13-736,GAO,10882,6
GAO_GAO-12-579T,GAO,2487,2
GAO_GAO-08-851,GAO,7515,4
GAO_GAO-13-351T,GAO,3474,2
GAO_GAO-02-143,GAO,2982,2
GAO_T-GGD-99-93,GAO,3801,2
GAO_GAO-16-367,GAO,10982,6
GAO_GAO-17-572,GAO,3870,2
GAO_NSIAD-98-43,GAO,8393,5
GAO_GAO-17-414,GAO,5415,3
GAO_GAO-04-118,GAO,5381,3
GAO_GAO-11-448T,GAO,3837,2
GAO_GAO-07-40,GAO,5433,3
GAO_GAO-17-546,GAO,10036,5
GAO_GAO-14-376,GAO,23237,12
GAO_GAO-03-661,GAO,11038,6
GAO_GAO-16-50,GAO,27924,14
GAO_GAO-01-187,GAO,66477,33
GAO_GAO-15-621,GAO,14249,7
GAO_GAO-07-585,GAO,16661,9
GAO_T-GGD-98-141,GAO,17880,9
GAO_GAO-08-623,GAO,14081,7
GAO_GAO-04-346,GAO,14124,7
GAO_NSIAD-00-42,GAO,7922,4
GAO_GAO-12-645,GAO,13819,7
GAO_GAO-12-78,GAO,10782,6
GAO_HEHS-96-40,GAO,6521,4
GAO_GAO-04-504T,GAO,7456,4
GAO_RCED-96-252,GAO,7502,4
GAO_GAO-03-843,GAO,18564,10
GAO_GAO-08-1177T,GAO,7289,4
GAO_GAO-07-1017T,GAO,2944,2
GAO_GAO-15-302,GAO,17757,9
GAO_AIMD-98-32,GAO,5872,3
GAO_GAO-04-740,GAO,29721,15
GAO_GAO-02-660T,GAO,5978,3
GAO_HEHS-99-10,GAO,6995,4
GAO_T-RCED-98-12,GAO,5552,3
GAO_GAO-09-657,GAO,9896,5
GAO_GAO-08-854,GAO,8787,5
GAO_GAO-11-199,GAO,14826,8
GAO_GAO-12-591,GAO,9747,5
GAO_GAO-10-540,GAO,8721,5
GAO_GAO-09-924,GAO,5608,3
GAO_GAO-03-624T,GAO,6587,4
GAO_GAO-13-728T,GAO,4546,3
GAO_GAO-15-277T,GAO,4614,3
GAO_GAO-09-96,GAO,28957,15
GAO_GAO-12-80,GAO,10368,6
GAO_GAO-13-558,GAO,13493,7
GAO_GAO-04-747,GAO,14374,8
GAO_GAO-01-1122T,GAO,3051,2
GAO_GAO-05-213,GAO,15829,8
GAO_GAO-10-274,GAO,6376,4
GAO_GAO-02-829,GAO,7514,4
GAO_GAO-12-703,GAO,9202,5
GAO_GAO-04-738T,GAO,6978,4
GAO_AIMD-98-182,GAO,14682,8
GAO_GAO-13-690T,GAO,5437,3
GAO_GAO-11-869T,GAO,2895,2
GAO_GAO-13-442T,GAO,3736,2
GAO_GAO-15-95,GAO,14976,8
GAO_NSIAD-99-194,GAO,3731,2
GAO_GAO-07-1256T,GAO,6833,4
GAO_GAO-16-549,GAO,5578,3
GAO_GAO-17-657,GAO,9902,5
GAO_GAO-10-805,GAO,14203,7
GAO_HEHS-96-196,GAO,9814,5
GAO_GAO-04-1036,GAO,6749,4
GAO_T-RCED-96-114,GAO,4741,3
GAO_GAO-04-847,GAO,18128,9
GAO_HEHS-99-4,GAO,10008,5
GAO_GAO-09-1046T,GAO,4213,3
GAO_GAO-04-886T,GAO,7794,4
GAO_GAO-09-614,GAO,14312,7
GAO_GAO-05-876,GAO,14612,8
GAO_GAO-16-170T,GAO,3172,2
GAO_GAO-13-252,GAO,14446,8
GAO_GAO-01-624,GAO,8198,5
GAO_GAO-05-858,GAO,16093,8
GAO_GAO-10-505,GAO,13400,7
GAO_GAO-06-963,GAO,17809,9
GAO_GAO-12-374T,GAO,6413,4
GAO_GAO-07-248,GAO,26058,13
GAO_RCED-98-148,GAO,20736,11
GAO_GAO-17-99,GAO,8504,5
GAO_GAO-11-724,GAO,8653,5
GAO_GAO-17-386T,GAO,2898,2
GAO_GGD-95-37,GAO,15114,8
GAO_GAO-17-396,GAO,8758,5
GAO_GAO-07-62,GAO,11898,6
GAO_GAO-15-93,GAO,9004,5
GAO_GAO-12-618,GAO,3932,2
GAO_GGD-95-204,GAO,10386,6
GAO_T-HEHS-98-157,GAO,2517,2
GAO_GAO-11-592,GAO,7652,4
GAO_GAO-03-1041,GAO,9184,5
GAO_GAO-14-52,GAO,10290,6
GAO_GAO-11-602,GAO,8477,5
GAO_GAO-15-261,GAO,6841,4
GAO_GAO-03-695,GAO,14754,8
GAO_GAO-08-213T,GAO,6918,4
GAO_GAO-13-789,GAO,11706,6
GAO_GAO-07-488T,GAO,7377,4
GAO_GAO-04-129,GAO,3921,2
GAO_RCED-95-192,GAO,4688,3
GAO_GAO-02-521,GAO,8453,5
GAO_GAO-06-634,GAO,8618,5
GAO_GAO-01-886,GAO,16665,9
GAO_GAO-02-201,GAO,9464,5
GAO_GAO-10-631T,GAO,8128,4
GAO_GGD-99-115,GAO,20735,11
GAO_GAO-16-405,GAO,9271,5
GAO_GAO-17-170,GAO,7651,4
GAO_GAO-01-475,GAO,7221,4
GAO_GAO-14-866T,GAO,5203,3
GAO_GAO-15-12,GAO,9580,5
GAO_GAO-08-131T,GAO,4882,3
GAO_GAO-02-1011T,GAO,8519,5
GAO_GAO-01-567,GAO,3236,2
GAO_GAO-09-33,GAO,8243,5
GAO_AIMD-97-30,GAO,12655,7
GAO_GAO-03-1000,GAO,9098,5
GAO_T-GGD-99-10,GAO,4693,3
GAO_GAO-05-158,GAO,5397,3
GAO_GAO-05-173,GAO,15540,8
GAO_GAO-15-194,GAO,14594,8
GAO_GAO-13-330T,GAO,4147,3
GAO_GAO-12-644T,GAO,5642,3
GAO_GAO-08-674T,GAO,6216,4
GAO_GAO-02-927T,GAO,6830,4
GAO_GAO-17-532,GAO,13568,7
GAO_HEHS-95-177,GAO,4840,3
GAO_GAO-14-277,GAO,10148,5
GAO_GAO-10-11,GAO,10162,5
GAO_T-RCED-96-115,GAO,4741,3
GAO_HEHS-97-12,GAO,8268,5
GAO_GAO-04-142,GAO,15709,8
GAO_GAO-10-60,GAO,16392,9
GAO_GAO-02-657,GAO,17335,9
GAO_GAO-02-13,GAO,13127,7
GAO_GAO-14-677,GAO,9680,5
GAO_GAO-05-967,GAO,14902,8
GAO_T-HEHS-98-206,GAO,3613,2
GAO_GAO-01-842,GAO,9403,5
GAO_GAO-13-98,GAO,8372,5
GAO_GAO-05-264,GAO,16173,8
GAO_GAO-17-709,GAO,6318,4
GAO_GAO-08-7,GAO,28798,15
GAO_GAO-02-275,GAO,10327,6
GAO_GAO-06-998T,GAO,4351,3
GAO_GAO-03-145,GAO,4907,3
GAO_GAO-09-750,GAO,12911,7
GAO_GAO-08-1024T,GAO,4422,3
GAO_GAO-05-834T,GAO,4219,3
GAO_GAO-17-540,GAO,5509,3
GAO_GAO-09-883,GAO,15664,8
GAO_T-HEHS-97-112,GAO,3462,2
GAO_GAO-17-749T,GAO,3099,2
GAO_T-AIMD-00-229,GAO,3922,2
GAO_GAO-13-103,GAO,12294,7
GAO_GAO-05-1042,GAO,5623,3
GAO_GAO-13-315,GAO,9428,5
GAO_GAO-14-304,GAO,13654,7
GAO_GAO-08-1018,GAO,12239,6
GAO_GAO-07-454,GAO,34078,17
GAO_HEHS-95-150,GAO,7453,4
GAO_GAO-15-315,GAO,41068,21
GAO_GAO-01-600T,GAO,7542,4
GAO_GAO-09-238,GAO,11947,6
GAO_GAO-09-235,GAO,15025,8
GAO_AIMD-97-72,GAO,18119,9
GAO_GAO-10-281,GAO,6720,4
GAO_GAO-17-473T,GAO,5422,3
GAO_GAO-11-427,GAO,26852,14
GAO_HEHS-97-1,GAO,13375,7
GAO_RCED-97-102,GAO,6904,4
GAO_GAO-17-31,GAO,5991,3
GAO_GAO-10-730,GAO,9674,5
GAO_GAO-13-483,GAO,8825,5
GAO_T-RCED-97-152,GAO,3623,2
GAO_GAO-17-489T,GAO,5487,3
GAO_GAO-06-140,GAO,10380,6
GAO_GAO-16-257T,GAO,5286,3
GAO_GAO-09-774T,GAO,3631,2
GAO_GAO-07-828,GAO,19033,10
GAO_GAO-13-154,GAO,15743,8
GAO_NSIAD-98-125,GAO,7519,4
GAO_RCED-98-87,GAO,6553,4
GAO_GAO-13-243,GAO,9978,5
GAO_NSIAD-98-96,GAO,8161,4
GAO_GAO-05-77,GAO,13957,7
GAO_GAO-15-88,GAO,10297,6
GAO_GAO-16-294,GAO,14200,7
GAO_GAO-13-375,GAO,10671,6
GAO_GAO-01-772,GAO,8522,5
GAO_GAO-06-1112T,GAO,3829,2
GAO_GAO-06-877T,GAO,5845,3
GAO_GAO-02-907,GAO,5327,3
GAO_GAO-10-794,GAO,20379,10
GAO_GAO-01-805,GAO,14931,8
GAO_HEHS-98-133,GAO,34497,17
GAO_HEHS-96-170,GAO,8128,4
GAO_GGD-95-119,GAO,3356,2
GAO_GAO-17-720,GAO,10436,6
GAO_AIMD-98-51,GAO,4653,3
GAO_GAO-16-48,GAO,10258,6
GAO_GAO-16-740,GAO,2282,2
GAO_GAO-03-937T,GAO,3567,2
GAO_GAO-01-781,GAO,11340,6
GAO_GAO-07-842T,GAO,5714,3
GAO_GAO-08-282,GAO,11451,6
GAO_GAO-09-245,GAO,13181,7
GAO_GAO-08-699T,GAO,3704,2
GAO_GAO-02-530,GAO,6613,4
GAO_GAO-13-322,GAO,11524,6
GAO_GAO-15-386T,GAO,5313,3
GAO_GAO-12-490,GAO,15409,8
GAO_GAO-01-297,GAO,6924,4
GAO_GAO-12-587T,GAO,3908,2
GAO_GAO-02-1125T,GAO,3876,2
GAO_GAO-07-66,GAO,9076,5
GAO_RCED-98-118,GAO,8168,4
GAO_GAO-03-608T,GAO,3511,2
GAO_RCED-98-1,GAO,10942,6
GAO_GAO-01-452,GAO,15401,8
GAO_GAO-13-871T,GAO,3032,2
GAO_GAO-07-595T,GAO,5457,3
GAO_OCE-98-2,GAO,22417,11
GAO_GAO-04-850,GAO,11259,6
GAO_GAO-01-879,GAO,7309,4
GAO_GAO-17-93,GAO,6736,4
GAO_GAO-03-298,GAO,23047,12
GAO_AIMD-98-6,GAO,5978,3
GAO_GAO-14-699,GAO,7999,4
GAO_GAO-06-784,GAO,9207,5
GAO_GAO-06-6,GAO,7609,4
GAO_GAO-16-434,GAO,9832,5
GAO_GAO-01-236,GAO,5692,3
GAO_GAO-14-128T,GAO,2703,2
GAO_GAO-11-149,GAO,14912,8
GAO_GAO-07-711,GAO,3661,2
GAO_GAO-06-202,GAO,9043,5
GAO_GAO-08-112,GAO,10979,6
GAO_GAO-10-887,GAO,11334,6
GAO_NSIAD-95-76,GAO,4553,3
GAO_GAO-13-242,GAO,24109,12
GAO_GAO-10-800,GAO,7980,4
GAO_GAO-13-652T,GAO,8596,5
GAO_GAO-15-356,GAO,11905,6
GAO_GAO-03-809,GAO,15452,8
GAO_GAO-02-1121,GAO,8396,5
GAO_T-HEHS-99-86,GAO,4843,3
GAO_GGD-98-170,GAO,5161,3
GAO_T-NSIAD-98-50,GAO,4472,3
GAO_GAO-15-514,GAO,14885,8
GAO_HEHS-98-1,GAO,14907,8
GAO_GAO-04-393,GAO,13164,7
GAO_GAO-10-880T,GAO,4186,3
GAO_GAO-08-918,GAO,10468,6
GAO_GAO-13-764,GAO,12106,6
GAO_GAO-13-145,GAO,15403,8
GAO_GAO-04-560T,GAO,8270,5
GAO_GAO-01-918T,GAO,3234,2
GAO_GGD-99-128,GAO,11884,6
GAO_GAO-15-108,GAO,9246,5
GAO_GAO-09-616T,GAO,3986,2
GAO_NSIAD-98-52,GAO,6970,4
GAO_GAO-14-726,GAO,11181,6
GAO_GAO-12-839,GAO,6828,4
GAO_GAO-01-658,GAO,7765,4
GAO_AIMD-97-150,GAO,6417,4
GAO_GAO-01-676,GAO,6665,4
GAO_GAO-02-797T,GAO,8700,5
GAO_GAO-12-629,GAO,19648,10
GAO_HEHS-96-178,GAO,24620,13
GAO_T-HEHS-97-97,GAO,12932,7
GAO_GAO-02-716,GAO,12804,7
GAO_GAO-03-241,GAO,4617,3
GAO_GAO-03-326,GAO,3531,2
GAO_GAO-02-500T,GAO,4629,3
GAO_GAO-14-692T,GAO,4380,3
GAO_GAO-05-78,GAO,15232,8
GAO_T-RCED-98-191,GAO,3972,2
GAO_GAO-07-1121T,GAO,2978,2
GAO_GAO-05-414T,GAO,12314,7
GAO_GAO-08-8,GAO,15029,8
GAO_GAO-11-638,GAO,6498,4
GAO_GAO-11-49,GAO,9313,5
GAO_GAO-11-901SP,GAO,3398,2
GAO_GAO-05-564T,GAO,5429,3
GAO_GAO-15-160,GAO,27306,14
GAO_GAO-05-388,GAO,5314,3
GAO_GAO-02-537T,GAO,7637,4
GAO_RCED-99-78,GAO,4064,2
GAO_GAO-04-767,GAO,6799,4
GAO_GAO-17-761T,GAO,4356,3
GAO_GAO-14-768,GAO,8637,5
GAO_NSIAD-96-187,GAO,8143,4
GAO_GAO-01-759,GAO,5801,3
GAO_GAO-02-51,GAO,19517,10
GAO_T-NSIAD-97-147,GAO,5178,3
GAO_HEHS-97-31,GAO,48090,24
GAO_GAO-02-551T,GAO,2884,2
GAO_GAO-12-1014,GAO,9513,5
GAO_GAO-03-564T,GAO,24062,12
GAO_T-AIMD-96-66,GAO,2973,2
GAO_GAO-02-363,GAO,23978,12
GAO_GAO-11-131,GAO,10520,6
GAO_GAO-12-173,GAO,7701,4
GAO_NSIAD-95-40,GAO,4533,3
GAO_GAO-02-883T,GAO,5023,3
GAO_GAO-05-735,GAO,11442,6
GAO_GAO-16-869T,GAO,3159,2
GAO_GAO-05-317T,GAO,9163,5
GAO_GAO-13-383,GAO,8181,4
GAO_GAO-02-362,GAO,12683,7
GAO_GAO-06-777T,GAO,5845,3
GAO_T-GGD-96-117,GAO,3688,2
GAO_GAO-05-479,GAO,5445,3
GAO_RCED-97-137,GAO,3972,2
GAO_GAO-09-643T,GAO,6430,4
GAO_GAO-01-821,GAO,16236,8
GAO_GGD-98-103,GAO,15978,8
GAO_GGD-99-1,GAO,7065,4
GAO_GAO-07-413,GAO,9776,5
GAO_NSIAD-96-199,GAO,5460,3
GAO_GAO-03-1015,GAO,11139,6
GAO_GAO-15-115,GAO,8482,5
GAO_GAO-06-801T,GAO,11812,6
GAO_GAO-16-797,GAO,8336,5
GAO_GAO-06-554,GAO,20746,11
GAO_HEHS-98-153,GAO,6188,4
GAO_GAO-02-655,GAO,14100,7
GAO_T-NSIAD-96-240,GAO,3718,2
GAO_GAO-10-695,GAO,10058,5
GAO_GAO-05-781,GAO,11794,6
GAO_GAO-10-128,GAO,19077,10
GAO_GAO-11-509T,GAO,6269,4
GAO_GAO-07-244,GAO,12305,7
GAO_T-NSIAD-98-105,GAO,4978,3
GAO_GAO-09-499T,GAO,11220,6
GAO_GAO-13-620,GAO,14200,7
GAO_GAO-05-126,GAO,6556,4
GAO_GAO-06-855T,GAO,4773,3
GAO_GAO-15-707,GAO,16140,8
GAO_RCED-97-194,GAO,3849,2
GAO_AIMD-99-31,GAO,19042,10
GAO_GAO-14-344,GAO,14489,8
GAO_GAO-17-700,GAO,6924,4
GAO_GAO-16-695,GAO,6340,4
GAO_GAO-07-276,GAO,26467,13
GAO_GAO-07-388,GAO,11536,6
GAO_GGD-95-12,GAO,6905,4
GAO_GAO-13-853T,GAO,2673,2
GAO_GAO-12-94,GAO,14019,7
GAO_GGD-96-5,GAO,6791,4
GAO_GAO-14-432,GAO,10215,5
GAO_AIMD-95-182,GAO,6538,4
GAO_T-GGD-99-86,GAO,5230,3
GAO_GAO-11-672,GAO,11917,6
GAO_GAO-08-979,GAO,5060,3
GAO_NSIAD-99-45,GAO,4539,3
GAO_GAO-02-47T,GAO,7041,4
GAO_GAO-03-1013T,GAO,3881,2
GAO_T-AIMD-96-104,GAO,5646,3
GAO_GAO-08-617,GAO,17025,9
GAO_GAO-13-754,GAO,6864,4
GAO_HEHS-98-202,GAO,10724,6
GAO_GAO-12-239T,GAO,3240,2
GAO_GAO-07-884T,GAO,3944,2
GAO_GAO-14-753,GAO,8277,5
GAO_GAO-17-747T,GAO,3269,2
GAO_AIMD-97-7,GAO,25445,13
GAO_GAO-04-984,GAO,16816,9
GAO_RCED-97-39,GAO,3836,2
GAO_GAO-06-117,GAO,17041,9
GAO_GAO-12-698,GAO,15182,8
GAO_GGD-99-42,GAO,8983,5
GAO_RCED-96-83,GAO,12884,7
GAO_GAO-16-504T,GAO,3745,2
GAO_GAO-08-157,GAO,18917,10
GAO_GAO-03-549T,GAO,5906,3
GAO_GAO-10-1068T,GAO,3911,2
GAO_GGD-96-114,GAO,7578,4
GAO_GAO-07-634,GAO,17601,9
GAO_RCED-96-141,GAO,8097,4
GAO_T-HEHS-98-105,GAO,2816,2
GAO_GAO-12-510T,GAO,2780,2
GAO_PEMD-95-2,GAO,16331,8
GAO_RCED-99-135,GAO,11008,6
GAO_GAO-07-1196,GAO,5642,3
GAO_GAO-13-306,GAO,7383,4
GAO_GAO-14-639,GAO,14787,8
GAO_GAO-11-514,GAO,12188,6
GAO_GAO-03-1114T,GAO,5959,3
GAO_T-GGD-97-56,GAO,4075,2
GAO_GAO-05-447T,GAO,4920,3
GAO_GAO-08-781,GAO,11372,6
GAO_GAO-04-378,GAO,12034,6
GAO_GAO-13-356,GAO,12247,6
GAO_GAO-08-259T,GAO,6571,4
GAO_T-HEHS-98-81,GAO,5559,3
GAO_GAO-06-625,GAO,17402,9
GAO_GAO-16-717,GAO,11858,6
GAO_GAO-11-530,GAO,18307,9
GAO_GAO-02-20,GAO,7865,4
GAO_GAO-03-137T,GAO,4951,3
GAO_GAO-03-379,GAO,8802,5
GAO_GAO-05-47,GAO,5324,3
GAO_GAO-02-350,GAO,4025,2
GAO_GAO-17-369,GAO,20889,11
GAO_GAO-02-890,GAO,9665,5
GAO_GAO-15-492T,GAO,5836,3
GAO_GAO-14-608T,GAO,3661,2
GAO_GAO-02-739T,GAO,7828,4
GAO_GAO-06-805,GAO,16063,8
GAO_GAO-09-578,GAO,12018,6
GAO_GAO-12-543,GAO,9748,5
GAO_GAO-11-506T,GAO,5430,3
GAO_T-GGD-99-58,GAO,3026,2
GAO_GAO-10-735T,GAO,2814,2
GAO_GAO-04-880T,GAO,9548,5
GAO_GAO-14-418,GAO,6669,4
GAO_GAO-12-405T,GAO,6280,4
GAO_GAO-11-95,GAO,14943,8
GAO_GAO-06-755T,GAO,4845,3
GAO_GGD-96-44,GAO,4596,3
GAO_T-HEHS-97-85,GAO,6003,3
GAO_GAO-08-389,GAO,10774,6
GAO_NSIAD-98-203,GAO,4892,3
GAO_GAO-15-86,GAO,14677,8
GAO_GGD-97-116,GAO,10602,6
GAO_NSIAD-98-13,GAO,6169,4
GAO_GAO-05-786T,GAO,3616,2
GAO_GAO-08-288,GAO,9731,5
GAO_GAO-13-516,GAO,3614,2
GAO_GAO-05-65,GAO,7120,4
GAO_T-AIMD-98-117,GAO,7671,4
GAO_GAO-17-332,GAO,11015,6
GAO_GAO-16-226,GAO,18644,10
GAO_GAO-02-939,GAO,7322,4
GAO_GAO-09-300,GAO,15182,8
GAO_GAO-07-1255T,GAO,3901,2
GAO_GAO-05-102,GAO,7792,4
GAO_GAO-01-1006T,GAO,6399,4
GAO_GAO-12-852,GAO,6377,4
GAO_GAO-12-544,GAO,15099,8
GAO_GAO-06-440T,GAO,4715,3
GAO_GAO-01-837,GAO,10163,5
GAO_GAO-04-221T,GAO,4005,2
GAO_GAO-10-153T,GAO,5753,3
GAO_GAO-13-616,GAO,11429,6
GAO_HEHS-96-112,GAO,3595,2
GAO_GAO-04-965,GAO,8223,5
GAO_GAO-09-110,GAO,5938,3
GAO_GAO-17-424,GAO,25649,13
GAO_GAO-08-39,GAO,11975,6
GAO_GAO-04-545,GAO,7991,4
GAO_GAO-13-158,GAO,14908,8
GAO_GAO-12-364,GAO,17339,9
GAO_GAO-09-369,GAO,28177,14
GAO_GAO-10-247,GAO,12095,6
GAO_GAO-16-715,GAO,5833,3
GAO_T-AIMD-98-102,GAO,4781,3
GAO_GAO-09-649,GAO,11497,6
GAO_GAO-08-652T,GAO,14906,8
GAO_GAO-04-47,GAO,15359,8
GAO_GAO-02-491T,GAO,2058,2
GAO_GAO-16-633T,GAO,6103,3
GAO_GAO-10-847T,GAO,6995,4
GAO_GAO-16-479,GAO,21878,11
GAO_GAO-09-31,GAO,6868,4
GAO_GAO-06-94,GAO,7938,4
GAO_GAO-07-799T,GAO,5392,3
GAO_GAO-09-717,GAO,17061,9
GAO_GAO-02-140,GAO,5774,3
GAO_GAO-04-426,GAO,9319,5
GAO_GAO-02-322,GAO,9715,5
GAO_AIMD-98-9,GAO,6435,4
GAO_GAO-17-733,GAO,8201,5
GAO_NSIAD-98-73,GAO,7301,4
GAO_GAO-16-516,GAO,13903,7
GAO_GAO-10-696,GAO,9555,5
GAO_GAO-04-835,GAO,17882,9
GAO_GAO-04-89,GAO,43911,22
GAO_GGD-98-124,GAO,7281,4
GAO_GAO-12-664,GAO,8156,4
GAO_GAO-03-595T,GAO,6148,4
GAO_GAO-04-723,GAO,15503,8
GAO_NSIAD-98-48,GAO,7273,4
GAO_GAO-15-515,GAO,17492,9
GAO_GAO-15-368,GAO,32273,16
GAO_NSIAD-95-142,GAO,9310,5
GAO_GAO-06-600T,GAO,3240,2
GAO_GAO-16-11,GAO,14645,8
GAO_GAO-13-43,GAO,8448,5
GAO_GGD-97-62,GAO,24884,13
GAO_T-NSIAD-96-182,GAO,3300,2
GAO_GAO-05-201,GAO,8680,5
GAO_GGD-96-109,GAO,10338,6
GAO_GAO-08-209,GAO,11483,6
GAO_GAO-13-80,GAO,12376,7
GAO_GAO-02-847T,GAO,7514,4
GAO_GAO-12-800,GAO,12168,6
GAO_HEHS-96-106,GAO,23561,12
GAO_GAO-06-331,GAO,7518,4
GAO_HEHS-98-128,GAO,4751,3
GAO_GAO-01-906,GAO,4428,3
GAO_GAO-04-983T,GAO,3308,2
GAO_GAO-11-163,GAO,9834,5
GAO_GAO-12-482,GAO,19233,10
GAO_GAO-14-58,GAO,6582,4
GAO_GAO-12-270T,GAO,4263,3
GAO_GAO-17-370,GAO,4359,3
GAO_GAO-12-810,GAO,11893,6
GAO_GAO-08-975T,GAO,5282,3
GAO_GAO-01-801,GAO,4162,3
GAO_GAO-10-628,GAO,7956,4
GAO_GAO-09-996T,GAO,4305,3
GAO_GAO-15-370,GAO,13249,7
GAO_GAO-13-564,GAO,12598,7
GAO_AIMD-98-58,GAO,11419,6
GAO_GAO-05-293,GAO,8874,5
GAO_GAO-10-230T,GAO,5309,3
GAO_GAO-09-563,GAO,8285,5
GAO_HEHS-96-39,GAO,19852,10
GAO_GAO-07-678,GAO,28192,14
GAO_GAO-11-493,GAO,12783,7
GAO_GAO-16-52,GAO,10135,5
GAO_GAO-02-292,GAO,14509,8
GAO_T-AIMD-99-141,GAO,3649,2
GAO_GAO-16-700,GAO,6563,4
GAO_GAO-04-1040,GAO,11072,6
GAO_HEHS-97-27,GAO,7133,4
GAO_GAO-06-501,GAO,9082,5
GAO_GAO-10-349,GAO,15927,8
GAO_GAO-13-287,GAO,5838,3
GAO_GAO-04-898,GAO,6513,4
GAO_GAO-10-431,GAO,17057,9
GAO_AIMD-96-15,GAO,4447,3
GAO_GAO-06-221T,GAO,3798,2
GAO_GAO-15-310,GAO,8172,4
GAO_GAO-10-45,GAO,22437,11
GAO_GAO-09-894,GAO,7453,4
GAO_GAO-11-520T,GAO,5478,3
GAO_GAO-07-1025T,GAO,3993,2
GAO_GAO-01-927,GAO,5188,3
GAO_GAO-16-218,GAO,7198,4
GAO_GAO-08-34,GAO,16761,9
GAO_NSIAD-98-108,GAO,10582,6
GAO_GAO-04-106,GAO,5964,3
GAO_GAO-07-1044T,GAO,3915,2
GAO_GAO-01-991T,GAO,6177,4
GAO_GAO-03-451,GAO,7262,4
GAO_GAO-04-86,GAO,5570,3
GAO_GAO-04-749,GAO,12556,7
GAO_HEHS-97-52,GAO,4985,3
GAO_GAO-15-304,GAO,9973,5
GAO_GGD-98-46,GAO,12438,7
GAO_GAO-08-1033T,GAO,4853,3
GAO_GAO-16-105,GAO,15371,8
GAO_GAO-02-906,GAO,22263,11
GAO_GAO-04-783,GAO,7411,4
GAO_GAO-11-558T,GAO,4369,3
GAO_GAO-01-225,GAO,8712,5
GAO_GAO-02-303,GAO,6850,4
GAO_GAO-09-554,GAO,22147,11
GAO_GGD-95-18,GAO,9006,5
GAO_GAO-04-784,GAO,20265,10
GAO_GAO-13-216,GAO,12093,6
GAO_GAO-10-73,GAO,14248,7
GAO_GAO-15-580T,GAO,5140,3
GAO_GAO-06-565,GAO,9989,5
GAO_GAO-06-250,GAO,11022,6
GAO_GAO-09-569,GAO,7769,4
GAO_GAO-01-1042T,GAO,5694,3
GAO_GAO-17-600,GAO,6672,4
GAO_GAO-11-710,GAO,9806,5
GAO_GAO-17-260,GAO,9998,5
GAO_GAO-11-755T,GAO,6582,4
GAO_GAO-12-46,GAO,10228,5
GAO_GAO-06-135T,GAO,3621,2
GAO_GAO-12-557,GAO,4312,3
GAO_HEHS-96-27,GAO,6653,4
GAO_T-GGD-96-79,GAO,4333,3
GAO_RCED-97-19,GAO,4388,3
GAO_GAO-14-516,GAO,10526,6
GAO_NSIAD-98-140,GAO,7748,4
GAO_GAO-07-360,GAO,7701,4
GAO_GAO-10-963,GAO,8489,5
GAO_GAO-10-850,GAO,43249,22
GAO_GAO-10-795T,GAO,6041,3
GAO_GAO-07-1064T,GAO,8430,5
GAO_GAO-02-769,GAO,8848,5
GAO_GAO-05-761T,GAO,4146,3
GAO_GAO-16-738T,GAO,3346,2
GAO_GAO-14-110,GAO,13075,7
GAO_GAO-10-736T,GAO,2528,2
GAO_GAO-08-425T,GAO,9393,5
GAO_GAO-06-253T,GAO,4504,3
GAO_GAO-11-6,GAO,16890,9
GAO_GAO-03-508,GAO,7630,4
GAO_T-HR-97-22,GAO,7057,4
GAO_GAO-12-256,GAO,17329,9
GAO_GAO-07-1244T,GAO,4407,3
GAO_GAO-08-116,GAO,11510,6
GAO_GAO-13-266,GAO,13257,7
GAO_GAO-07-238,GAO,10206,5
GAO_GAO-02-176T,GAO,2156,2
GAO_GGD-98-106,GAO,11405,6
GAO_GAO-01-917,GAO,12245,6
GAO_GAO-11-599,GAO,12867,7
GAO_GAO-11-698,GAO,10338,6
GAO_GAO-11-801,GAO,22116,11
GAO_GAO-03-296,GAO,9376,5
GAO_GAO-16-807T,GAO,3206,2
GAO_GAO-03-710T,GAO,3429,2
GAO_GAO-05-550T,GAO,2975,2
GAO_GAO-13-758,GAO,10242,6
GAO_GAO-11-324,GAO,20927,11
GAO_GAO-12-373,GAO,8987,5
GAO_GAO-15-620T,GAO,4316,3
GAO_GAO-04-58,GAO,9766,5
GAO_GAO-17-464,GAO,13461,7
GAO_RCED-98-47,GAO,10249,6
GAO_GAO-14-769,GAO,8268,5
GAO_T-AIMD-96-96,GAO,2126,2
GAO_GAO-15-526,GAO,18853,10
GAO_GAO-03-614,GAO,8015,4
GAO_GAO-15-243,GAO,14263,7
GAO_HEHS-97-160,GAO,5682,3
GAO_GAO-01-665,GAO,15935,8
GAO_GAO-04-202T,GAO,6220,4
GAO_GAO-01-224,GAO,8436,5
GAO_GAO-09-841,GAO,7122,4
GAO_GAO-16-487,GAO,16012,8
GAO_GAO-05-177T,GAO,3557,2
GAO_GAO-07-644T,GAO,6574,4
GAO_GAO-03-871T,GAO,2949,2
GAO_GAO-11-557,GAO,13733,7
GAO_GAO-16-792,GAO,5601,3
GAO_NSIAD-98-230,GAO,5043,3
GAO_GAO-17-161,GAO,15663,8
GAO_GAO-10-635T,GAO,4840,3
GAO_GAO-17-448,GAO,16546,9
GAO_GAO-09-217,GAO,12981,7
GAO_GAO-02-856,GAO,9402,5
GAO_HEHS-98-4,GAO,16333,8
GAO_GAO-07-557,GAO,11378,6
GAO_GGD-96-43,GAO,8138,4
GAO_GAO-07-315,GAO,5818,3
GAO_GAO-05-200,GAO,9105,5
GAO_GAO-11-97,GAO,13653,7
GAO_AIMD-96-145,GAO,25421,13
GAO_RCED-95-180,GAO,7647,4
GAO_GAO-17-215,GAO,10845,6
GAO_GAO-05-124,GAO,7304,4
GAO_GAO-16-81,GAO,13819,7
GAO_GAO-04-134,GAO,3605,2
GAO_GAO-16-703T,GAO,5252,3
GAO_GAO-11-813T,GAO,3659,2
GAO_GGD-96-28,GAO,10601,6
GAO_GAO-06-132,GAO,11439,6
GAO_RCED-98-19,GAO,5097,3
GAO_GAO-17-468,GAO,5299,3
GAO_RCED-98-75,GAO,4712,3
GAO_GAO-05-555,GAO,8534,5
GAO_GAO-01-834,GAO,6675,4
GAO_T-HEHS-98-23,GAO,4037,2
GAO_GGD-98-147,GAO,8622,5
GAO_GAO-03-798,GAO,11337,6
GAO_GAO-02-68,GAO,8913,5
GAO_GAO-17-625,GAO,12655,7
GAO_GAO-06-1013,GAO,18023,9
GAO_GAO-06-170T,GAO,7812,4
GAO_AIMD-95-83,GAO,4352,3
GAO_GAO-16-475,GAO,26499,13
GAO_GAO-02-562,GAO,4664,3
GAO_GAO-16-696T,GAO,3929,2
GAO_GAO-01-662,GAO,10273,6
GAO_GAO-17-478,GAO,11976,6
GAO_GAO-02-273,GAO,3693,2
GAO_RCED-99-39,GAO,6554,4
GAO_GAO-07-141,GAO,5185,3
GAO_GAO-07-196T,GAO,5086,3
GAO_GAO-14-76,GAO,14581,8
GAO_GAO-14-709,GAO,13555,7
GAO_GAO-06-830,GAO,11874,6
GAO_GAO-04-313,GAO,23765,12
GAO_GAO-09-88,GAO,12395,7
GAO_GAO-12-771,GAO,11503,6
GAO_GAO-02-78,GAO,4971,3
GAO_GAO-09-410T,GAO,3597,2
GAO_HEHS-97-17,GAO,10528,6
GAO_RCED-99-15,GAO,12372,7
GAO_GAO-11-300,GAO,6812,4
GAO_HEHS-98-30,GAO,5119,3
GAO_GAO-07-1132T,GAO,5786,3
GAO_GAO-08-42,GAO,8012,4
GAO_GAO-15-725T,GAO,3416,2
GAO_GAO-15-192,GAO,12863,7
GAO_GAO-03-331,GAO,9839,5
GAO_GAO-02-358,GAO,10331,6
GAO_GAO-17-573,GAO,10984,6
GAO_T-HEHS-96-146,GAO,3379,2
GAO_T-RCED-98-217,GAO,7386,4
GAO_GAO-07-1111T,GAO,2460,2
GAO_GAO-15-465T,GAO,5206,3
GAO_GAO-06-918,GAO,3545,2
GAO_GAO-02-630,GAO,5367,3
GAO_GAO-08-1141T,GAO,4232,3
GAO_GAO-01-499,GAO,9304,5
GAO_GAO-08-442T,GAO,7933,4
GAO_GAO-08-1167T,GAO,6120,3
GAO_GAO-14-75,GAO,12216,6
GAO_GAO-02-892,GAO,6718,4
GAO_GAO-02-753T,GAO,4028,2
GAO_GAO-07-265,GAO,8947,5
GAO_GAO-06-607,GAO,8555,5
GAO_GAO-13-771,GAO,14390,8
GAO_GAO-06-335T,GAO,6461,4
GAO_GAO-05-399,GAO,7856,4
GAO_GAO-05-231,GAO,20164,10
GAO_GAO-05-627T,GAO,8575,5
GAO_GAO-11-38,GAO,16309,8
GAO_HEHS-98-60,GAO,5701,3
GAO_GAO-06-549T,GAO,7391,4
GAO_GAO-09-552,GAO,6438,4
GAO_GAO-07-351,GAO,6081,3
GAO_GAO-04-330,GAO,9119,5
GAO_T-GGD-98-163,GAO,3033,2
GAO_GAO-13-76,GAO,14766,8
GAO_GAO-09-282,GAO,17321,9
GAO_GAO-06-447,GAO,11156,6
GAO_GAO-05-320T,GAO,10065,5
GAO_GAO-07-255,GAO,20595,11
GAO_GAO-05-212,GAO,13373,7
GAO_GAO-16-439,GAO,15901,8
GAO_GAO-15-133,GAO,7866,4
GAO_GAO-04-41,GAO,7552,4
GAO_GAO-02-35,GAO,19486,10
GAO_GAO-06-228T,GAO,8994,5
GAO_GAO-16-414,GAO,7824,4
GAO_NSIAD-98-142,GAO,17031,9
GAO_GAO-07-573,GAO,11718,6
GAO_HEHS-95-141,GAO,5691,3
GAO_NSIAD-95-152,GAO,9970,5
GAO_GAO-12-231SP,GAO,8274,5
GAO_GAO-13-539,GAO,4189,3
GAO_GAO-08-897T,GAO,7154,4
GAO_GAO-04-120T,GAO,3929,2
GAO_GAO-01-833,GAO,10378,6
GAO_GAO-02-635,GAO,15494,8
GAO_GAO-17-49,GAO,18034,9
GAO_GAO-07-1033T,GAO,2864,2
GAO_GAO-07-59,GAO,7023,4
GAO_GAO-08-115T,GAO,5665,3
GAO_GAO-11-540T,GAO,6054,3
GAO_GAO-09-1014T,GAO,6693,4
GAO_GAO-17-366,GAO,5113,3
GAO_RCED-96-18,GAO,5610,3
GAO_NSIAD-95-128,GAO,6178,4
GAO_GAO-17-597,GAO,13270,7
GAO_GAO-14-189,GAO,5257,3
GAO_GAO-04-277,GAO,14778,8
GAO_GAO-10-916,GAO,9603,5
GAO_GAO-10-526,GAO,8078,4
GAO_GAO-10-675,GAO,2771,2
GAO_GAO-06-109,GAO,14113,7
GAO_NSIAD-97-45,GAO,3793,2
GAO_T-RCED-99-128,GAO,4315,3
GAO_GAO-11-640,GAO,9652,5
GAO_GAO-16-99,GAO,29832,15
GAO_GAO-06-839,GAO,9809,5
GAO_GAO-17-66,GAO,11536,6
GAO_GAO-05-639,GAO,15559,8
GAO_T-GGD-96-112,GAO,3381,2
GAO_GAO-05-333SP,GAO,11950,6
GAO_GAO-15-226,GAO,11620,6
GAO_AIMD-98-228,GAO,13718,7
GAO_GAO-09-127,GAO,15112,8
GAO_GAO-06-529T,GAO,4710,3
GAO_GAO-05-289,GAO,11072,6
GAO_HEHS-00-182,GAO,7453,4
GAO_GAO-08-1005,GAO,13696,7
GAO_GGD-95-65,GAO,14672,8
GAO_GAO-11-170,GAO,11762,6
GAO_GAO-10-700T,GAO,5659,3
GAO_NSIAD-97-49,GAO,12129,6
GAO_GAO-16-349,GAO,10010,5
GAO_AIMD-96-146,GAO,11874,6
GAO_HEHS-95-138,GAO,9224,5
GAO_GAO-05-723T,GAO,7501,4
GAO_GAO-11-34,GAO,11734,6
GAO_GAO-12-576,GAO,9846,5
GAO_RCED-97-68,GAO,7998,4
GAO_T-RCED-98-215,GAO,5965,3
GAO_GAO-09-70,GAO,10637,6
GAO_GAO-03-409,GAO,13747,7
GAO_GAO-14-36,GAO,6833,4
GAO_GAO-15-347,GAO,30176,15
GAO_NSIAD-98-178,GAO,11548,6
GAO_GAO-07-1265T,GAO,3020,2
GAO_GAO-02-60,GAO,8247,5
GAO_RCED-00-98,GAO,14913,8
GAO_GAO-13-194,GAO,5393,3
GAO_GAO-13-174,GAO,38770,19
GAO_GAO-15-666,GAO,20863,11
GAO_T-GGD-97-164,GAO,4562,3
GAO_GAO-17-693,GAO,3922,2
GAO_AIMD-99-20,GAO,11566,6
GAO_GAO-07-68,GAO,6999,4
GAO_GAO-16-511,GAO,10453,6
GAO_T-RCED-96-209,GAO,4180,3
GAO_GAO-05-41,GAO,41433,21
GAO_GAO-11-529,GAO,15547,8
GAO_GAO-03-941T,GAO,5398,3
GAO_GAO-13-289,GAO,9937,5
GAO_HEHS-95-48,GAO,12225,6
GAO_GAO-12-176,GAO,9006,5
GAO_GAO-02-558,GAO,11061,6
GAO_GGD-97-158,GAO,5632,3
GAO_GAO-08-194T,GAO,4537,3
GAO_GAO-14-148,GAO,2643,2
GAO_GAO-02-16,GAO,9642,5
GAO_GAO-01-434,GAO,5329,3
GAO_GAO-12-483,GAO,4113,3
GAO_GAO-04-37,GAO,13828,7
GAO_GAO-09-537,GAO,5759,3
GAO_GAO-11-378,GAO,10563,6
GAO_GAO-03-178,GAO,4307,3
GAO_GAO-13-654,GAO,9339,5
GAO_GAO-09-23,GAO,21920,11
GAO_GAO-14-417T,GAO,3347,2
GAO_GAO-05-72,GAO,4243,3
GAO_HEHS-00-183,GAO,11942,6
GAO_GAO-15-250,GAO,12647,7
GAO_GAO-01-64,GAO,9608,5
GAO_GAO-15-332T,GAO,3288,2
GAO_GAO-11-794,GAO,13062,7
GAO_GAO-16-785,GAO,18088,9
GAO_GAO-12-584,GAO,7050,4
GAO_GAO-14-613T,GAO,2499,2
GAO_GAO-10-737,GAO,4306,3
GAO_RCED-96-184,GAO,3660,2
GAO_GAO-04-647,GAO,9626,5
GAO_NSIAD-97-13,GAO,10065,5
GAO_GAO-02-833T,GAO,5272,3
GAO_GAO-06-465T,GAO,5595,3
GAO_NSIAD-96-119,GAO,9110,5
GAO_HEHS-98-82,GAO,5604,3
GAO_GAO-08-655,GAO,32779,17
GAO_RCED-98-242,GAO,9360,5
GAO_GAO-07-147,GAO,14783,8
GAO_GAO-01-1158T,GAO,7000,4
GAO_GAO-10-818,GAO,12208,6
GAO_RCED-98-58,GAO,13800,7
GAO_GAO-04-260,GAO,8419,5
GAO_GAO-12-1018T,GAO,6954,4
GAO_GAO-16-285,GAO,2772,2
GAO_HEHS-98-14,GAO,12469,7
GAO_GAO-02-80,GAO,9210,5
GAO_GAO-12-49,GAO,18055,9
GAO_GAO-07-1122T,GAO,3479,2
GAO_GAO-14-326,GAO,13439,7
GAO_GAO-04-801,GAO,18355,9
GAO_GAO-02-412,GAO,6107,3
GAO_GAO-10-728,GAO,12938,7
GAO_GAO-11-596,GAO,14358,8
GAO_GAO-16-274,GAO,9480,5
GAO_GAO-10-142,GAO,15781,8
GAO_GAO-05-329,GAO,10415,6
GAO_GAO-12-975,GAO,12148,6
GAO_GAO-09-771,GAO,11361,6
GAO_GAO-15-83,GAO,10094,5
GAO_GAO-15-752T,GAO,7454,4
GAO_GAO-14-57,GAO,9472,5
GAO_GAO-15-481,GAO,4743,3
GAO_GAO-01-1010T,GAO,4870,3
GAO_GAO-15-274,GAO,19129,10
GAO_GAO-06-168,GAO,7775,4
GAO_GAO-04-516,GAO,11421,6
GAO_HEHS-95-87,GAO,13028,7
GAO_GAO-10-273T,GAO,3768,2
GAO_GAO-05-813,GAO,15169,8
GAO_NSIAD-99-50,GAO,9967,5
GAO_GAO-03-702,GAO,17869,9
GAO_GAO-16-165,GAO,11265,6
GAO_RCED-99-108,GAO,3982,2
GAO_GAO-14-497,GAO,4035,2
GAO_GAO-13-806,GAO,4041,2
GAO_AIMD-97-110,GAO,19017,10
GAO_GAO-11-631,GAO,9335,5
GAO_GAO-14-31,GAO,17030,9
GAO_GAO-17-431,GAO,3932,2
GAO_GAO-15-394,GAO,11657,6
GAO_GAO-07-170,GAO,16551,9
GAO_GAO-10-102,GAO,20742,11
GAO_GAO-12-605,GAO,7718,4
GAO_GAO-17-482,GAO,6238,4
GAO_GAO-09-741,GAO,16100,8
GAO_T-RCED-96-126,GAO,4904,3
GAO_GAO-12-369,GAO,9198,5
GAO_GAO-12-677,GAO,17655,9
GAO_GAO-09-435T,GAO,6093,3
GAO_GAO-17-23,GAO,22505,11
GAO_RCED-97-18,GAO,12692,7
GAO_GAO-07-823T,GAO,8812,5
GAO_RCED-95-11,GAO,4978,3
GAO_GAO-05-131,GAO,14433,8
GAO_GAO-03-622T,GAO,6333,4
GAO_GAO-10-1059T,GAO,8565,5
GAO_GAO-06-1099T,GAO,5365,3
GAO_GAO-06-276,GAO,19432,10
GAO_GAO-02-589,GAO,7330,4
GAO_GAO-09-278,GAO,13210,7
GAO_GAO-02-669T,GAO,3726,2
GAO_GAO-05-292,GAO,13573,7
GAO_RCED-98-53,GAO,8170,4
GAO_T-GGD-96-93,GAO,4738,3
GAO_T-GGD-00-53,GAO,2651,2
GAO_T-RCED-98-178,GAO,3838,2
GAO_GAO-07-639T,GAO,4429,3
GAO_GAO-06-23,GAO,23808,12
GAO_GAO-15-702T,GAO,6508,4
GAO_GAO-16-656,GAO,15016,8
GAO_GAO-10-484T,GAO,5619,3
GAO_GAO-05-1054T,GAO,3309,2
GAO_GAO-15-768,GAO,7353,4
GAO_GAO-16-206T,GAO,3727,2
GAO_GAO-12-624,GAO,13301,7
GAO_HEHS-96-56,GAO,5059,3
GAO_GAO-01-940,GAO,9817,5
GAO_GAO-02-785,GAO,10980,6
GAO_NSIAD-95-52,GAO,4580,3
GAO_GAO-13-465,GAO,14190,7
GAO_GAO-04-326,GAO,10141,5
GAO_GAO-12-669,GAO,6677,4
GAO_GAO-16-793,GAO,8222,5
GAO_GAO-13-310,GAO,9278,5
GAO_GAO-03-431,GAO,6599,4
GAO_GGD-97-58,GAO,6333,4
GAO_GAO-01-878T,GAO,5902,3
GAO_GAO-09-875T,GAO,2396,2
GAO_GAO-03-572T,GAO,14376,8
GAO_HEHS-97-83,GAO,8840,5
GAO_T-NSIAD-97-216,GAO,5830,3
GAO_GAO-03-46,GAO,17584,9
GAO_NSIAD-97-17,GAO,9237,5
GAO_GAO-17-536,GAO,15105,8
GAO_GAO-16-112,GAO,13730,7
GAO_GAO-17-53,GAO,16852,9
GAO_GAO-04-957T,GAO,4424,3
GAO_GAO-14-134,GAO,6087,3
GAO_GAO-07-229T,GAO,15144,8
GAO_GAO-12-444T,GAO,6441,4
GAO_GAO-15-602,GAO,11983,6
GAO_GAO-03-1038T,GAO,6147,4
GAO_GAO-07-855T,GAO,4972,3
GAO_GAO-14-827,GAO,9791,5
GAO_GAO-10-1015,GAO,12400,7
GAO_GAO-04-250,GAO,14625,8
GAO_GAO-02-735,GAO,6624,4
GAO_GAO-09-165,GAO,7263,4
GAO_T-NSIAD-98-208,GAO,4454,3
GAO_GAO-08-960T,GAO,3728,2
GAO_GAO-05-259,GAO,6693,4
GAO_GAO-12-573T,GAO,7723,4
GAO_HEHS-99-80,GAO,18120,9
GAO_GAO-11-281,GAO,9935,5
GAO_GAO-14-121,GAO,7473,4
GAO_GAO-02-701,GAO,17922,9
GAO_GAO-06-1046,GAO,15453,8
GAO_T-NSIAD-98-18,GAO,17718,9
GAO_GAO-15-710,GAO,10771,6
GAO_GGD-99-156,GAO,19365,10
GAO_GAO-06-977T,GAO,4888,3
GAO_GAO-03-585,GAO,18120,9
GAO_GAO-06-60,GAO,21466,11
GAO_T-AIMD-99-4,GAO,3175,2
GAO_HEHS-98-35,GAO,25473,13
GAO_GAO-01-694,GAO,5925,3
GAO_GAO-15-813,GAO,4294,3
GAO_GAO-12-301,GAO,7113,4
GAO_GAO-15-478,GAO,6612,4
GAO_GAO-11-383,GAO,17244,9
GAO_GAO-12-362,GAO,17134,9
GAO_GAO-06-954T,GAO,3542,2
GAO_GAO-15-111,GAO,10828,6
GAO_GAO-15-740,GAO,8366,5
GAO_GAO-16-492,GAO,11007,6
GAO_GAO-06-201T,GAO,5539,3
GAO_GAO-10-768,GAO,29361,15
GAO_GAO-10-106,GAO,6189,4
GAO_GAO-06-706,GAO,10513,6
GAO_AIMD-99-38,GAO,5261,3
GAO_GAO-10-210T,GAO,4141,3
GAO_GAO-02-24,GAO,10589,6
GAO_NSIAD-96-177,GAO,24076,12
GAO_NSIAD-97-4,GAO,9182,5
GAO_T-HEHS-96-127,GAO,3360,2
GAO_GAO-07-1043T,GAO,5186,3
GAO_GAO-06-899T,GAO,6439,4
GAO_GAO-09-380T,GAO,8286,5
GAO_GAO-15-153,GAO,16274,8
GAO_GAO-13-244,GAO,13688,7
GAO_GAO-15-500,GAO,4766,3
GAO_T-NSIAD-96-243,GAO,6340,4
GAO_GAO-04-88,GAO,14080,7
GAO_GAO-08-45,GAO,9821,5
GAO_HEHS-97-49,GAO,6380,4
GAO_GAO-13-475T,GAO,4178,3
GAO_GGD-98-145,GAO,10375,6
GAO_GAO-08-11,GAO,13545,7
GAO_GAO-06-590,GAO,12993,7
GAO_GAO-09-596T,GAO,3268,2
GAO_GAO-05-23,GAO,18088,9
GAO_GGD-95-95,GAO,6517,4
GAO_GAO-07-407,GAO,8997,5
GAO_GAO-07-85,GAO,5659,3
GAO_GAO-06-297T,GAO,3964,2
GAO_NSIAD-98-84,GAO,9389,5
GAO_GAO-16-108,GAO,8215,5
GAO_GAO-10-548,GAO,14069,7
GAO_NSIAD-96-49,GAO,4946,3
GAO_RCED-99-14,GAO,6837,4
GAO_GAO-09-934,GAO,10988,6
GAO_GAO-11-315,GAO,12310,7
GAO_GAO-17-599T,GAO,4229,3
GAO_GAO-09-323,GAO,7514,4
GAO_GAO-04-990T,GAO,14131,7
GAO_GAO-05-458,GAO,22361,11
GAO_GAO-10-332,GAO,5344,3
GAO_GAO-14-288,GAO,17023,9
GAO_AIMD-96-50,GAO,10789,6
GAO_GAO-17-490,GAO,9293,5
GAO_GAO-06-115,GAO,9890,5
GAO_GAO-04-91,GAO,44143,22
GAO_GAO-15-631,GAO,13429,7
GAO_GAO-08-136,GAO,14498,8
GAO_RCED-99-16,GAO,7967,4
GAO_GAO-02-712T,GAO,1801,1
GAO_RCED-95-14,GAO,5775,3
GAO_GAO-11-463T,GAO,4077,2
GAO_GAO-08-997,GAO,9111,5
GAO_GAO-06-420T,GAO,7879,4
GAO_GAO-15-330,GAO,15143,8
GAO_GAO-14-571,GAO,8293,5
GAO_GAO-08-321,GAO,11681,6
GAO_GAO-17-377,GAO,9481,5
GAO_GGD-96-89,GAO,5290,3
GAO_GAO-07-1030,GAO,11729,6
GAO_GAO-09-416T,GAO,4774,3
GAO_GAO-03-916T,GAO,5411,3
GAO_GAO-17-533T,GAO,5391,3
GAO_GAO-02-251,GAO,3749,2
GAO_GAO-17-68,GAO,8447,5
GAO_GAO-02-31,GAO,7138,4
GAO_GAO-10-458,GAO,14109,7
GAO_GAO-05-210,GAO,4841,3
GAO_GAO-06-375,GAO,5216,3
GAO_GAO-02-184,GAO,6089,3
GAO_GAO-14-602,GAO,10282,6
GAO_GAO-04-384,GAO,12626,7
GAO_GAO-11-745T,GAO,2854,2
GAO_GAO-10-335,GAO,7050,4
GAO_GAO-15-715T,GAO,5642,3
GAO_GAO-14-578,GAO,5103,3
GAO_GAO-06-296,GAO,21425,11
GAO_GAO-07-772,GAO,8563,5
GAO_GAO-10-650T,GAO,5238,3
GAO_GAO-02-765T,GAO,4834,3
GAO_GAO-16-133,GAO,6739,4
GAO_GAO-07-917,GAO,12170,6
GAO_GAO-05-684,GAO,14001,7
GAO_GAO-03-554,GAO,5668,3
GAO_GAO-13-647T,GAO,2383,2
GAO_GAO-06-284,GAO,11429,6
GAO_T-AIMD-98-96,GAO,3195,2
GAO_GAO-06-826,GAO,8286,5
GAO_GAO-04-110,GAO,17952,9
GAO_RCED-98-220,GAO,12506,7
GAO_HEHS-97-18,GAO,11341,6
GAO_GAO-13-760,GAO,4943,3
GAO_GAO-11-424T,GAO,12587,7
GAO_GAO-08-782T,GAO,5529,3
GAO_T-GGD-96-124,GAO,3065,2
GAO_GAO-06-53,GAO,7920,4
GAO_GAO-14-751T,GAO,6409,4
GAO_GAO-07-1198,GAO,22739,12
GAO_T-AIMD-00-171,GAO,3586,2
GAO_NSIAD-96-105,GAO,6705,4
GAO_RCED-97-84,GAO,14501,8
GAO_GAO-05-894T,GAO,5398,3
GAO_GAO-17-353,GAO,10201,5
GAO_GAO-13-424,GAO,8155,4
GAO_T-AIMD-98-277,GAO,7595,4
GAO_GAO-12-816,GAO,12576,7
GAO_GAO-14-423T,GAO,6553,4
GAO_GAO-16-614,GAO,29498,15
GAO_GAO-06-700,GAO,10787,6
GAO_GAO-07-630T,GAO,6170,4
GAO_GAO-09-906T,GAO,5596,3
GAO_GAO-05-375,GAO,13534,7
GAO_GAO-05-928T,GAO,8077,4
GAO_GAO-11-617T,GAO,6122,3
GAO_NSIAD-95-213,GAO,5316,3
GAO_GAO-16-248,GAO,17786,9
GAO_GAO-08-1057,GAO,10591,6
GAO_GAO-03-495T,GAO,7380,4
GAO_GAO-10-811SP,GAO,3983,2
GAO_GAO-12-519,GAO,6638,4
GAO_GAO-05-642,GAO,9227,5
GAO_GAO-04-642,GAO,12196,6
GAO_GAO-11-15,GAO,17481,9
GAO_GAO-01-776,GAO,21367,11
GAO_GAO-10-386,GAO,14849,8
GAO_GAO-06-236,GAO,8263,5
GAO_GAO-07-791,GAO,30160,15
GAO_RCED-99-23,GAO,6531,4
GAO_GAO-07-451,GAO,8494,5
GAO_GAO-17-71,GAO,7696,4
GAO_GAO-04-438T,GAO,3594,2
GAO_GAO-04-338,GAO,8813,5
GAO_RCED-99-86,GAO,6418,4
GAO_GAO-04-480,GAO,16839,9
GAO_GAO-07-43,GAO,16574,9
GAO_GAO-14-758,GAO,23482,12
GAO_RCED-95-25,GAO,5021,3
GAO_GAO-04-582T,GAO,3548,2
GAO_GAO-14-501,GAO,7755,4
GAO_GAO-10-325T,GAO,6218,4
GAO_RCED-98-26,GAO,10185,5
GAO_GAO-03-538,GAO,7089,4
GAO_GGD-95-56,GAO,23241,12
GAO_GAO-06-854,GAO,11935,6
GAO_GAO-05-391T,GAO,9776,5
GAO_GAO-14-668,GAO,7237,4
GAO_GAO-04-83,GAO,13186,7
GAO_T-HEHS-97-99,GAO,6864,4
GAO_GAO-17-737,GAO,8419,5
GAO_GAO-05-97,GAO,11308,6
GAO_GAO-01-481T,GAO,4641,3
GAO_GAO-08-218T,GAO,6613,4
GAO_GAO-17-756,GAO,14232,7
GAO_GAO-03-769T,GAO,6211,4
GAO_GAO-12-63,GAO,8864,5
GAO_NSIAD-98-66,GAO,12124,6
GAO_GGD-98-150,GAO,14445,8
GAO_GAO-04-483T,GAO,12756,7
GAO_GAO-02-288T,GAO,4859,3
GAO_GAO-17-452,GAO,7772,4
GAO_GAO-06-898T,GAO,7692,4
GAO_GAO-15-205T,GAO,4203,3
GAO_GAO-06-96,GAO,18603,10
GAO_GAO-11-626T,GAO,4216,3
GAO_GAO-03-958,GAO,8514,5
GAO_NSIAD-96-161,GAO,6629,4
GAO_GAO-08-779T,GAO,3621,2
GAO_GAO-04-821T,GAO,5233,3
GAO_GAO-06-231,GAO,11062,6
GAO_GAO-07-280,GAO,9766,5
GAO_GAO-01-713T,GAO,3812,2
GAO_GAO-12-345,GAO,9770,5
GAO_GAO-03-446,GAO,8567,5
GAO_GAO-05-348,GAO,17566,9
GAO_T-GGD-98-79,GAO,3154,2
GAO_T-RCED-97-115,GAO,3008,2
GAO_NSIAD-98-15,GAO,6311,4
GAO_GAO-11-423T,GAO,4132,3
GAO_GAO-11-100,GAO,9004,5
GAO_GAO-07-224,GAO,14774,8
GAO_GAO-11-607,GAO,22029,11
GAO_GAO-02-506T,GAO,20162,10
GAO_GAO-04-152,GAO,15612,8
GAO_HEHS-98-193,GAO,22276,11
GAO_GAO-10-43,GAO,19696,10
GAO_AIMD-98-202,GAO,5087,3
GAO_GAO-13-429,GAO,14624,8
GAO_GAO-11-822T,GAO,4190,3
GAO_GAO-07-736,GAO,10117,5
GAO_GAO-01-424,GAO,3420,2
GAO_OSI-98-10,GAO,7149,4
GAO_GAO-10-4,GAO,13344,7
GAO_GAO-10-497T,GAO,3800,2
GAO_GAO-12-122T,GAO,5216,3
GAO_GAO-07-1247T,GAO,4510,3
GAO_T-GGD-97-21,GAO,4499,3
GAO_GAO-08-229T,GAO,2817,2
GAO_GAO-04-1012,GAO,15110,8
GAO_GAO-12-934T,GAO,3182,2
GAO_GAO-07-152,GAO,21549,11
GAO_GAO-09-1024T,GAO,5585,3
GAO_NSIAD-95-171,GAO,4512,3
GAO_GAO-04-654,GAO,4039,2
GAO_GAO-17-351,GAO,10626,6
GAO_GAO-13-763,GAO,8820,5
GAO_GAO-13-83,GAO,11172,6
GAO_RCED-99-92,GAO,9309,5
GAO_GAO-06-177,GAO,7293,4
GAO_GAO-16-493,GAO,6557,4
GAO_GAO-12-670,GAO,11122,6
GAO_GAO-04-55,GAO,9940,5
GAO_GAO-03-927,GAO,12932,7
GAO_GAO-12-588,GAO,14219,7
GAO_GAO-03-1,GAO,22238,11
GAO_GAO-10-326,GAO,17788,9
GAO_GAO-11-496T,GAO,8714,5
GAO_NSIAD-98-182,GAO,8412,5
GAO_GAO-15-426,GAO,7270,4
GAO_GAO-07-9,GAO,26318,13
GAO_GAO-16-220,GAO,23246,12
GAO_GAO-07-87,GAO,15607,8
GAO_NSIAD-97-175,GAO,5723,3
GAO_GAO-09-916,GAO,11309,6
GAO_GAO-06-723,GAO,6209,4
GAO_AIMD-98-145,GAO,7187,4
GAO_T-RCED-98-31,GAO,2809,2
GAO_GAO-10-874,GAO,13515,7
GAO_GAO-04-493T,GAO,4116,3
GAO_GAO-12-115,GAO,17026,9
GAO_GAO-13-699,GAO,11154,6
GAO_GAO-08-1138,GAO,4380,3
GAO_GAO-09-408T,GAO,5520,3
GAO_GAO-07-64,GAO,11088,6
GAO_GAO-02-948,GAO,8464,5
GAO_GAO-14-62,GAO,13904,7
GAO_GAO-13-661,GAO,15212,8
GAO_GAO-03-1026,GAO,10662,6
GAO_GAO-09-672T,GAO,6615,4
GAO_GAO-05-366,GAO,10966,6
GAO_GAO-17-413,GAO,14334,7
GAO_AIMD-95-34,GAO,6116,3
GAO_GAO-05-300,GAO,5507,3
GAO_GAO-06-148,GAO,18840,10
GAO_GAO-16-767,GAO,3217,2
GAO_GAO-04-558T,GAO,6533,4
GAO_GAO-13-792,GAO,9571,5
GAO_RCED-97-57,GAO,19342,10
GAO_GAO-16-348,GAO,7369,4
GAO_GAO-11-379,GAO,21349,11
GAO_HEHS-98-90,GAO,7791,4
GAO_GAO-15-594T,GAO,3226,2
GAO_T-HEHS-97-118,GAO,4479,3
GAO_GAO-03-1134T,GAO,8076,4
GAO_GAO-17-191,GAO,4235,3
GAO_GAO-13-668,GAO,7478,4
GAO_T-RCED-97-76,GAO,2605,2
GAO_RCED-96-165W,GAO,56218,28
GAO_RCED-99-59,GAO,12682,7
GAO_T-HEHS-98-46,GAO,5403,3
GAO_GAO-16-222,GAO,9570,5
GAO_GAO-02-942,GAO,6166,4
GAO_GAO-16-764,GAO,11869,6
GAO_GAO-08-752T,GAO,2539,2
GAO_GAO-02-705,GAO,9188,5
GAO_PEMD-95-9,GAO,12907,7
GAO_GAO-01-997T,GAO,3329,2
GAO_HEHS-98-84,GAO,15011,8
GAO_GAO-15-369,GAO,7900,4
GAO_GAO-16-546,GAO,12668,7
GAO_GAO-08-26,GAO,12229,6
GAO_GGD-95-77,GAO,14414,8
GAO_GAO-03-841,GAO,10759,6
GAO_GAO-14-357,GAO,10832,6
GAO_HEHS-99-8,GAO,23710,12
GAO_GGD-96-4,GAO,4708,3
GAO_GAO-11-767,GAO,14185,7
GAO_GAO-02-338,GAO,10545,6
GAO_GAO-01-314,GAO,16256,8
GAO_GAO-03-417,GAO,4453,3
GAO_GAO-16-221,GAO,4025,2
GAO_RCED-96-80,GAO,8678,5
GAO_GAO-06-562T,GAO,3806,2
GAO_GAO-03-717T,GAO,7626,4
GAO_GAO-13-281,GAO,12075,6
GAO_GAO-17-408T,GAO,7294,4
GAO_GAO-08-104,GAO,7145,4
GAO_GAO-15-197,GAO,12309,7
GAO_GAO-02-116,GAO,13234,7
GAO_GAO-13-285,GAO,12387,7
GAO_GAO-10-663,GAO,8090,4
GAO_GAO-14-684,GAO,5743,3
GAO_GAO-06-499T,GAO,14282,7
GAO_GAO-14-9,GAO,15790,8
GAO_GAO-08-549T,GAO,6842,4
GAO_GAO-12-486,GAO,31471,16
GAO_GAO-07-436T,GAO,5797,3
GAO_GAO-14-672,GAO,7046,4
GAO_GAO-05-344,GAO,10057,5
GAO_T-AIMD-98-109,GAO,3215,2
GAO_GAO-07-1137T,GAO,3145,2
GAO_GAO-05-514,GAO,10937,6
GAO_GAO-08-443,GAO,25742,13
GAO_GAO-07-1097T,GAO,6462,4
GAO_GAO-03-299,GAO,24826,13
GAO_GAO-09-763T,GAO,5345,3
GAO_T-AIMD-96-80,GAO,6042,3
GAO_GAO-11-880T,GAO,3082,2
GAO_GAO-10-224T,GAO,4491,3
GAO_GAO-01-681T,GAO,5118,3
GAO_GAO-13-95,GAO,12924,7
GAO_GAO-06-567,GAO,5207,3
GAO_HEHS-95-66,GAO,9068,5
GAO_GAO-07-649T,GAO,4518,3
GAO_GAO-02-574,GAO,12927,7
GAO_GAO-07-985T,GAO,4157,3
GAO_GAO-12-893,GAO,11361,6
GAO_GAO-10-70,GAO,17959,9
GAO_GAO-09-372,GAO,15344,8
GAO_GAO-13-808,GAO,6586,4
GAO_GAO-14-770,GAO,11795,6
GAO_GAO-07-926T,GAO,3364,2
GAO_T-AIMD-00-237,GAO,3255,2
GAO_GAO-01-861T,GAO,4065,2
GAO_GAO-03-382,GAO,11466,6
GAO_GAO-09-436T,GAO,1975,1
GAO_GAO-03-234,GAO,7614,4
GAO_HEHS-97-48,GAO,9705,5
GAO_GAO-04-45,GAO,15168,8
GAO_AIMD-98-93,GAO,5990,3
GAO_GAO-04-668,GAO,2677,2
GAO_RCED-96-2,GAO,10638,6
GAO_GAO-15-156,GAO,12348,7
GAO_RCED-95-72,GAO,5240,3
GAO_GAO-04-600T,GAO,4534,3
GAO_GAO-08-168,GAO,7038,4
GAO_GAO-14-612,GAO,8545,5
GAO_GAO-09-1040T,GAO,4750,3
GAO_GAO-04-461,GAO,16845,9
GAO_GGD-96-9,GAO,13811,7
GAO_AIMD-97-6,GAO,6894,4
GAO_GAO-15-295,GAO,13076,7
GAO_GAO-15-449,GAO,8714,5
GAO_GAO-10-597,GAO,9611,5
GAO_GAO-07-290,GAO,13628,7
GAO_NSIAD-95-14,GAO,6789,4
GAO_GAO-05-870,GAO,14020,7
GAO_GAO-09-302,GAO,6738,4
GAO_GAO-02-944,GAO,8434,5
GAO_GAO-17-662,GAO,5048,3
GAO_GAO-05-14,GAO,8718,5
GAO_NSIAD-96-67,GAO,4382,3
GAO_GAO-12-335,GAO,22101,11
GAO_GAO-02-205,GAO,5527,3
GAO_AIMD-97-39,GAO,10088,5
GAO_GAO-11-485,GAO,4952,3
GAO_GAO-02-582,GAO,4314,3
GAO_GAO-17-393,GAO,4914,3
GAO_GAO-06-1127T,GAO,3890,2
GAO_GAO-08-954,GAO,9441,5
GAO_HEHS-98-132,GAO,10400,6
GAO_GAO-11-623,GAO,7757,4
GAO_GAO-14-26,GAO,6355,4
GAO_OSI-98-5,GAO,7456,4
GAO_GGD-97-24,GAO,12451,7
GAO_GAO-07-484T,GAO,2609,2
GAO_GAO-04-192T,GAO,3740,2
GAO_GAO-15-419,GAO,12175,6
GAO_GAO-02-966,GAO,14784,8
GAO_GAO-10-841,GAO,13257,7
GAO_HEHS-98-63,GAO,7966,4
GAO_NSIAD-99-4,GAO,4785,3
GAO_GAO-11-231,GAO,12486,7
GAO_GAO-03-637T,GAO,8529,5
GAO_GAO-03-191,GAO,6913,4
GAO_AIMD-96-64,GAO,17584,9
GAO_GAO-04-526,GAO,16133,8
GAO_GAO-07-729,GAO,30406,15
GAO_GAO-06-362,GAO,11792,6
GAO_GAO-17-470,GAO,14009,7
GAO_GAO-12-100,GAO,10860,6
GAO_GAO-01-299,GAO,8555,5
GAO_GAO-12-181T,GAO,5021,3
GAO_NSIAD-99-158,GAO,5845,3
GAO_GAO-16-342,GAO,5403,3
GAO_GAO-04-631T,GAO,5319,3
GAO_GGD-00-37,GAO,22122,11
GAO_GAO-04-849,GAO,13024,7
GAO_GAO-10-614T,GAO,3884,2
GAO_GAO-02-864,GAO,7115,4
GAO_GAO-04-958,GAO,9173,5
GAO_GAO-04-140T,GAO,7691,4
GAO_GAO-15-535T,GAO,3693,2
GAO_GGD-95-48,GAO,17718,9
GAO_GAO-06-748T,GAO,6341,4
GAO_RCED-98-225,GAO,23969,12
GAO_GAO-01-586,GAO,23986,12
GAO_GAO-08-983T,GAO,6528,4
GAO_NSIAD-98-156,GAO,4917,3
GAO_GAO-06-277,GAO,11361,6
GAO_RCED-96-96,GAO,7525,4
GAO_GAO-10-96,GAO,14878,8
GAO_T-HEHS-97-106,GAO,6012,3
GAO_GAO-14-687T,GAO,4439,3
GAO_GAO-09-253,GAO,15814,8
GAO_GAO-07-901T,GAO,2716,2
GAO_GAO-05-888,GAO,12837,7
GAO_GAO-13-64,GAO,12501,7
GAO_GAO-11-480,GAO,7466,4
GAO_AIMD-96-23,GAO,10795,6
GAO_GAO-09-819T,GAO,4005,2
GAO_GAO-07-1251T,GAO,3037,2
GAO_GAO-13-360,GAO,24228,12
GAO_GAO-08-866,GAO,8745,5
GAO_GAO-04-514,GAO,8232,5
GAO_GAO-11-417T,GAO,3803,2
GAO_GAO-17-639,GAO,12866,7
GAO_GAO-01-580,GAO,6551,4
GAO_GGD-99-119,GAO,5056,3
GAO_HEHS-96-38,GAO,7473,4
GAO_GAO-03-347,GAO,7722,4
GAO_GAO-02-615T,GAO,4427,3
GAO_GAO-17-660,GAO,3734,2
GAO_GAO-16-681,GAO,7925,4
GAO_GAO-16-177,GAO,9964,5
GAO_GAO-13-755,GAO,10787,6
GAO_AIMD-96-106,GAO,8403,5
GAO_GAO-06-263,GAO,16724,9
GAO_GAO-09-708,GAO,22987,12
GAO_HEHS-95-25,GAO,8949,5
GAO_GAO-16-327,GAO,6551,4
GAO_GAO-11-770,GAO,6340,4
GAO_RCED-97-192,GAO,12168,6
GAO_GAO-09-559,GAO,10502,6
GAO_GAO-02-787,GAO,14270,7
GAO_GAO-04-774,GAO,7663,4
GAO_GAO-03-230,GAO,6762,4
GAO_GAO-15-103,GAO,7098,4
GAO_GAO-11-734T,GAO,2682,2
GAO_GAO-15-281,GAO,14559,8
GAO_GAO-12-792,GAO,7408,4
GAO_GAO-02-831,GAO,6750,4
GAO_GAO-17-543,GAO,11871,6
GAO_GAO-06-569T,GAO,2341,2
GAO_GAO-10-634,GAO,21532,11
GAO_GAO-08-613T,GAO,7543,4
GAO_GAO-13-456T,GAO,3926,2
GAO_GAO-08-251,GAO,16060,8
GAO_T-GGD-99-185,GAO,4024,2
GAO_GAO-08-1124T,GAO,14887,8
GAO_GAO-16-470T,GAO,7986,4
GAO_GAO-08-21,GAO,13844,7
GAO_GAO-16-831,GAO,3486,2
GAO_GAO-08-281,GAO,20609,11
GAO_GAO-11-492,GAO,12822,7
GAO_GAO-15-619T,GAO,15117,8
GAO_GAO-17-375T,GAO,18451,10
GAO_GAO-04-707,GAO,6393,4
GAO_GAO-17-507,GAO,10773,6
GAO_GAO-01-312,GAO,12278,6
GAO_NSIAD-97-68,GAO,8721,5
GAO_GAO-07-638T,GAO,2964,2
GAO_GAO-03-517,GAO,16685,9
GAO_GAO-15-415,GAO,11754,6
GAO_GAO-07-889,GAO,7301,4
GAO_GAO-05-84T,GAO,4690,3
GAO_GAO-06-520,GAO,5468,3
GAO_GAO-16-24,GAO,12707,7
GAO_GAO-02-1122T,GAO,20812,11
GAO_GAO-06-720,GAO,9260,5
GAO_GAO-12-692,GAO,10726,6
GAO_GAO-07-515,GAO,13484,7
GAO_GAO-02-737,GAO,4437,3
GAO_GAO-07-709,GAO,16101,8
GAO_GAO-01-760,GAO,8036,4
GAO_GAO-12-526T,GAO,5680,3
GAO_GAO-17-262T,GAO,4691,3
GAO_GAO-09-987,GAO,10753,6
GAO_GAO-09-597T,GAO,4513,3
GAO_GAO-04-279,GAO,6865,4
GAO_GAO-05-857T,GAO,4321,3
GAO_HEHS-97-147,GAO,41144,21
GAO_NSIAD-97-194,GAO,10930,6
GAO_GAO-11-864T,GAO,6584,4
GAO_GAO-16-345,GAO,17238,9
GAO_RCED-97-2,GAO,14468,8
GAO_RCED-97-72,GAO,5261,3
GAO_GAO-17-465,GAO,7908,4
GAO_GAO-08-745,GAO,11221,6
GAO_GAO-11-92,GAO,22619,12
GAO_GAO-17-488,GAO,7530,4
GAO_GAO-03-998T,GAO,6088,3
GAO_GGD-96-187,GAO,5847,3
GAO_GAO-15-150,GAO,10776,6
GAO_HEHS-98-167,GAO,5223,3
GAO_GAO-04-684,GAO,10358,6
GAO_GAO-10-921T,GAO,7559,4
GAO_GAO-02-23,GAO,23115,12
GAO_GAO-05-169,GAO,4489,3
GAO_GAO-11-595,GAO,10559,6
GAO_GAO-02-373SP,GAO,15574,8
GAO_HEHS-97-163,GAO,49304,25
GAO_GAO-04-172T,GAO,3296,2
GAO_GGD-99-67,GAO,12040,6
GAO_HEHS-99-53,GAO,14342,8
GAO_GAO-13-392,GAO,5710,3
GAO_GAO-02-44,GAO,9322,5
GAO_RCED-96-146,GAO,18784,10
GAO_GAO-08-94,GAO,10413,6
GAO_GAO-14-293,GAO,12696,7
GAO_GAO-03-238,GAO,14994,8
GAO_GAO-14-650T,GAO,3031,2
GAO_GAO-05-166,GAO,15746,8
GAO_NSIAD-96-127,GAO,6194,4
GAO_GAO-06-227T,GAO,15399,8
GAO_GAO-15-664T,GAO,3213,2
GAO_NSIAD-95-59,GAO,5306,3
GAO_GAO-10-670,GAO,12486,7
GAO_GAO-02-941,GAO,12574,7
GAO_GAO-15-705,GAO,8562,5
GAO_GAO-08-616T,GAO,3245,2
GAO_GAO-13-5,GAO,19864,10
GAO_GAO-08-896,GAO,15066,8
GAO_GAO-06-707T,GAO,3305,2
GAO_GAO-06-143,GAO,4326,3
GAO_GAO-05-121,GAO,12707,7
GAO_GAO-11-740,GAO,16609,9
GAO_GAO-06-735,GAO,5681,3
GAO_GAO-06-1125T,GAO,3695,2
GAO_GAO-07-145,GAO,15570,8
GAO_GAO-17-27,GAO,15189,8
GAO_GAO-02-377T,GAO,3364,2
GAO_GAO-07-587T,GAO,5785,3
GAO_GGD-98-10,GAO,2918,2
GAO_GAO-07-905T,GAO,2807,2
GAO_T-AIMD-98-99,GAO,5366,3
GAO_GAO-07-356,GAO,15856,8
GAO_GAO-02-512,GAO,4770,3
GAO_HEHS-98-168,GAO,6437,4
GAO_GAO-09-314T,GAO,7876,4
GAO_GAO-08-65,GAO,11274,6
GAO_GAO-15-125,GAO,11345,6
GAO_GAO-05-238,GAO,27818,14
GAO_GAO-01-239,GAO,12681,7
GAO_GAO-07-753,GAO,15937,8
GAO_GAO-05-420,GAO,8335,5
GAO_GAO-09-370T,GAO,4785,3
GAO_GAO-04-586,GAO,19092,10
GAO_GAO-06-1068,GAO,12776,7
GAO_HEHS-99-23,GAO,10670,6
GAO_GAO-16-45,GAO,25253,13
GAO_GAO-12-461,GAO,9931,5
GAO_GAO-11-600,GAO,16489,9
GAO_RCED-95-10,GAO,8981,5
GAO_GAO-09-414T,GAO,2755,2
GAO_GAO-03-388,GAO,10153,5
GAO_GAO-07-660,GAO,29280,15
GAO_GAO-13-542,GAO,24707,13
GAO_GAO-05-211,GAO,8971,5
GAO_GAO-14-741,GAO,13595,7
GAO_GAO-10-181T,GAO,3789,2
GAO_GAO-09-1047T,GAO,5213,3
GAO_GAO-02-914T,GAO,3741,2
GAO_GAO-05-521,GAO,7604,4
GAO_RCED-98-181,GAO,8498,5
GAO_GAO-03-783,GAO,10338,6
GAO_GAO-02-689,GAO,7726,4
GAO_AIMD-99-25,GAO,12016,6
GAO_GAO-04-924,GAO,11362,6
GAO_GAO-02-89,GAO,12807,7
GAO_GAO-06-672,GAO,17316,9
GAO_T-RCED-96-129,GAO,3119,2
GAO_GAO-13-79,GAO,14518,8
GAO_GAO-06-579,GAO,10014,5
GAO_GAO-05-53,GAO,16661,9
GAO_GAO-12-681,GAO,8137,4
GAO_GAO-08-634,GAO,7152,4
GAO_RCED-99-46,GAO,21053,11
GAO_GAO-06-429,GAO,8316,5
GAO_GAO-07-827T,GAO,3201,2
GAO_RCED-99-219,GAO,10858,6
GAO_GAO-07-523,GAO,16361,8
GAO_GAO-03-300,GAO,11171,6
GAO_GAO-16-15,GAO,11397,6
GAO_GAO-11-345,GAO,10542,6
GAO_GAO-05-456,GAO,11878,6
GAO_GGD-00-66,GAO,9281,5
GAO_GGD-00-1,GAO,9226,5
GAO_GAO-03-430,GAO,15792,8
GAO_GGD-97-122,GAO,22774,12
GAO_HEHS-95-175,GAO,9808,5
GAO_GAO-06-57,GAO,10466,6
GAO_T-HEHS-98-183,GAO,3706,2
GAO_GAO-06-315,GAO,15383,8
GAO_GAO-13-384,GAO,13408,7
GAO_GAO-05-171,GAO,6038,3
GAO_GAO-03-443,GAO,20111,10
GAO_GAO-08-79,GAO,8724,5
GAO_GAO-15-94,GAO,8095,4
GAO_GAO-08-333,GAO,12369,7
GAO_GAO-05-382T,GAO,5195,3
GAO_GAO-03-1058T,GAO,8580,5
GAO_GAO-10-277,GAO,19004,10
GAO_GGD-99-109,GAO,21565,11
GAO_GAO-12-83,GAO,13167,7
GAO_GAO-15-184,GAO,7780,4
GAO_GAO-17-706,GAO,19387,10
GAO_GAO-14-234,GAO,8854,5
GAO_GAO-14-667,GAO,16913,9
GAO_GAO-17-111,GAO,8733,5
GAO_GGD-96-129B,GAO,33476,17
GAO_GAO-04-807,GAO,10999,6
GAO_GAO-13-15,GAO,8998,5
GAO_GAO-09-859T,GAO,4096,2
GAO_GAO-05-866,GAO,15155,8
GAO_GAO-15-573T,GAO,4666,3
GAO_GAO-10-344,GAO,16575,9
GAO_GAO-09-591,GAO,9418,5
GAO_T-GGD-96-130,GAO,2566,2
GAO_GAO-01-423,GAO,4555,3
GAO_GAO-02-495,GAO,9144,5
GAO_GGD-97-157,GAO,28237,14
GAO_GAO-14-91,GAO,12074,6
GAO_GAO-08-32,GAO,13765,7
GAO_GAO-01-367,GAO,10417,6
GAO_AIMD-96-29,GAO,5124,3
GAO_GAO-05-622T,GAO,3648,2
GAO_GAO-07-221,GAO,20391,10
GAO_GAO-14-86,GAO,6338,4
GAO_GAO-15-180,GAO,8788,5
GAO_RCED-00-64,GAO,20632,11
GAO_GAO-14-577,GAO,20341,10
GAO_GAO-16-448,GAO,16450,9
GAO_GAO-03-222,GAO,16776,9
GAO_GAO-11-67,GAO,9226,5
GAO_GAO-04-435T,GAO,4909,3
GAO_GAO-02-636,GAO,6575,4
GAO_GAO-10-1069T,GAO,2854,2
GAO_GAO-04-241,GAO,10073,5
GAO_GAO-07-38,GAO,7910,4
GAO_GAO-07-153,GAO,10245,6
GAO_GAO-16-882T,GAO,2994,2
GAO_GAO-07-1078,GAO,13584,7
GAO_GAO-12-818,GAO,6813,4
GAO_T-RCED-97-108,GAO,5099,3
GAO_RCED-96-159,GAO,12828,7
GAO_GAO-02-27,GAO,11007,6
GAO_RCED-95-214,GAO,12760,7
GAO_GAO-05-850T,GAO,4710,3
GAO_GAO-11-226,GAO,11058,6
GAO_GAO-17-143,GAO,13772,7
GAO_T-NSIAD-98-88,GAO,6156,4
GAO_GAO-05-806,GAO,12002,6
GAO_GAO-06-234T,GAO,8036,4
GAO_GAO-16-605,GAO,6280,4
GAO_GAO-01-647,GAO,10225,5
GAO_GGD-96-177,GAO,10562,6
GAO_GAO-16-450,GAO,19322,10
GAO_GAO-17-357,GAO,17316,9
GAO_GAO-09-584,GAO,8118,4
GAO_GAO-15-437,GAO,12985,7
GAO_GAO-15-566,GAO,8844,5
GAO_GAO-07-460T,GAO,4691,3
GAO_GAO-02-194,GAO,8090,4
GAO_GAO-14-300,GAO,6435,4
GAO_GAO-13-695T,GAO,2538,2
GAO_GAO-01-755,GAO,6976,4
GAO_NSIAD-93-231,GAO,3554,2
GAO_GAO-06-76,GAO,25044,13
GAO_T-HEHS-96-147,GAO,4995,3
GAO_GAO-10-367,GAO,16361,8
GAO_GAO-13-239,GAO,10465,6
GAO_GAO-03-945,GAO,12592,7
GAO_GAO-14-494,GAO,12422,7
GAO_GAO-08-730,GAO,8510,5
GAO_NSIAD-99-123,GAO,5262,3
GAO_GAO-13-350,GAO,8638,5
GAO_GAO-12-134,GAO,8598,5
GAO_GAO-10-883T,GAO,4260,3
GAO_GAO-08-487T,GAO,12594,7
GAO_GAO-16-51,GAO,14798,8
GAO_GAO-12-107,GAO,15669,8
GAO_GAO-15-537,GAO,4605,3
GAO_GAO-17-453,GAO,9551,5
GAO_GAO-02-21,GAO,3858,2
GAO_GAO-12-296,GAO,46689,23
GAO_GAO-10-586T,GAO,4017,2
GAO_GAO-17-28,GAO,11404,6
GAO_GAO-15-338,GAO,10723,6
GAO_GAO-08-285T,GAO,6569,4
GAO_AIMD-95-10,GAO,4724,3
GAO_GAO-10-219T,GAO,2867,2
GAO_GAO-13-253,GAO,5857,3
GAO_GAO-08-1155T,GAO,4824,3
GAO_HEHS-95-111,GAO,9288,5
GAO_GAO-04-176T,GAO,6337,4
GAO_GAO-11-612,GAO,17885,9
GAO_GAO-17-581,GAO,4920,3
GAO_GAO-06-491,GAO,13271,7
GAO_GAO-08-728,GAO,6469,4
GAO_GAO-04-873,GAO,13231,7
GAO_GAO-07-352,GAO,5254,3
GAO_GAO-09-1002T,GAO,12061,6
GAO_GAO-08-1126T,GAO,3081,2
GAO_GAO-03-823,GAO,4346,3
GAO_GAO-03-799,GAO,8542,5
GAO_GGD-00-12,GAO,6714,4
GAO_GAO-06-1121T,GAO,6093,3
GAO_GAO-05-692T,GAO,5595,3
GAO_GAO-08-23,GAO,14931,8
GAO_RCED-99-29,GAO,7299,4
GAO_RCED-96-54,GAO,3767,2
GAO_GAO-14-178,GAO,8341,5
GAO_GAO-17-645,GAO,4876,3
GAO_NSIAD-98-76,GAO,7939,4
GAO_T-GGD-97-155,GAO,3967,2
GAO_GAO-17-246T,GAO,5408,3
GAO_GAO-15-471,GAO,17549,9
GAO_T-AIMD-98-308,GAO,4240,3
GAO_GAO-09-839T,GAO,3121,2
GAO_GAO-05-489T,GAO,6329,4
GAO_GAO-09-1020,GAO,8046,4
GAO_AIMD-97-37,GAO,13868,7
GAO_AIMD-98-39,GAO,3634,2
GAO_GAO-05-757,GAO,19477,10
GAO_GAO-12-768,GAO,8535,5
GAO_GAO-05-576T,GAO,5523,3
GAO_GAO-11-871,GAO,9466,5
GAO_GAO-01-924,GAO,9755,5
GAO_GAO-15-660,GAO,9257,5
GAO_GAO-10-275,GAO,12923,7
GAO_GAO-11-369,GAO,10670,6
GAO_NSIAD-96-73,GAO,10755,6
GAO_AIMD-97-2,GAO,7898,4
GAO_HEHS-98-48,GAO,10372,6
GAO_NSIAD-95-56,GAO,11865,6
GAO_GAO-04-809,GAO,6658,4
GAO_GAO-06-808T,GAO,5007,3
GAO_GAO-08-44,GAO,32894,17
GAO_GAO-03-986,GAO,6354,4
GAO_GAO-13-515,GAO,6249,4
GAO_GAO-02-687T,GAO,20925,11
GAO_GAO-01-72T,GAO,7450,4
GAO_GAO-11-663T,GAO,6977,4
GAO_AIMD-98-274,GAO,10044,5
GAO_GGD-97-29,GAO,8147,4
GAO_GAO-04-112,GAO,25379,13
GAO_GAO-15-700,GAO,13443,7
GAO_GAO-02-886T,GAO,15268,8
GAO_GAO-13-427,GAO,7216,4
GAO_GAO-03-1061,GAO,4371,3
GAO_GAO-14-393,GAO,13152,7
GAO_GAO-07-1015,GAO,14110,7
GAO_AIMD-97-4,GAO,7247,4
GAO_GAO-03-794,GAO,17193,9
GAO_OCE-98-238,GAO,8196,5
GAO_GAO-05-906,GAO,18720,10
GAO_GAO-06-106,GAO,9270,5
GAO_GAO-06-388,GAO,18432,9
GAO_GAO-02-857T,GAO,2744,2
GAO_GAO-16-195T,GAO,4225,3
GAO_GAO-06-133,GAO,10738,6
GAO_GAO-17-223,GAO,4032,2
GAO_GAO-10-933T,GAO,6843,4
GAO_GAO-11-457,GAO,12421,7
GAO_GAO-06-995,GAO,7795,4
GAO_GAO-08-742,GAO,17853,9
GAO_RCED-96-50,GAO,15149,8
GAO_GAO-08-189,GAO,24102,12
GAO_AIMD-97-148,GAO,6938,4
GAO_GAO-16-524,GAO,2629,2
GAO_GAO-05-650,GAO,11768,6
GAO_GAO-08-552T,GAO,5626,3
GAO_NSIAD-96-94,GAO,20255,10
GAO_GAO-08-659T,GAO,3802,2
GAO_GAO-11-65,GAO,13677,7
GAO_HEHS-96-72,GAO,10873,6
GAO_HEHS-98-69,GAO,12194,6
GAO_GAO-04-895T,GAO,3682,2
GAO_GAO-08-350,GAO,9893,5
GAO_GAO-13-336,GAO,8581,5
GAO_GAO-14-460,GAO,10833,6
GAO_GAO-16-366,GAO,16484,9
GAO_GAO-11-918,GAO,7048,4
GAO_GAO-08-405,GAO,14169,7
GAO_GAO-04-802,GAO,24321,12
GAO_HEHS-98-16,GAO,10020,5
GAO_GAO-15-627,GAO,8410,5
GAO_AIMD-98-134,GAO,6227,4
GAO_GAO-04-630,GAO,5781,3
GAO_GGD-96-30,GAO,19585,10
GAO_GAO-04-682,GAO,33858,17
GAO_GAO-01-633,GAO,4371,3
GAO_GAO-04-992T,GAO,4398,3
GAO_GAO-08-76,GAO,8606,5
GAO_GAO-16-334,GAO,9169,5
GAO_HEHS-96-19,GAO,16162,8
GAO_GAO-02-684T,GAO,7738,4
GAO_GAO-05-848T,GAO,6228,4
GAO_NSIAD-97-206,GAO,11196,6
GAO_GAO-05-889T,GAO,3440,2
GAO_GAO-07-900,GAO,2635,2
GAO_GAO-03-346,GAO,5995,3
GAO_T-GGD-96-60,GAO,3708,2
GAO_GAO-05-154,GAO,11729,6
GAO_GGD-00-35,GAO,9613,5
GAO_GAO-04-508,GAO,14068,7
GAO_GAO-16-841,GAO,10846,6
GAO_RCED-96-90,GAO,5169,3
GAO_GAO-12-640,GAO,14122,7
GAO_RCED-96-199,GAO,14292,7
GAO_GAO-10-40,GAO,8805,5
GAO_GAO-06-381,GAO,15734,8
GAO_GAO-01-826T,GAO,4359,3
GAO_GAO-05-947,GAO,8286,5
GAO_GAO-07-542T,GAO,12701,7
GAO_GAO-03-586,GAO,19480,10
GAO_GAO-01-868,GAO,4589,3
GAO_GAO-02-243,GAO,6094,3
GAO_GAO-14-564,GAO,5750,3
GAO_GAO-08-754,GAO,14965,8
GAO_T-RCED-98-131,GAO,7661,4
GAO_GAO-13-240,GAO,14918,8
GAO_GAO-02-604,GAO,12708,7
GAO_GAO-15-436,GAO,17610,9
GAO_GAO-06-409T,GAO,4284,3
GAO_GAO-11-460,GAO,14192,7
GAO_GAO-09-58,GAO,14898,8
GAO_GAO-14-424,GAO,4233,3
GAO_GAO-09-902T,GAO,4584,3
GAO_NSIAD-96-93,GAO,4662,3
GAO_GAO-07-629,GAO,32196,16
GAO_T-AIMD-96-77,GAO,2767,2
GAO_GAO-12-551,GAO,11552,6
GAO_GAO-12-608,GAO,10134,5
GAO_GAO-14-370,GAO,10253,6
GAO_GAO-09-85,GAO,27410,14
GAO_GAO-14-335T,GAO,3014,2
GAO_GAO-08-581T,GAO,5697,3
GAO_GAO-02-565,GAO,5652,3
GAO_T-GGD-00-24,GAO,2991,2
GAO_GAO-02-246,GAO,13924,7
GAO_T-NSIAD-98-111,GAO,4937,3
GAO_GAO-10-89,GAO,13239,7
GAO_GAO-03-320,GAO,8913,5
GAO_GAO-06-846,GAO,10690,6
GAO_GAO-11-779T,GAO,4215,3
GAO_GAO-16-407T,GAO,6630,4
GAO_GAO-07-169,GAO,14069,7
GAO_GAO-06-369,GAO,4456,3
GAO_GAO-12-402,GAO,4820,3
GAO_GGD-00-6,GAO,10337,6
GAO_GAO-17-703,GAO,9665,5
GAO_GAO-17-415,GAO,19941,10
GAO_GAO-11-883T,GAO,6223,4
GAO_GAO-09-661T,GAO,3619,2
GAO_GAO-06-997T,GAO,9766,5
GAO_GAO-17-548,GAO,12613,7
GAO_GAO-10-179,GAO,9104,5
GAO_GAO-01-506,GAO,4200,3
GAO_GAO-04-932,GAO,15734,8
GAO_GAO-10-455,GAO,22583,12
GAO_GGD-99-162,GAO,5653,3
GAO_GGD-98-201,GAO,4968,3
GAO_AIMD-99-53,GAO,7394,4
GAO_GAO-12-235,GAO,14307,7
GAO_GAO-13-12,GAO,12062,6
GAO_GAO-08-462T,GAO,12745,7
GAO_GAO-13-872T,GAO,4247,3
GAO_GAO-02-103,GAO,3313,2
GAO_GAO-08-1092,GAO,3418,2
GAO_GAO-13-369,GAO,12945,7
GAO_GAO-02-415T,GAO,2777,2
GAO_GAO-03-948,GAO,7234,4
GAO_GAO-11-658,GAO,10675,6
GAO_GAO-01-298,GAO,12632,7
GAO_NSIAD-98-200,GAO,5515,3
GAO_GAO-06-861T,GAO,10948,6
GAO_GAO-01-889,GAO,4496,3
GAO_GAO-02-225,GAO,13154,7
GAO_GAO-05-409,GAO,8665,5
GAO_GAO-03-19,GAO,8024,4
GAO_GAO-17-457,GAO,12339,7
GAO_GAO-13-582,GAO,12997,7
GAO_GAO-09-14,GAO,12864,7
GAO_T-GGD-96-160,GAO,3193,2
GAO_GAO-05-383,GAO,6027,3
GAO_GAO-16-42,GAO,11568,6
GAO_GAO-01-827,GAO,5720,3
GAO_GAO-12-953,GAO,10546,6
GAO_NSIAD-96-251,GAO,5410,3
GAO_GGD-95-30,GAO,6580,4
GAO_GAO-03-568,GAO,12282,6
GAO_GAO-02-301,GAO,7464,4
GAO_GAO-06-516,GAO,22770,12
GAO_GAO-08-751,GAO,13752,7
GAO_AIMD-95-230,GAO,3983,2
GAO_GAO-11-336,GAO,6486,4
GAO_NSIAD-97-35,GAO,15871,8
GAO_GAO-16-406,GAO,19540,10
GAO_GAO-15-775,GAO,14891,8
GAO_GAO-15-319,GAO,12995,7
GAO_GAO-15-60,GAO,9461,5
GAO_GAO-03-1024T,GAO,12159,6
GAO_GAO-09-798,GAO,16405,9
GAO_GAO-11-292,GAO,12653,7
GAO_GAO-12-871,GAO,6316,4
GAO_GAO-09-10,GAO,9044,5
GAO_GAO-04-1031,GAO,27885,14
GAO_GAO-08-862,GAO,8471,5
GAO_GAO-15-777,GAO,4546,3
GAO_T-NSIAD-98-209,GAO,6724,4
GAO_HEHS-95-200,GAO,11581,6
GAO_GAO-01-388,GAO,5694,3
GAO_RCED-99-111,GAO,22544,12
GAO_GAO-08-313,GAO,15908,8
GAO_GAO-12-581T,GAO,6206,4
GAO_GAO-04-602,GAO,11613,6
GAO_NSIAD-98-213,GAO,15991,8
GAO_HEHS-95-244,GAO,15588,8
GAO_GAO-12-419T,GAO,2267,2
GAO_GAO-12-846,GAO,11248,6
GAO_T-HEHS-97-119,GAO,3530,2
GAO_GAO-03-747,GAO,10398,6
GAO_GAO-08-477,GAO,13347,7
GAO_GAO-07-1194T,GAO,5899,3
GAO_GAO-15-549,GAO,11486,6
GAO_GAO-08-437,GAO,17794,9
GAO_GAO-12-621SP,GAO,6435,4
GAO_GAO-15-44,GAO,6097,3
GAO_T-HEHS-98-194,GAO,3232,2
GAO_GAO-03-611T,GAO,5320,3
GAO_GAO-04-789T,GAO,4876,3
GAO_GAO-07-850T,GAO,5919,3
GAO_GAO-15-127,GAO,7705,4
GAO_GAO-01-570T,GAO,8965,5
GAO_GAO-02-22,GAO,6353,4
GAO_GAO-15-623,GAO,8319,5
GAO_T-AIMD-98-205,GAO,6981,4
GAO_GAO-06-367,GAO,16648,9
GAO_GAO-11-365,GAO,9354,5
GAO_GAO-05-793,GAO,13110,7
GAO_GAO-14-826,GAO,7137,4
GAO_GAO-01-210,GAO,5946,3
GAO_GAO-01-596,GAO,12604,7
GAO_NSIAD-97-93,GAO,3486,2
GAO_GGD-95-9,GAO,45054,22
GAO_GAO-09-813T,GAO,3032,2
GAO_GAO-02-191,GAO,11166,6
GAO_GAO-14-556T,GAO,2906,2
GAO_NSIAD-93-198,GAO,8174,4
GAO_GAO-11-545,GAO,12301,7
GAO_GAO-02-913,GAO,15506,8
GAO_GAO-06-468,GAO,8002,4
GAO_GAO-14-651T,GAO,3876,2
GAO_RCED-98-209,GAO,4117,3
GAO_GAO-10-383,GAO,6119,3
GAO_GAO-01-1129,GAO,10101,5
GAO_GAO-05-769,GAO,10689,6
GAO_GGD-95-86,GAO,17761,9
GAO_GAO-05-424,GAO,17443,9
GAO_GAO-05-544,GAO,11179,6
GAO_GAO-14-739,GAO,12975,7
GAO_GAO-10-511T,GAO,2792,2
GAO_GAO-08-486,GAO,9924,5
GAO_GAO-14-324,GAO,14945,8
GAO_GAO-01-796,GAO,10641,6
GAO_GAO-16-371,GAO,14838,8
GAO_GAO-01-282,GAO,8134,4
GAO_GAO-06-970,GAO,18583,10
GAO_GAO-05-184,GAO,9274,5
GAO_GAO-11-768T,GAO,3039,2
GAO_GAO-04-583,GAO,10090,5
GAO_T-RCED-99-79,GAO,4285,3
GAO_GAO-15-217,GAO,9715,5
GAO_RCED-99-53,GAO,4753,3
GAO_GAO-08-774,GAO,11842,6
GAO_GAO-06-214,GAO,22061,11
GAO_GAO-05-566,GAO,7703,4
GAO_GAO-08-756,GAO,10948,6
GAO_NSIAD-99-19,GAO,12324,7
GAO_GAO-09-534T,GAO,2939,2
GAO_GGD-98-169,GAO,7449,4
GAO_GAO-03-304,GAO,17663,9
GAO_GAO-16-368,GAO,10932,6
GAO_GAO-09-738,GAO,12008,6
GAO_GAO-15-190,GAO,11552,6
GAO_GAO-08-1014,GAO,8397,5
GAO_GAO-17-447,GAO,10505,6
GAO_GAO-08-355,GAO,27108,14
GAO_GAO-09-989,GAO,12501,7
GAO_GAO-17-525T,GAO,4853,3
GAO_T-HEHS-96-149,GAO,3573,2
GAO_GAO-01-493,GAO,9153,5
GAO_GAO-02-654,GAO,5669,3
GAO_GGD-96-78,GAO,11965,6
GAO_GAO-01-616,GAO,5806,3
GAO_GAO-10-544,GAO,12901,7
GAO_GAO-05-528,GAO,26435,13
GAO_GAO-07-677,GAO,15270,8
GAO_GAO-14-633,GAO,11754,6
GAO_GAO-02-274,GAO,11715,6
GAO_GAO-14-342T,GAO,4666,3
GAO_GAO-08-722T,GAO,7970,4
GAO_GAO-10-143,GAO,10154,5
GAO_GAO-16-820,GAO,9634,5
GAO_GAO-07-355,GAO,13302,7
GAO_T-AIMD-96-169,GAO,3774,2
GAO_AIMD-96-54,GAO,11471,6
GAO_GAO-07-1163T,GAO,4447,3
GAO_GAO-14-71,GAO,14267,7
GAO_GAO-12-972,GAO,4887,3
GAO_NSIAD-98-71,GAO,7185,4
GAO_GAO-07-1035,GAO,13949,7
GAO_GAO-12-225,GAO,10104,5
GAO_GAO-10-603T,GAO,5615,3
GAO_GAO-16-435,GAO,20403,10
GAO_NSIAD-95-11,GAO,4166,3
GAO_GAO-02-573,GAO,6163,4
GAO_GGD-98-45,GAO,8443,5
GAO_GAO-13-560,GAO,10580,6
GAO_GAO-04-32,GAO,12865,7
GAO_GAO-03-852T,GAO,9537,5
GAO_GAO-16-828,GAO,5845,3
GAO_GAO-08-435T,GAO,5293,3
GAO_HEHS-95-155,GAO,9570,5
GAO_GAO-09-1019T,GAO,3156,2
GAO_GAO-01-914,GAO,15260,8
GAO_GAO-16-613,GAO,19143,10
GAO_NSIAD-96-173,GAO,3091,2
GAO_T-GGD-98-78,GAO,3450,2
GAO_GAO-02-3,GAO,86021,43
GAO_GAO-11-79,GAO,9867,5
GAO_GAO-04-49,GAO,22179,11
GAO_GAO-08-692,GAO,16042,8
GAO_GAO-13-576,GAO,12715,7
GAO_GAO-14-23,GAO,9190,5
GAO_GAO-16-595,GAO,14468,8
GAO_T-AIMD-97-138,GAO,8598,5
GAO_RCED-95-269,GAO,14359,8
GAO_GAO-05-923T,GAO,4513,3
GAO_GAO-10-68,GAO,14584,8
GAO_GAO-12-294,GAO,13282,7
GAO_GAO-03-993,GAO,6082,3
GAO_OIMC-95-8,GAO,3538,2
GAO_GAO-08-1140T,GAO,7399,4
GAO_GAO-07-16,GAO,15969,8
GAO_GAO-09-692T,GAO,4830,3
GAO_RCED-95-164,GAO,7215,4
GAO_GAO-04-229T,GAO,5552,3
GAO_T-GGD-00-32,GAO,3971,2
GAO_RCED-96-136,GAO,6074,3
GAO_T-AIMD-98-147,GAO,6344,4
GAO_GAO-07-464T,GAO,6842,4
GAO_GAO-06-942,GAO,12717,7
GAO_GAO-10-227SP,GAO,11533,6
GAO_AIMD-95-23,GAO,9002,5
GAO_GAO-09-154,GAO,27614,14
GAO_GAO-03-183,GAO,7895,4
GAO_HEHS-98-32,GAO,95411,47
GAO_NSIAD-96-159,GAO,6417,4
GAO_GAO-06-49,GAO,9689,5
GAO_GAO-06-816,GAO,10971,6
GAO_GAO-11-91,GAO,13171,7
GAO_GAO-13-326,GAO,15044,8
GAO_GAO-17-62,GAO,29751,15
GAO_GAO-06-626T,GAO,5225,3
GAO_GAO-12-819,GAO,19269,10
GAO_GAO-14-236,GAO,11575,6
GAO_GAO-10-609T,GAO,2990,2
GAO_GAO-06-974T,GAO,8324,5
GAO_GAO-03-786,GAO,17100,9
GAO_GAO-06-242T,GAO,8392,5
GAO_GAO-11-832,GAO,18476,10
GAO_GAO-03-746,GAO,11819,6
GAO_GAO-02-694T,GAO,9922,5
GAO_GAO-17-63,GAO,11042,6
GAO_RCED-98-154,GAO,7426,4
GAO_GAO-16-324,GAO,5816,3
GAO_GAO-12-919,GAO,14240,7
GAO_GAO-17-647,GAO,2755,2
GAO_GAO-12-689,GAO,5164,3
GAO_GAO-15-511,GAO,10772,6
GAO_RCED-99-8,GAO,9900,5
GAO_GAO-15-416,GAO,5989,3
GAO_GAO-01-197,GAO,18721,10
GAO_GGD-96-163,GAO,26575,13
GAO_AIMD-96-109,GAO,10716,6
GAO_GAO-17-92,GAO,8025,4
GAO_GAO-15-793,GAO,13870,7
GAO_AIMD-99-29,GAO,7195,4
GAO_GAO-12-430T,GAO,4426,3
GAO_GAO-15-463,GAO,23980,12
GAO_GAO-07-847,GAO,9809,5
GAO_GAO-07-620,GAO,9639,5
GAO_GAO-02-162T,GAO,4842,3
GAO_GAO-14-640,GAO,23622,12
GAO_GAO-07-894T,GAO,3421,2
GAO_GAO-13-643,GAO,6847,4
GAO_GAO-12-177T,GAO,4460,3
GAO_GAO-03-134,GAO,8467,5
GAO_GAO-15-61,GAO,8977,5
GAO_GAO-01-188,GAO,19003,10
GAO_GAO-15-638T,GAO,2603,2
GAO_GAO-12-693,GAO,13493,7
GAO_HEHS-98-44,GAO,9438,5
GAO_GAO-02-29,GAO,20463,10
GAO_GAO-07-898T,GAO,2642,2
GAO_GAO-13-457,GAO,9629,5
GAO_GAO-07-656T,GAO,6319,4
GAO_GAO-15-442,GAO,7888,4
GAO_GAO-13-635,GAO,11553,6
GAO_GAO-10-31,GAO,14284,7
GAO_GAO-06-398T,GAO,8654,5
GAO_GAO-02-544T,GAO,4777,3
GAO_GAO-04-894T,GAO,3508,2
GAO_GAO-03-980T,GAO,5416,3
GAO_GAO-03-513,GAO,9847,5
GAO_GAO-08-119T,GAO,3318,2
GAO_GAO-04-564,GAO,18325,9
GAO_RCED-97-54,GAO,5591,3
GAO_GAO-13-130,GAO,10720,6
GAO_GAO-03-645T,GAO,7015,4
GAO_GAO-13-588,GAO,17691,9
GAO_GGD-98-104,GAO,16117,8
GAO_GAO-10-834T,GAO,2911,2
GAO_GGD-95-213,GAO,18092,9
GAO_GAO-11-758,GAO,15118,8
GAO_AIMD-95-73,GAO,5215,3
GAO_GAO-14-746T,GAO,3602,2
GAO_GAO-12-352,GAO,13020,7
GAO_GAO-14-261,GAO,15507,8
GAO_GAO-15-470,GAO,31122,16
GAO_GAO-09-755,GAO,11397,6
GAO_PEMD-95-10,GAO,11418,6
GAO_GAO-14-836,GAO,25589,13
GAO_GAO-08-1164T,GAO,4141,3
GAO_GAO-05-687,GAO,6393,4
GAO_GAO-09-670T,GAO,3844,2
GAO_GAO-04-298T,GAO,4692,3
GAO_GAO-04-191T,GAO,4483,3
GAO_GAO-09-404,GAO,14518,8
GAO_GAO-12-42,GAO,13615,7
GAO_GAO-05-823,GAO,9240,5
GAO_GAO-16-121T,GAO,2116,2
GAO_AIMD-98-175,GAO,9833,5
GAO_GAO-17-209,GAO,12477,7
GAO_GAO-07-89,GAO,9886,5
GAO_GAO-15-377,GAO,15884,8
GAO_GAO-16-68,GAO,5839,3
GAO_RCED-98-110,GAO,7785,4
GAO_GAO-03-682,GAO,9599,5
GAO_GAO-14-231,GAO,16472,9
GAO_NSIAD-97-213,GAO,5224,3
GAO_GAO-09-610,GAO,14450,8
GAO_OP-94-1,GAO,91339,45
GAO_GAO-09-57,GAO,23793,12
GAO_GAO-08-597,GAO,17980,9
GAO_GAO-07-404,GAO,18008,9
GAO_GAO-12-339,GAO,8543,5
GAO_GAO-07-448T,GAO,18726,10
GAO_GAO-04-413T,GAO,9420,5
GAO_GAO-17-656,GAO,10785,6
GAO_GAO-05-675T,GAO,5416,3
GAO_GAO-15-696,GAO,12507,7
GAO_GAO-04-124,GAO,5461,3
GAO_GAO-01-1014T,GAO,3147,2
GAO_GAO-15-371T,GAO,10661,6
GAO_GAO-15-188,GAO,11552,6
GAO_RCED-97-45,GAO,18976,10
GAO_GAO-06-659,GAO,6541,4
GAO_GAO-04-779,GAO,5318,3
GAO_GAO-11-111,GAO,10547,6
GAO_HEHS-99-68,GAO,7786,4
GAO_GAO-08-472T,GAO,4798,3
GAO_OSI-95-1,GAO,4718,3
GAO_GAO-04-915,GAO,6713,4
GAO_GAO-13-724T,GAO,3442,2
GAO_GGD-00-52,GAO,6039,3
GAO_GAO-02-134,GAO,9436,5
GAO_GAO-06-1110T,GAO,3715,2
GAO_GAO-06-498,GAO,19624,10
GAO_GAO-04-679,GAO,9567,5
GAO_GAO-04-605,GAO,9683,5
GAO_GAO-01-1103,GAO,5867,3
GAO_GAO-07-307,GAO,8604,5
GAO_GAO-16-748T,GAO,2600,2
GAO_GGD-98-16,GAO,4523,3
GAO_GAO-15-191,GAO,14408,8
GAO_GAO-04-425T,GAO,3800,2
GAO_GAO-02-763,GAO,4334,3
GAO_HEHS-00-180,GAO,13565,7
GAO_GAO-08-1048,GAO,16630,9
GAO_GAO-10-1038T,GAO,2330,2
GAO_RCED-99-10,GAO,9797,5
GAO_GAO-17-103,GAO,15025,8
GAO_GAO-05-829,GAO,13827,7
GAO_GGD-99-101,GAO,16724,9
GAO_GAO-12-569,GAO,14437,8
GAO_GAO-14-351,GAO,10365,6
GAO_GAO-09-529,GAO,8874,5
GAO_AIMD-96-39,GAO,5916,3
GAO_GAO-07-1019,GAO,13127,7
GAO_GAO-04-963T,GAO,8460,5
GAO_GAO-10-858T,GAO,5782,3
GAO_GAO-03-1162T,GAO,3376,2
GAO_T-OGC-98-55,GAO,3249,2
GAO_GAO-03-630,GAO,5939,3
GAO_GAO-08-317,GAO,24807,13
GAO_GAO-07-759,GAO,6940,4
GAO_GAO-06-313,GAO,17904,9
GAO_GAO-17-574,GAO,13013,7
GAO_GAO-07-415,GAO,22369,11
GAO_GAO-14-364T,GAO,2848,2
GAO_GAO-05-80,GAO,6458,4
GAO_GAO-07-309,GAO,5872,3
GAO_GAO-02-211,GAO,14528,8
GAO_GAO-03-367,GAO,15669,8
GAO_NSIAD-98-75,GAO,14274,7
GAO_GAO-14-312,GAO,10622,6
GAO_GAO-12-635,GAO,20282,10
GAO_GAO-03-38,GAO,9956,5
GAO_GAO-11-430T,GAO,3265,2
GAO_GAO-03-92,GAO,5892,3
GAO_GAO-13-532T,GAO,3407,2
GAO_GAO-07-114,GAO,9550,5
GAO_GAO-12-509T,GAO,3934,2
GAO_GAO-11-401,GAO,14579,8
GAO_GAO-17-642T,GAO,4787,3
GAO_GAO-03-607,GAO,19198,10
GAO_GGD-99-11,GAO,11157,6
GAO_GAO-03-378,GAO,12235,6
GAO_T-RCED-96-170,GAO,3668,2
GAO_GAO-17-422,GAO,2733,2
GAO_GAO-01-816,GAO,4938,3
GAO_GAO-16-273,GAO,10944,6
GAO_GAO-15-100,GAO,11111,6
GAO_GAO-06-251T,GAO,7237,4
GAO_GAO-16-547T,GAO,5446,3
GAO_GAO-07-1014,GAO,20569,11
GAO_GAO-03-460,GAO,10456,6
GAO_NSIAD-99-2,GAO,6362,4
GAO_HEHS-97-37,GAO,8268,5
GAO_T-HEHS-98-230,GAO,3297,2
GAO_NSIAD-98-25,GAO,21312,11
GAO_GAO-03-167T,GAO,12000,6
GAO_AIMD-95-165,GAO,3383,2
GAO_NSIAD-98-161,GAO,4923,3
GAO_GAO-09-448T,GAO,3844,2
GAO_GGD-95-152,GAO,21713,11
GAO_GAO-09-456T,GAO,5043,3
GAO_T-GGD-00-33,GAO,2862,2
GAO_GAO-01-305,GAO,38341,19
GAO_GAO-15-68,GAO,6031,3
GAO_GAO-02-591,GAO,13245,7
GAO_GAO-07-888,GAO,13853,7
GAO_GAO-06-20,GAO,16436,9
GAO_GAO-01-806,GAO,7566,4
GAO_GAO-11-234,GAO,13346,7
GAO_GAO-15-363,GAO,8832,5
GAO_NSIAD-96-220,GAO,7991,4
GAO_T-HEHS-98-219,GAO,4991,3
GAO_GAO-07-316,GAO,10009,5
GAO_GGD-97-91,GAO,8132,4
GAO_GAO-03-928,GAO,6741,4
GAO_HEHS-96-24,GAO,4007,2
GAO_GAO-11-333,GAO,15790,8
GAO_RCED-99-91,GAO,7073,4
GAO_GAO-10-787,GAO,11684,6
GAO_AIMD-95-147,GAO,8379,5
GAO_GAO-08-763T,GAO,9974,5
GAO_NSIAD-97-8,GAO,19597,10
GAO_GAO-03-344,GAO,5990,3
GAO_GAO-04-1017,GAO,14936,8
GAO_GAO-12-24,GAO,14873,8
GAO_GAO-08-760,GAO,8233,5
GAO_GAO-07-528,GAO,7185,4
GAO_GAO-11-945T,GAO,4061,2
GAO_AIMD-96-70,GAO,3780,2
GAO_GAO-14-413,GAO,21491,11
GAO_GAO-07-452T,GAO,11415,6
GAO_GAO-13-524,GAO,9071,5
GAO_GAO-04-206,GAO,8283,5
GAO_GAO-10-720,GAO,10519,6
GAO_GAO-16-803,GAO,5637,3
GAO_GAO-05-113,GAO,8832,5
GAO_GAO-06-347,GAO,14250,7
GAO_GAO-07-611,GAO,7465,4
GAO_GAO-10-799,GAO,9266,5
GAO_GAO-14-760,GAO,11848,6
GAO_GAO-10-353,GAO,12223,6
GAO_GAO-08-99,GAO,12609,7
GAO_GAO-12-492,GAO,7415,4
GAO_AIMD-96-94,GAO,7540,4
GAO_GAO-10-426,GAO,7576,4
GAO_GAO-09-863,GAO,14027,7
GAO_GAO-05-911T,GAO,3041,2
GAO_GAO-16-288,GAO,14630,8
GAO_GAO-08-231T,GAO,4011,2
GAO_GAO-10-278T,GAO,3764,2
GAO_GAO-08-579T,GAO,4242,3
GAO_GAO-05-6,GAO,11566,6
GAO_GAO-13-761,GAO,9050,5
GAO_GAO-07-1081T,GAO,5257,3
GAO_GAO-10-2,GAO,15325,8
GAO_HEHS-96-17,GAO,5018,3
GAO_GAO-10-717,GAO,20143,10
GAO_GAO-07-710T,GAO,4276,3
GAO_GAO-03-775,GAO,9671,5
GAO_GAO-12-580T,GAO,3332,2
GAO_GGD-97-180,GAO,12187,6
GAO_GAO-11-188,GAO,7088,4
GAO_GAO-14-486,GAO,11130,6
GAO_GAO-14-140,GAO,17174,9
GAO_GAO-15-148,GAO,8093,4
GAO_GAO-17-151,GAO,9888,5
GAO_GAO-16-507T,GAO,7422,4
GAO_AIMD-00-317,GAO,15419,8
GAO_GAO-06-349,GAO,8240,5
GAO_GGD-98-108,GAO,6964,4
GAO_GAO-03-357,GAO,14771,8
GAO_GAO-10-380,GAO,15611,8
GAO_HEHS-98-67,GAO,13278,7
GAO_GAO-09-896,GAO,11334,6
GAO_GAO-07-902T,GAO,2580,2
GAO_GAO-05-164,GAO,19156,10
GAO_GAO-05-731,GAO,8198,5
GAO_GAO-16-35,GAO,5632,3
GAO_GAO-15-23,GAO,15081,8
GAO_GAO-13-370T,GAO,3982,2
GAO_GAO-09-1048T,GAO,3873,2
GAO_GAO-11-508T,GAO,8524,5
GAO_GAO-01-356,GAO,6479,4
GAO_GAO-05-318T,GAO,6244,4
GAO_GAO-03-668,GAO,13515,7
GAO_GAO-12-193,GAO,7344,4
GAO_GAO-02-30,GAO,17693,9
GAO_GAO-02-733,GAO,8711,5
GAO_GAO-06-518,GAO,8999,5
GAO_T-NSIAD-97-118,GAO,7847,4
GAO_NSIAD-99-31,GAO,21002,11
GAO_GAO-16-13,GAO,8498,5
GAO_GAO-11-87,GAO,15092,8
GAO_GAO-12-811,GAO,8453,5
GAO_GAO-11-851,GAO,11699,6
GAO_GAO-01-292,GAO,6664,4
GAO_GAO-13-798,GAO,18921,10
GAO_GAO-04-803,GAO,11633,6
GAO_GAO-04-301T,GAO,8917,5
GAO_GAO-03-566,GAO,10094,5
GAO_GAO-13-47,GAO,5076,3
GAO_T-AIMD-98-166,GAO,2846,2
GAO_GAO-17-407T,GAO,18452,10
GAO_GAO-11-573T,GAO,7694,4
GAO_GAO-11-925T,GAO,4106,3
GAO_GAO-13-75,GAO,9527,5
GAO_GAO-03-650T,GAO,6925,4
GAO_GAO-03-883,GAO,13212,7
GAO_HEHS-00-175,GAO,9856,5
GAO_GAO-08-762T,GAO,3649,2
GAO_NSIAD-98-47,GAO,6005,3
GAO_GAO-13-732,GAO,14237,7
GAO_GAO-17-136,GAO,11231,6
GAO_GAO-09-541,GAO,13121,7
GAO_GAO-08-221,GAO,10414,6
GAO_GAO-15-142,GAO,8675,5
GAO_GAO-08-1096,GAO,4228,3
GAO_GAO-15-80,GAO,19736,10
GAO_GAO-07-541,GAO,6712,4
GAO_GAO-13-777,GAO,8998,5
GAO_HEHS-99-46,GAO,9717,5
GAO_GAO-17-654T,GAO,5583,3
GAO_GAO-14-526,GAO,14605,8
GAO_GAO-17-165,GAO,13842,7
GAO_AIMD-98-62,GAO,5069,3
GAO_T-RCED-97-153,GAO,13588,7
GAO_GAO-14-458T,GAO,3794,2
GAO_GAO-14-657,GAO,3676,2
GAO_GAO-04-109,GAO,14084,7
GAO_HEHS-98-160,GAO,4283,3
GAO_GAO-10-171,GAO,11134,6
GAO_RCED-99-63,GAO,18033,9
GAO_GAO-02-113T,GAO,5391,3
GAO_GAO-04-792,GAO,8835,5
GAO_GAO-17-78,GAO,7215,4
GAO_GAO-09-689,GAO,9834,5
GAO_GAO-01-583T,GAO,4667,3
GAO_GAO-08-283,GAO,12531,7
GAO_GAO-02-277T,GAO,4316,3
GAO_T-RCED-98-188,GAO,2113,2
GAO_AIMD-00-304,GAO,13104,7
GAO_GAO-09-17,GAO,10692,6
GAO_GAO-10-429,GAO,9685,5
GAO_GAO-05-836T,GAO,5992,3
GAO_AIMD-99-215,GAO,21699,11
GAO_GAO-05-698T,GAO,4604,3
GAO_GAO-05-546T,GAO,11377,6
GAO_GAO-11-539,GAO,13509,7
GAO_GAO-12-447,GAO,7480,4
GAO_GAO-09-429T,GAO,2524,2
GAO_GAO-08-980,GAO,19519,10
GAO_GAO-09-422T,GAO,6512,4
GAO_GAO-07-397T,GAO,6152,4
GAO_GAO-13-129,GAO,12067,6
GAO_GAO-15-421,GAO,9170,5
GAO_GAO-14-439,GAO,11383,6
GAO_GAO-05-115,GAO,10027,5
GAO_GAO-02-626,GAO,12812,7
GAO_GAO-01-780,GAO,12987,7
GAO_GAO-16-865T,GAO,2974,2
GAO_GAO-15-591,GAO,12259,6
GAO_GAO-08-186T,GAO,5403,3
GAO_GAO-14-732,GAO,10608,6
GAO_GAO-02-677T,GAO,6851,4
GAO_GAO-09-93,GAO,6149,4
GAO_GAO-02-855,GAO,3982,2
GAO_GGD-96-119,GAO,10072,5
GAO_GAO-11-325,GAO,13959,7
GAO_GAO-08-917T,GAO,2606,2
GAO_GAO-04-515,GAO,11421,6
GAO_GAO-13-503,GAO,8102,4
GAO_GAO-17-115,GAO,6758,4
GAO_NSIAD-96-40,GAO,20864,11
GAO_GAO-12-697,GAO,12869,7
GAO_GAO-17-85,GAO,22135,11
GAO_T-AIMD-00-323,GAO,3452,2
GAO_GAO-10-638,GAO,11382,6
GAO_GGD-98-204,GAO,7211,4
GAO_GAO-01-783,GAO,7974,4
GAO_GAO-05-239,GAO,7308,4
GAO_GAO-08-588,GAO,12767,7
GAO_GAO-08-924,GAO,33114,17
GAO_GAO-14-161,GAO,10183,5
GAO_GAO-11-513,GAO,13541,7
GAO_GAO-09-520,GAO,19063,10
GAO_T-NSIAD-98-117,GAO,4896,3
GAO_GAO-17-54,GAO,13819,7
GAO_GAO-04-1065,GAO,16087,8
GAO_GAO-11-650,GAO,10120,5
GAO_GAO-12-659T,GAO,4677,3
GAO_GAO-17-153,GAO,4516,3
GAO_GAO-06-732,GAO,17304,9
GAO_GAO-07-161,GAO,10766,6
GAO_GAO-12-920,GAO,15020,8
GAO_GAO-05-273,GAO,5519,3
GAO_NSIAD-96-225,GAO,6893,4
GAO_GAO-07-820T,GAO,4299,3
GAO_GAO-06-412T,GAO,2701,2
GAO_GAO-14-179,GAO,11096,6
GAO_HEHS-96-45,GAO,9141,5
GAO_HEHS-95-167,GAO,17030,9
GAO_GAO-11-198,GAO,10217,5
GAO_RCED-95-23,GAO,10237,5
GAO_GAO-11-57,GAO,4889,3
GAO_GAO-16-186,GAO,22402,11
GAO_GAO-06-737,GAO,16036,8
GAO_GAO-02-622T,GAO,3113,2
GAO_GAO-05-945,GAO,17897,9
GAO_GAO-12-109,GAO,10703,6
GAO_GAO-08-1137,GAO,11899,6
GAO_GGD-00-31,GAO,6147,4
GAO_GAO-10-465,GAO,11424,6
GAO_GAO-13-832,GAO,9226,5
GAO_NSIAD-98-93,GAO,6473,4
GAO_GAO-14-243T,GAO,4586,3
GAO_GAO-12-676,GAO,17606,9
GAO_GAO-07-99,GAO,5680,3
GAO_GAO-07-403,GAO,18413,9
GAO_GAO-07-684T,GAO,8554,5
GAO_GAO-11-605,GAO,13782,7
GAO_GAO-07-996,GAO,5410,3
GAO_RCED-98-258,GAO,6942,4
GAO_GAO-12-320,GAO,6364,4
GAO_GAO-07-390T,GAO,3998,2
GAO_GAO-14-641,GAO,12260,6
GAO_GAO-16-508,GAO,11499,6
GAO_GAO-03-540T,GAO,4344,3
GAO_GAO-12-476,GAO,14025,7
GAO_GAO-07-504T,GAO,4186,3
GAO_GAO-04-444,GAO,10049,5
GAO_GAO-15-655T,GAO,3179,2
GAO_GAO-07-245,GAO,13367,7
GAO_NSIAD-96-179,GAO,12949,7
GAO_GAO-08-914T,GAO,7154,4
GAO_GAO-03-829,GAO,9782,5
GAO_T-RCED-96-93,GAO,3605,2
GAO_GAO-17-113,GAO,9362,5
GAO_GAO-13-339,GAO,5606,3
GAO_GAO-06-694T,GAO,4484,3
GAO_GAO-13-147,GAO,5971,3
GAO_HEHS-96-6,GAO,7458,4
GAO_GAO-09-862T,GAO,3623,2
GAO_GAO-10-324,GAO,4741,3
GAO_GAO-14-545,GAO,15407,8
GAO_GAO-07-566T,GAO,6360,4
GAO_GAO-16-373,GAO,11225,6
GAO_HEHS-99-56,GAO,6130,3
GAO_GAO-11-561,GAO,12010,6
GAO_GAO-17-738,GAO,11804,6
GAO_GAO-09-150,GAO,13018,7
GAO_GAO-09-599,GAO,10516,6
GAO_GAO-04-948,GAO,4196,3
GAO_GAO-10-579,GAO,9862,5
GAO_GAO-03-735T,GAO,5315,3
GAO_GAO-17-90,GAO,10548,6
GAO_GAO-07-1084T,GAO,3177,2
GAO_GAO-15-727T,GAO,5411,3
GAO_GAO-11-63,GAO,15020,8
GAO_GAO-04-284,GAO,25659,13
GAO_GAO-13-550T,GAO,3278,2
GAO_T-AIMD-98-167,GAO,8702,5
GAO_GAO-07-46,GAO,4905,3
GAO_GAO-08-899T,GAO,6616,4
GAO_GAO-17-284,GAO,9693,5
GAO_GAO-07-1160,GAO,6645,4
GAO_GAO-16-559,GAO,12854,7
GAO_GAO-06-733,GAO,20318,10
GAO_GAO-06-1012T,GAO,2744,2
GAO_GAO-17-196,GAO,11747,6
GAO_GAO-06-757,GAO,15670,8
GAO_GAO-06-1081,GAO,11729,6
GAO_GAO-07-439T,GAO,3371,2
GAO_GAO-14-864T,GAO,2635,2
GAO_GAO-06-527T,GAO,6875,4
GAO_GAO-17-485,GAO,13371,7
GAO_GAO-08-434T,GAO,4605,3
GAO_GAO-15-67,GAO,18693,10
GAO_GAO-04-806T,GAO,6627,4
GAO_GAO-14-749,GAO,12589,7
GAO_NSIAD-96-107,GAO,8390,5
GAO_GAO-10-856,GAO,26368,13
GAO_GAO-03-894,GAO,7623,4
GAO_GAO-05-64,GAO,8155,4
GAO_GAO-06-462T,GAO,5172,3
GAO_GAO-01-368,GAO,15848,8
GAO_GAO-08-1136T,GAO,3342,2
GAO_GAO-14-747,GAO,6201,4
GAO_GAO-10-1024T,GAO,4129,3
GAO_GAO-02-766,GAO,18123,9
GAO_HEHS-99-21,GAO,14079,7
GAO_GAO-06-811,GAO,7200,4
GAO_T-HEHS-98-43,GAO,4648,3
GAO_T-HEHS-96-162,GAO,5899,3
GAO_GAO-08-664T,GAO,6671,4
GAO_GAO-10-907,GAO,15110,8
GAO_GAO-13-378,GAO,7452,4
GAO_T-GGD-97-52,GAO,4223,3
GAO_AIMD-95-5,GAO,7931,4
GAO_GAO-12-518,GAO,13745,7
GAO_GAO-03-701,GAO,6850,4
GAO_GAO-05-903T,GAO,6711,4
GAO_T-RCED-99-116,GAO,4071,2
GAO_GAO-14-25,GAO,4025,2
GAO_GAO-15-574,GAO,8650,5
GAO_GAO-16-131,GAO,10099,5
GAO_GAO-03-396,GAO,7417,4
GAO_GAO-17-121,GAO,5715,3
GAO_NSIAD-95-3,GAO,6357,4
GAO_RCED-96-68,GAO,9518,5
GAO_RCED-95-71,GAO,23447,12
GAO_GAO-06-795,GAO,7903,4
GAO_GAO-05-50,GAO,54760,27
GAO_AIMD-98-126,GAO,6829,4
GAO_GAO-15-590,GAO,9492,5
GAO_GAO-13-498,GAO,13178,7
GAO_GAO-09-829,GAO,51037,25
GAO_GAO-17-483,GAO,4750,3
GAO_GAO-04-966,GAO,14182,7
GAO_GAO-01-686,GAO,3964,2
GAO_GAO-06-929,GAO,32478,16
GAO_GAO-08-322T,GAO,5036,3
GAO_GAO-14-72,GAO,14507,8
GAO_GAO-10-901,GAO,4272,3
GAO_HEHS-00-155,GAO,16717,9
GAO_GAO-14-94,GAO,14078,7
GAO_GAO-07-896T,GAO,7186,4
GAO_GAO-06-745,GAO,11309,6
GAO_GAO-09-501T,GAO,4869,3
GAO_GAO-10-905,GAO,15471,8
GAO_GAO-05-737,GAO,16820,9
GAO_GGD-95-117,GAO,4175,3
GAO_GAO-01-657,GAO,4536,3
GAO_GAO-02-841,GAO,4958,3
GAO_GAO-07-562T,GAO,3783,2
GAO_GAO-13-321,GAO,7768,4
GAO_OCE-98-19,GAO,6639,4
GAO_GAO-13-536,GAO,6150,4
GAO_T-RCED-98-61,GAO,3119,2
GAO_GAO-14-131,GAO,8198,5
GAO_GAO-08-1154T,GAO,6192,4
GAO_GAO-17-129,GAO,12467,7
GAO_GAO-13-208,GAO,10972,6
GAO_GAO-15-346,GAO,8665,5
GAO_GGD-98-128,GAO,7929,4
GAO_GAO-07-447T,GAO,8720,5
GAO_GAO-03-494,GAO,4712,3
GAO_GAO-03-631,GAO,9045,5
GAO_NSIAD-98-41,GAO,5572,3
GAO_GAO-12-319,GAO,9385,5
GAO_GAO-14-22,GAO,9668,5
GAO_GAO-04-125T,GAO,3192,2
GAO_GAO-06-879T,GAO,5935,3
GAO_GAO-05-101,GAO,21028,11
GAO_GAO-16-159T,GAO,3352,2
GAO_GAO-09-297,GAO,8725,5
GAO_T-RCED-96-180,GAO,8722,5
GAO_GAO-10-293T,GAO,3877,2
GAO_GAO-08-680,GAO,21731,11
GAO_GAO-12-940,GAO,14747,8
GAO_GAO-07-1268,GAO,10179,5
GAO_GAO-05-559T,GAO,12902,7
GAO_GAO-08-53,GAO,7754,4
GAO_GAO-02-212,GAO,5545,3
GAO_GAO-08-909T,GAO,3575,2
GAO_GAO-13-629,GAO,9627,5
GAO_RCED-97-1,GAO,16923,9
GAO_GAO-13-290,GAO,6374,4
GAO_GAO-05-782,GAO,12672,7
GAO_GAO-13-796T,GAO,16104,8
GAO_GAO-09-723,GAO,7761,4
GAO_GAO-08-923T,GAO,6412,4
GAO_GAO-15-16,GAO,19229,10
GAO_GAO-02-426,GAO,18290,9
GAO_GAO-09-607T,GAO,3619,2
GAO_GAO-05-441,GAO,16303,8
GAO_GAO-13-438,GAO,8880,5
GAO_GAO-02-1083T,GAO,6222,4
GAO_GAO-08-794,GAO,39397,20
GAO_GAO-12-454T,GAO,19150,10
GAO_GAO-04-291,GAO,16599,9
GAO_GAO-13-820,GAO,12083,6
GAO_RCED-99-37,GAO,19230,10
GAO_GAO-02-546,GAO,4433,3
GAO_GAO-11-428T,GAO,3850,2
GAO_GAO-03-619T,GAO,5763,3
GAO_GGD-99-176,GAO,3498,2
GAO_NSIAD-98-19,GAO,9844,5
GAO_GAO-02-1073,GAO,4496,3
GAO_GAO-04-636T,GAO,6912,4
GAO_T-HEHS-99-89,GAO,3497,2
GAO_GAO-02-571,GAO,14402,8
GAO_GAO-14-505,GAO,9519,5
GAO_GGD-98-74,GAO,16532,9
GAO_GAO-12-493,GAO,17331,9
GAO_GAO-05-30,GAO,6140,3
GAO_GAO-08-858T,GAO,6962,4
GAO_GAO-02-240,GAO,12675,7
GAO_HEHS-99-13,GAO,12166,6
GAO_GAO-02-451T,GAO,5003,3
GAO_GAO-17-224,GAO,14178,7
GAO_HEHS-00-185,GAO,18155,9
GAO_T-RCED-99-77,GAO,3110,2
GAO_GAO-06-364,GAO,4881,3
GAO_GAO-13-781,GAO,13861,7
GAO_RCED-96-214,GAO,4279,3
GAO_GAO-06-532T,GAO,3247,2
GAO_GAO-02-619T,GAO,10677,6
GAO_GAO-11-444,GAO,7841,4
GAO_GAO-06-596,GAO,14196,7
GAO_GAO-09-921,GAO,13110,7
GAO_NSIAD-96-166,GAO,8598,5
GAO_GAO-08-799,GAO,11904,6
GAO_GAO-13-280SP,GAO,5197,3
GAO_GAO-06-610T,GAO,8003,4
GAO_GAO-01-323,GAO,28722,15
GAO_GAO-16-810,GAO,17208,9
GAO_GAO-04-451,GAO,9677,5
GAO_GAO-03-548T,GAO,5084,3
GAO_GAO-01-795,GAO,15547,8
GAO_GAO-17-182,GAO,7068,4
GAO_GAO-16-238,GAO,5877,3
GAO_GAO-17-239,GAO,8139,4
GAO_GAO-04-678,GAO,7824,4
GAO_GAO-06-513T,GAO,3376,2
GAO_GAO-14-550,GAO,16373,8
GAO_GAO-11-241,GAO,18379,9
GAO_GAO-09-16,GAO,19821,10
GAO_RCED-96-190,GAO,9446,5
GAO_GAO-09-608,GAO,14147,7
GAO_T-GGD-00-26,GAO,4447,3
GAO_T-RCED-96-210,GAO,4999,3
GAO_GAO-03-770,GAO,13720,7
GAO_GAO-15-79,GAO,10006,5
GAO_GAO-15-625T,GAO,5496,3
GAO_RCED-99-27,GAO,8296,5
GAO_HEHS-96-105,GAO,13680,7
GAO_GAO-06-961T,GAO,8264,5
GAO_GAO-14-54,GAO,10034,5
GAO_GAO-13-447,GAO,6043,3
GAO_GAO-04-797,GAO,18410,9
GAO_GAO-09-789,GAO,7410,4
GAO_GAO-03-500,GAO,7644,4
GAO_GAO-17-124,GAO,10464,6
GAO_RCED-97-53,GAO,6132,3
GAO_NSIAD-99-26,GAO,6258,4
GAO_GAO-16-603,GAO,5294,3
GAO_HEHS-95-31,GAO,3674,2
GAO_GAO-05-844T,GAO,3903,2
GAO_NSIAD-97-25,GAO,6042,3
GAO_GAO-02-231T,GAO,9512,5
GAO_GAO-15-273,GAO,9889,5
GAO_GAO-10-879T,GAO,3398,2
GAO_GAO-17-679,GAO,6287,4
GAO_GAO-04-918,GAO,7335,4
GAO_GAO-13-742,GAO,4806,3
GAO_GAO-17-385,GAO,8696,5
GAO_GAO-08-614,GAO,10922,6
GAO_T-OCG-99-23,GAO,4924,3
GAO_GAO-04-1006,GAO,16048,8
GAO_GAO-10-292T,GAO,5368,3
GAO_GAO-03-804,GAO,23670,12
GAO_GAO-14-333,GAO,9630,5
GAO_HEHS-95-122,GAO,10664,6
GAO_GAO-03-45,GAO,8510,5
GAO_GAO-16-107,GAO,12348,7
GAO_GAO-11-144,GAO,13177,7
GAO_GGD-98-18,GAO,13433,7
GAO_GAO-11-702,GAO,8899,5
GAO_GAO-12-780,GAO,5593,3
GAO_GGD-99-3,GAO,10611,6
GAO_GGD-98-4,GAO,6815,4
GAO_GAO-09-315,GAO,9232,5
GAO_RCED-97-32,GAO,16658,9
GAO_GAO-09-151,GAO,18662,10
GAO_GAO-05-405,GAO,5943,3
GAO_GAO-14-558,GAO,9501,5
GAO_GAO-17-321,GAO,8024,4
GAO_GAO-08-320,GAO,34753,17
GAO_GAO-10-779,GAO,13462,7
GAO_GAO-01-304,GAO,11263,6
GAO_NSIAD-96-136,GAO,3889,2
GAO_GAO-11-317,GAO,23087,12
GAO_NSIAD-96-135,GAO,8169,4
GAO_RCED-97-214,GAO,4341,3
GAO_GAO-11-902,GAO,13257,7
GAO_GAO-03-971,GAO,18506,10
GAO_GAO-10-513,GAO,12450,7
GAO_GAO-13-537,GAO,11003,6
GAO_GAO-13-258,GAO,11113,6
GAO_GAO-03-706,GAO,5843,3
GAO_GAO-04-655,GAO,12478,7
GAO_GAO-16-795,GAO,6022,3
GAO_GAO-14-471,GAO,15720,8
GAO_RCED-98-2,GAO,8004,4
GAO_GAO-04-576,GAO,15224,8
GAO_GAO-01-601,GAO,5019,3
GAO_GAO-17-72,GAO,12525,7
GAO_GAO-07-650,GAO,7487,4
GAO_GAO-13-320,GAO,10809,6
GAO_GAO-08-855,GAO,7728,4
GAO_GAO-06-289,GAO,13064,7
GAO_GAO-09-262,GAO,9652,5
GAO_GAO-09-980,GAO,12117,6
GAO_PEMD-95-4,GAO,16725,9
GAO_GAO-01-1027,GAO,32369,16
GAO_GAO-15-482T,GAO,5034,3
GAO_GAO-07-205,GAO,11568,6
GAO_GAO-10-400,GAO,11505,6
GAO_GAO-11-280,GAO,11766,6
GAO_GAO-15-747T,GAO,6644,4
GAO_HEHS-97-24,GAO,8430,5
GAO_GAO-08-298,GAO,11594,6
GAO_GAO-01-948,GAO,12600,7
GAO_AIMD-98-154,GAO,7660,4
GAO_GAO-02-602,GAO,7550,4
GAO_GAO-07-489T,GAO,10949,6
GAO_GAO-12-408,GAO,8896,5
GAO_GAO-08-1051T,GAO,6848,4
GAO_GAO-17-443,GAO,18667,10
GAO_GAO-09-400,GAO,13732,7
GAO_GAO-02-208T,GAO,4795,3
GAO_GAO-02-904,GAO,7705,4
GAO_GAO-08-556T,GAO,4134,3
GAO_GAO-05-997,GAO,26410,13
GAO_GAO-10-786,GAO,6328,4
GAO_GAO-17-445,GAO,24943,13
GAO_GAO-12-881,GAO,22635,12
GAO_GAO-10-1028,GAO,12040,6
GAO_T-RCED-99-123,GAO,3468,2
GAO_GAO-05-459,GAO,11636,6
GAO_GAO-09-195,GAO,10859,6
GAO_GAO-17-216,GAO,8957,5
GAO_GAO-05-57,GAO,7792,4
GAO_GAO-13-589,GAO,2357,2
GAO_RCED-97-4,GAO,10866,6
GAO_GAO-09-423T,GAO,2720,2
GAO_T-HEHS-99-51,GAO,3702,2
GAO_GAO-09-747,GAO,20055,10
GAO_GAO-14-800,GAO,7193,4
GAO_OGC-95-15,GAO,5204,3
GAO_NSIAD-96-222,GAO,9197,5
GAO_GAO-03-917T,GAO,4894,3
GAO_T-AIMD-98-233,GAO,3027,2
GAO_GAO-03-902T,GAO,5567,3
GAO_RCED-98-221,GAO,5574,3
GAO_GGD-98-125,GAO,9845,5
GAO_GAO-08-372,GAO,17870,9
GAO_GAO-07-615T,GAO,4956,3
GAO_GAO-03-266,GAO,4872,3
GAO_GAO-08-543T,GAO,5689,3
GAO_GAO-02-643T,GAO,3864,2
GAO_GAO-13-55,GAO,8209,5
GAO_GAO-04-594T,GAO,5327,3
GAO_GAO-07-652,GAO,14438,8
GAO_HEHS-96-129,GAO,5901,3
GAO_GAO-06-845T,GAO,12769,7
GAO_GAO-15-399,GAO,8464,5
GAO_GAO-04-571T,GAO,7218,4
GAO_GAO-07-1096,GAO,7287,4
GAO_GAO-12-937,GAO,9612,5
GAO_GAO-17-673,GAO,15397,8
GAO_GAO-08-1001,GAO,13071,7
GAO_GAO-03-501,GAO,14905,8
GAO_GAO-12-462T,GAO,4662,3
GAO_GAO-03-821,GAO,6106,3
GAO_GGD-99-33,GAO,14795,8
GAO_GAO-07-671,GAO,15121,8
GAO_GAO-09-705T,GAO,4941,3
GAO_GAO-02-42,GAO,10752,6
GAO_GAO-02-653,GAO,11426,6
GAO_GAO-17-750,GAO,10816,6
GAO_NSIAD-95-91,GAO,16296,8
GAO_GAO-14-196T,GAO,4942,3
GAO_GAO-05-1048T,GAO,6436,4
GAO_OSI-95-17,GAO,4686,3
GAO_GAO-02-41,GAO,9645,5
GAO_RCED-97-155,GAO,17468,9
GAO_GAO-14-442,GAO,12844,7
GAO_GAO-14-832,GAO,13152,7
GAO_RCED-98-62,GAO,9748,5
GAO_RCED-99-38,GAO,10665,6
GAO_T-GGD-97-186,GAO,3390,2
GAO_GAO-02-437,GAO,4161,3
GAO_GAO-09-207,GAO,9654,5
GAO_GAO-15-527,GAO,20440,10
GAO_GAO-14-51,GAO,8587,5
GAO_GAO-13-578,GAO,10889,6
GAO_GAO-07-457,GAO,9960,5
GAO_GAO-03-691,GAO,5045,3
GAO_GAO-13-102,GAO,13109,7
GAO_RCED-97-113,GAO,18003,9
GAO_GAO-08-471T,GAO,2927,2
GAO_T-RCED-97-223,GAO,4910,3
GAO_GAO-01-794,GAO,10746,6
GAO_GAO-07-716,GAO,11870,6
GAO_RCED-98-156,GAO,6793,4
GAO_T-AIMD-98-212,GAO,6568,4
GAO_GGD-99-87,GAO,14587,8
GAO_GAO-08-139T,GAO,5577,3
GAO_GAO-14-811T,GAO,5343,3
GAO_GAO-12-212T,GAO,4759,3
GAO_AIMD-99-7,GAO,7147,4
GAO_GAO-13-20,GAO,11939,6
GAO_GAO-14-103,GAO,22000,11
GAO_GAO-04-795,GAO,11094,6
GAO_GAO-01-784,GAO,8145,4
GAO_GGD-99-132,GAO,6201,4
GAO_GAO-17-732,GAO,13374,7
GAO_GAO-09-193,GAO,10205,5
GAO_GAO-10-567T,GAO,8341,5
GAO_GAO-04-872T,GAO,7395,4
GAO_GAO-03-207,GAO,4403,3
GAO_GAO-06-208T,GAO,4234,3
GAO_RCED-97-66,GAO,14189,7
GAO_GAO-05-721,GAO,9078,5
GAO_GAO-04-671,GAO,11325,6
GAO_GAO-06-793,GAO,5662,3
GAO_HEHS-98-118,GAO,3407,2
GAO_GAO-04-165,GAO,21361,11
GAO_GAO-11-232T,GAO,4942,3
GAO_GAO-05-561T,GAO,15762,8
GAO_GAO-02-685T,GAO,3527,2
GAO_GAO-05-452,GAO,13879,7
GAO_GAO-06-352,GAO,33316,17
GAO_GAO-07-703,GAO,18361,9
GAO_GGD-98-50,GAO,13863,7
GAO_GAO-09-49,GAO,5507,3
GAO_GAO-04-923,GAO,16545,9
GAO_GAO-12-465,GAO,10750,6
GAO_HEHS-98-152,GAO,6469,4
GAO_GAO-06-174T,GAO,5063,3
GAO_GAO-01-566,GAO,8811,5
GAO_HEHS-96-21,GAO,6421,4
GAO_AIMD-97-106,GAO,6394,4
GAO_GAO-13-531,GAO,3571,2
GAO_GAO-02-634,GAO,6740,4
GAO_HEHS-98-7,GAO,11679,6
GAO_GAO-06-342,GAO,8488,5
GAO_GAO-14-237,GAO,12878,7
GAO_NSIAD-97-104,GAO,4255,3
GAO_GAO-03-534,GAO,7936,4
GAO_GAO-02-347T,GAO,8797,5
GAO_T-HEHS-98-162,GAO,4380,3
GAO_GAO-09-309,GAO,11625,6
GAO_GAO-08-793,GAO,11630,6
GAO_GAO-14-731T,GAO,4690,3
GAO_GAO-11-567T,GAO,4377,3
GAO_GAO-12-803T,GAO,7677,4
GAO_GAO-17-616,GAO,7274,4
GAO_GAO-10-452T,GAO,3128,2
GAO_GAO-16-119,GAO,9578,5
GAO_GAO-09-184,GAO,11410,6
GAO_GAO-15-604T,GAO,5478,3
GAO_GAO-08-1006,GAO,8047,4
GAO_GAO-11-688T,GAO,4872,3
GAO_GAO-02-73,GAO,10697,6
GAO_GAO-11-195,GAO,17005,9
GAO_GAO-07-583T,GAO,7534,4
GAO_GAO-07-944T,GAO,6352,4
GAO_GAO-02-671T,GAO,3647,2
GAO_GAO-04-198,GAO,11802,6
GAO_GAO-04-961,GAO,11485,6
GAO_GAO-08-52,GAO,7963,4
GAO_GAO-08-636T,GAO,4981,3
GAO_GAO-11-154,GAO,5838,3
GAO_RCED-98-146,GAO,6193,4
GAO_GAO-15-292,GAO,11497,6
GAO_GAO-09-192,GAO,14109,7
GAO_GAO-03-485,GAO,13834,7
GAO_GAO-14-596T,GAO,5154,3
GAO_GGD-99-53,GAO,3450,2
GAO_GAO-04-530T,GAO,7219,4
GAO_GAO-04-225,GAO,13293,7
GAO_GAO-02-410,GAO,8603,5
GAO_GAO-07-737,GAO,12916,7
GAO_GAO-03-503,GAO,6683,4
GAO_GAO-09-659,GAO,8750,5
GAO_GAO-12-717,GAO,25670,13
GAO_GAO-10-570,GAO,6130,3
GAO_GAO-12-951T,GAO,1932,1
GAO_GGD-95-19,GAO,13368,7
GAO_GAO-10-241,GAO,10081,5
GAO_OSI-00-19,GAO,5797,3
GAO_GAO-15-113,GAO,10723,6
GAO_GGD-95-39,GAO,6352,4
GAO_GAO-02-670,GAO,16463,9
GAO_GAO-05-543,GAO,6662,4
GAO_GGD-96-144,GAO,6650,4
GAO_GAO-05-229,GAO,9062,5
GAO_GAO-06-283T,GAO,4624,3
GAO_GAO-03-909T,GAO,4464,3
GAO_GAO-11-699,GAO,4321,3
GAO_GAO-08-375,GAO,5141,3
GAO_GAO-13-500T,GAO,4114,3
GAO_RCED-97-216,GAO,7619,4
GAO_AIMD-95-8,GAO,13133,7
GAO_T-OCG-96-7,GAO,6425,4
GAO_HEHS-98-26,GAO,11353,6
GAO_GAO-08-466,GAO,15084,8
GAO_GAO-07-380,GAO,12378,7
GAO_GAO-16-809,GAO,5284,3
GAO_GAO-15-799,GAO,13105,7
GAO_GAO-05-586T,GAO,3460,2
GAO_GAO-11-54,GAO,10675,6
GAO_GAO-17-51,GAO,4430,3
GAO_GAO-08-56,GAO,13915,7
GAO_GAO-17-398,GAO,10048,5
GAO_GAO-02-46T,GAO,2961,2
GAO_GAO-06-238,GAO,11076,6
GAO_GAO-16-265,GAO,10594,6
GAO_RCED-98-39,GAO,8208,5
GAO_NSIAD-99-17,GAO,15369,8
GAO_GGD-97-71,GAO,10052,5
GAO_GAO-10-536T,GAO,4607,3
GAO_T-AIMD-96-75,GAO,10758,6
GAO_GGD-96-26,GAO,17743,9
GAO_RCED-98-117,GAO,27006,14
GAO_GAO-03-729T,GAO,3628,2
GAO_NSIAD-96-186,GAO,28739,15
GAO_GAO-07-806T,GAO,2113,2
GAO_GAO-01-311,GAO,7622,4
GAO_GAO-01-788,GAO,4704,3
GAO_GAO-08-18,GAO,8471,5
GAO_GAO-04-107,GAO,9186,5
GAO_GAO-12-813T,GAO,3144,2
GAO_GAO-07-27,GAO,13063,7
GAO_GAO-14-520,GAO,3996,2
GAO_GAO-02-538T,GAO,4631,3
GAO_GAO-02-75,GAO,10753,6
GAO_GAO-01-377,GAO,12020,6
GAO_GAO-08-73,GAO,12204,6
GAO_GAO-11-387,GAO,15203,8
GAO_GAO-07-572,GAO,15142,8
GAO_T-GGD-99-47,GAO,2665,2
GAO_GAO-03-931T,GAO,11098,6
GAO_GAO-16-719T,GAO,4617,3
GAO_GAO-12-1024T,GAO,5287,3
GAO_RCED-95-191,GAO,14668,8
GAO_GAO-03-839T,GAO,9204,5
GAO_GAO-04-818,GAO,7818,4
GAO_GAO-11-632,GAO,13836,7
GAO_GAO-02-935,GAO,19057,10
GAO_NSIAD-98-87,GAO,17586,9
GAO_GAO-16-139T,GAO,1942,1
GAO_T-RCED-96-137,GAO,2742,2
GAO_GAO-14-207,GAO,12867,7
GAO_GAO-03-609T,GAO,6751,4
GAO_GAO-06-993,GAO,9917,5
GAO_GAO-15-741,GAO,10290,6
GAO_GGD-96-105,GAO,13274,7
GAO_GAO-12-350,GAO,4891,3
GAO_GAO-07-422T,GAO,6844,4
GAO_GAO-03-363,GAO,11685,6
GAO_GAO-15-843T,GAO,4532,3
GAO_GAO-09-715,GAO,10280,6
GAO_GAO-10-246,GAO,21263,11
GAO_GAO-04-837T,GAO,3205,2
GAO_GAO-02-77,GAO,22254,11
GAO_HEHS-00-161,GAO,8009,4
GAO_GAO-11-88,GAO,8034,4
GAO_GAO-13-333,GAO,14930,8
GAO_GAO-06-519,GAO,13976,7
GAO_GAO-16-680,GAO,21766,11
GAO_AIMD-95-167,GAO,4986,3
GAO_GAO-07-37,GAO,9411,5
GAO_GAO-13-94,GAO,16781,9
GAO_GAO-05-182,GAO,4795,3
GAO_GAO-11-478,GAO,11379,6
GAO_GAO-11-893,GAO,9821,5
GAO_GAO-04-328,GAO,29785,15
GAO_GAO-11-421,GAO,7377,4
GAO_GGD-00-46,GAO,6515,4
GAO_GAO-01-525,GAO,10270,6
GAO_GAO-02-86,GAO,9574,5
GAO_GAO-12-441,GAO,8922,5
GAO_GAO-14-84,GAO,9133,5
GAO_GAO-08-738T,GAO,4313,3
GAO_GGD-98-40,GAO,7824,4
GAO_GAO-09-603,GAO,12346,7
GAO_GAO-12-70,GAO,21574,11
GAO_GAO-04-1005,GAO,15751,8
GAO_GAO-10-782,GAO,39117,20
GAO_GAO-08-276,GAO,11808,6
GAO_GAO-06-336,GAO,10151,5
GAO_GAO-07-112,GAO,12105,6
GAO_AIMD-98-26,GAO,4282,3
GAO_GAO-12-151,GAO,29161,15
GAO_RCED-98-23,GAO,17533,9
GAO_GAO-06-851T,GAO,6534,4
GAO_GAO-04-121,GAO,18401,9
GAO_GAO-14-289,GAO,11918,6
GAO_GAO-09-866,GAO,12102,6
GAO_GAO-05-438,GAO,3531,2
GAO_GAO-04-871,GAO,13446,7
GAO_GAO-16-629,GAO,8992,5
GAO_GAO-02-239,GAO,10464,6
GAO_HEHS-96-103,GAO,11653,6
GAO_GAO-09-895T,GAO,3704,2
GAO_GAO-17-550,GAO,10172,5
GAO_GAO-03-604,GAO,21953,11
GAO_GAO-14-386T,GAO,2412,2
GAO_T-GGD-98-83,GAO,4618,3
GAO_NSIAD-98-34,GAO,4235,3
GAO_GAO-13-688,GAO,5931,3
GAO_GAO-16-92T,GAO,16352,8
GAO_GAO-16-27,GAO,7926,4
GAO_GAO-01-68,GAO,5954,3
GAO_GAO-08-908T,GAO,4828,3
GAO_T-RCED-96-87,GAO,3021,2
GAO_GAO-06-878T,GAO,4673,3
GAO_GAO-14-817T,GAO,5003,3
GAO_GAO-13-633T,GAO,6635,4
GAO_GAO-03-303T,GAO,11270,6
GAO_GAO-14-27,GAO,10829,6
GAO_GAO-16-596,GAO,5804,3
GAO_GAO-02-1020,GAO,5831,3
GAO_GAO-03-924,GAO,5779,3
GAO_GAO-03-255,GAO,18634,10
GAO_GAO-15-37,GAO,14230,7
GAO_GAO-07-1246T,GAO,8301,5
GAO_GAO-01-203,GAO,17446,9
GAO_GAO-08-644T,GAO,7748,4
GAO_OP-98-1,GAO,72060,36
GAO_RCED-98-244,GAO,9861,5
GAO_GAO-06-274,GAO,11807,6
GAO_GAO-16-384,GAO,9536,5
GAO_GAO-14-453,GAO,13294,7
GAO_GAO-09-495,GAO,10940,6
GAO_GAO-15-401,GAO,5271,3
GAO_GAO-04-262T,GAO,6556,4
GAO_GAO-07-570,GAO,10265,6
GAO_GAO-15-169,GAO,5281,3
GAO_GAO-09-187,GAO,8970,5
GAO_GAO-11-476T,GAO,8103,4
GAO_GAO-13-282,GAO,6569,4
GAO_GAO-10-375,GAO,9755,5
GAO_NSIAD-97-260,GAO,14551,8
GAO_GAO-01-721,GAO,7748,4
GAO_GAO-05-748,GAO,20609,11
GAO_GAO-01-840,GAO,7306,4
GAO_GAO-13-201,GAO,4710,3
GAO_GAO-17-428,GAO,12902,7
GAO_GGD-99-46,GAO,13762,7
GAO_GAO-10-110,GAO,7604,4
GAO_GAO-05-165,GAO,15140,8
GAO_GAO-14-60,GAO,13478,7
GAO_GAO-10-66,GAO,9251,5
GAO_GAO-13-196,GAO,15026,8
GAO_GAO-03-1176T,GAO,4964,3
GAO_GAO-09-487,GAO,9463,5
GAO_NSIAD-96-44,GAO,3735,2
GAO_NSIAD-97-76,GAO,7409,4
GAO_GAO-03-1001,GAO,10215,5
GAO_GAO-12-153,GAO,11090,6
GAO_GAO-07-546,GAO,7741,4
GAO_GAO-17-26,GAO,5151,3
GAO_RCED-95-22,GAO,9710,5
GAO_GAO-17-83,GAO,20993,11
GAO_GAO-07-203,GAO,16915,9
GAO_GAO-13-637T,GAO,3626,2
GAO_GAO-16-818,GAO,13346,7
GAO_GAO-01-339,GAO,3579,2
GAO_GAO-16-568,GAO,7260,4
GAO_GAO-05-448T,GAO,12151,6
GAO_GAO-04-117T,GAO,7042,4
GAO_NSIAD-97-48,GAO,5172,3
GAO_GGD-99-70,GAO,11053,6
GAO_GAO-07-36,GAO,21837,11
GAO_GAO-14-518,GAO,11145,6
GAO_GAO-01-473,GAO,4678,3
GAO_GAO-16-231,GAO,15906,8
GAO_GAO-15-4,GAO,9323,5
GAO_GAO-03-1045,GAO,3727,2
GAO_GAO-15-462,GAO,11805,6
GAO_GAO-06-865T,GAO,4875,3
GAO_GAO-12-727,GAO,6709,4
GAO_GAO-05-616T,GAO,5132,3
GAO_GAO-02-528T,GAO,4233,3
GAO_NSIAD-96-72,GAO,12001,6
GAO_GAO-08-163,GAO,34775,17
GAO_GAO-13-568,GAO,11089,6
GAO_GAO-04-513,GAO,10299,6
GAO_GAO-03-653T,GAO,9315,5
GAO_GAO-15-646,GAO,22037,11
GAO_GAO-07-520,GAO,16033,8
GAO_HEHS-95-26,GAO,7080,4
GAO_GAO-04-836,GAO,12930,7
GAO_GAO-03-641T,GAO,5948,3
GAO_GGD-00-5,GAO,4884,3
GAO_GAO-17-77,GAO,10000,5
GAO_GAO-09-932,GAO,8787,5
GAO_RCED-98-184,GAO,12091,6
GAO_GAO-08-1058,GAO,10813,6
GAO_GAO-07-1109T,GAO,5614,3
GAO_GAO-14-355,GAO,5651,3
GAO_GAO-07-738T,GAO,5603,3
GAO_NSIAD-99-138,GAO,3494,2
GAO_OIMC-95-7,GAO,9271,5
GAO_GAO-06-588T,GAO,5140,3
GAO_GAO-10-625,GAO,10144,5
GAO_GAO-15-42,GAO,13887,7
GAO_NSIAD-98-86,GAO,8308,5
GAO_T-RCED-98-170,GAO,3543,2
GAO_GAO-13-645,GAO,6672,4
GAO_GAO-09-24,GAO,8696,5
GAO_GAO-05-190,GAO,10282,6
GAO_GAO-03-784,GAO,10418,6
GAO_GAO-08-645,GAO,16977,9
GAO_GAO-16-209,GAO,10753,6
GAO_GAO-04-283,GAO,12533,7
GAO_GAO-10-643,GAO,5268,3
GAO_GAO-03-688,GAO,11084,6
GAO_GAO-17-390,GAO,18591,10
GAO_GAO-04-1013T,GAO,4573,3
GAO_GGD-98-36,GAO,16574,9
GAO_GAO-04-119T,GAO,9650,5
GAO_GAO-03-89,GAO,19137,10
GAO_GAO-06-570,GAO,11823,6
GAO_GAO-14-35,GAO,13074,7
GAO_GAO-10-1033,GAO,1781,1
GAO_GAO-08-286T,GAO,2971,2
GAO_AIMD-99-142,GAO,11136,6
GAO_GAO-07-29,GAO,27687,14
GAO_GAO-12-188,GAO,5399,3
GAO_GAO-02-973,GAO,7911,4
GAO_GAO-09-564,GAO,10105,5
GAO_GAO-13-570,GAO,12757,7
GAO_GAO-09-845T,GAO,4381,3
GAO_NSIAD-98-33,GAO,5641,3
GAO_GAO-03-387,GAO,7558,4
GAO_GAO-11-483T,GAO,4635,3
GAO_GAO-02-715T,GAO,5683,3
GAO_GAO-10-621,GAO,8097,4
GAO_GAO-11-371T,GAO,2701,2
GAO_GAO-03-366,GAO,7388,4
GAO_GAO-05-842T,GAO,5045,3
GAO_GAO-05-305,GAO,27828,14
GAO_GAO-06-1116T,GAO,3403,2
GAO_GAO-14-561,GAO,7457,4
GAO_GAO-07-208T,GAO,7259,4
GAO_GAO-15-45,GAO,5391,3
GAO_GAO-16-758,GAO,16071,8
GAO_GAO-04-669,GAO,7868,4
GAO_GAO-17-134,GAO,10905,6
GAO_GAO-13-157,GAO,6351,4
GAO_RCED-96-23,GAO,4834,3
GAO_GAO-13-687,GAO,16548,9
GAO_GAO-04-53,GAO,6210,4
GAO_GAO-06-892T,GAO,3266,2
GAO_GAO-06-938,GAO,7223,4
GAO_NSIAD-98-168,GAO,16868,9
GAO_GAO-08-87,GAO,14054,7
GAO_T-AIMD-98-266,GAO,7653,4
GAO_GAO-16-169,GAO,24651,13
GAO_GAO-07-555,GAO,10564,6
GAO_RCED-99-99,GAO,24364,12
GAO_GAO-03-274,GAO,20993,11
GAO_GAO-03-545T,GAO,3216,2
GAO_GAO-03-563,GAO,12860,7
GAO_GAO-07-560,GAO,25531,13
GAO_GAO-08-49,GAO,13718,7
GAO_GAO-04-177,GAO,7771,4
GAO_GAO-06-54,GAO,12808,7
GAO_GAO-10-231,GAO,48276,24
GAO_GAO-07-342T,GAO,5012,3
GAO_GAO-04-870,GAO,9137,5
GAO_RCED-95-108,GAO,7698,4
GAO_GAO-13-334,GAO,6654,4
GAO_GAO-07-727T,GAO,5296,3
GAO_GAO-10-957,GAO,9711,5
GAO_GAO-01-983,GAO,8108,4
GAO_GAO-09-667T,GAO,1939,1
GAO_GAO-11-942T,GAO,2452,2
GAO_AIMD-95-81,GAO,10939,6
GAO_GAO-08-637T,GAO,6668,4
GAO_GAO-16-228T,GAO,7132,4
GAO_GAO-08-729T,GAO,5603,3
GAO_T-RCED-98-122,GAO,2826,2
GAO_GAO-05-926,GAO,9844,5
GAO_GAO-08-563T,GAO,5185,3
GAO_GAO-06-215,GAO,22210,11
GAO_GAO-10-509T,GAO,4274,3
GAO_GAO-17-562T,GAO,2732,2
GAO_GAO-17-506,GAO,26383,13
GAO_GAO-09-577,GAO,11931,6
GAO_GAO-13-56,GAO,6755,4
GAO_NSIAD-99-30,GAO,5331,3
GAO_GAO-16-184T,GAO,2751,2
GAO_NSIAD-98-181,GAO,5809,3
GAO_GAO-05-261,GAO,22352,11
GAO_GAO-03-275,GAO,5457,3
GAO_GAO-04-1022,GAO,4337,3
GAO_HEHS-98-68,GAO,8218,5
GAO_GAO-03-620,GAO,7277,4
GAO_HEHS-98-76,GAO,7136,4
GAO_GAO-13-809,GAO,12117,6
GAO_GAO-15-624,GAO,10020,5
GAO_GAO-07-100,GAO,14183,7
GAO_T-GGD-99-152,GAO,3808,2
GAO_GAO-09-256,GAO,15333,8
GAO_GAO-09-656,GAO,27941,14
GAO_GAO-10-644,GAO,13943,7
GAO_GAO-08-470T,GAO,4598,3
GAO_GAO-13-534,GAO,11087,6
GAO_GAO-05-905,GAO,9664,5
GAO_GAO-12-824,GAO,11164,6
GAO_GAO-03-878,GAO,3804,2
GAO_NSIAD-95-38,GAO,7311,4
GAO_GAO-11-888,GAO,11084,6
GAO_GAO-03-697,GAO,17032,9
GAO_GAO-13-473,GAO,7209,4
GAO_GAO-06-265,GAO,9170,5
GAO_AIMD-99-41,GAO,13936,7
GAO_GAO-03-721T,GAO,6118,3
GAO_GAO-02-485T,GAO,3784,2
GAO_NSIAD-99-3,GAO,9116,5
GAO_GAO-06-750,GAO,3969,2
GAO_GAO-04-521,GAO,8761,5
GAO_GAO-09-793T,GAO,6231,4
GAO_HEHS-95-93,GAO,6050,3
GAO_GAO-15-446,GAO,7921,4
GAO_GAO-16-113,GAO,22367,11
GAO_GAO-15-675T,GAO,6718,4
GAO_GAO-10-616,GAO,7651,4
GAO_GAO-01-280,GAO,11652,6
GAO_GAO-05-804,GAO,10449,6
GAO_GAO-12-202,GAO,12728,7
GAO_AIMD-98-248,GAO,4687,3
GAO_RCED-98-3,GAO,11304,6
GAO_GAO-04-1084T,GAO,5176,3
GAO_GAO-15-409,GAO,12655,7
GAO_GAO-07-841T,GAO,4047,2
GAO_GGD-95-98,GAO,41331,21
GAO_GAO-03-820T,GAO,5406,3
GAO_GAO-02-148T,GAO,2416,2
GAO_GAO-08-224T,GAO,5971,3
GAO_GAO-03-169,GAO,29442,15
GAO_GGD-97-1,GAO,6882,4
GAO_GAO-12-763,GAO,12570,7
GAO_GAO-13-530,GAO,20267,10
GAO_GAO-15-668T,GAO,6525,4
GAO_GAO-06-769,GAO,10456,6
GAO_NSIAD-99-35,GAO,3590,2
GAO_GAO-08-280,GAO,6989,4
GAO_GAO-17-450,GAO,11899,6
GAO_GAO-08-710T,GAO,5636,3
GAO_T-GGD-99-143,GAO,4114,3
GAO_GGD-96-62,GAO,10785,6
GAO_NSIAD-95-26,GAO,7911,4
GAO_GGD-95-38,GAO,15573,8
GAO_GAO-07-581T,GAO,3252,2
GAO_GAO-11-691T,GAO,3494,2
GAO_GAO-06-566,GAO,12383,7
GAO_GAO-05-60,GAO,8162,4
GAO_GAO-04-737,GAO,18326,9
GAO_GAO-13-470,GAO,17433,9
GAO_NSIAD-99-124,GAO,19611,10
GAO_GAO-03-184,GAO,4843,3
GAO_GAO-16-41,GAO,22455,11
GAO_GAO-14-706,GAO,6406,4
GAO_GAO-08-966,GAO,13739,7
GAO_GAO-10-200,GAO,11681,6
GAO_GAO-16-350,GAO,13711,7
GAO_GAO-09-1050T,GAO,3133,2
GAO_GAO-04-973,GAO,3910,2
GAO_RCED-96-226,GAO,4390,3
GAO_GAO-14-298,GAO,9737,5
GAO_GAO-09-568,GAO,6576,4
GAO_RCED-98-99,GAO,11410,6
GAO_GAO-17-80,GAO,10903,6
GAO_GAO-15-158,GAO,10084,5
GAO_GAO-01-862T,GAO,5749,3
GAO_GAO-11-526,GAO,9323,5
GAO_GAO-05-31,GAO,14223,7
GAO_T-RCED-98-176,GAO,6571,4
GAO_GAO-10-215,GAO,15369,8
GAO_GAO-02-1095T,GAO,2800,2
GAO_GAO-10-307T,GAO,3642,2
GAO_GAO-09-35,GAO,17394,9
GAO_GAO-17-371,GAO,11551,6
GAO_GGD-96-65,GAO,9613,5
GAO_GAO-03-87,GAO,17916,9
GAO_GAO-02-499T,GAO,2692,2
GAO_GAO-02-581,GAO,11268,6
GAO_AIMD-96-72,GAO,6105,3
GAO_GAO-08-593,GAO,11014,6
GAO_GAO-14-375,GAO,10298,6
GAO_GAO-03-282,GAO,2782,2
GAO_GAO-06-564T,GAO,6031,3
GAO_GAO-14-763,GAO,13136,7
GAO_GGD-99-66,GAO,9569,5
GAO_GAO-02-66,GAO,12067,6
GAO_GAO-12-311,GAO,11488,6
GAO_GAO-01-851,GAO,18892,10
GAO_GAO-02-1067T,GAO,3876,2
GAO_GAO-12-54,GAO,15516,8
GAO_GAO-01-916,GAO,13322,7
GAO_HEHS-00-48,GAO,13037,7
GAO_GAO-07-499T,GAO,11455,6
GAO_RCED-95-24,GAO,12298,7
GAO_GAO-05-749T,GAO,3714,2
GAO_T-GGD-99-34,GAO,6094,3
GAO_GAO-13-117,GAO,10116,5
GAO_GAO-05-652,GAO,14714,8
GAO_GAO-15-66,GAO,4500,3
GAO_GAO-15-374,GAO,2755,2
GAO_GAO-01-437,GAO,4744,3
GAO_GAO-16-29,GAO,13806,7
GAO_GAO-17-500,GAO,10555,6
GAO_GAO-17-575,GAO,15050,8
GAO_GAO-14-511,GAO,8140,4
GAO_GAO-15-349,GAO,14344,8
GAO_GAO-07-428T,GAO,3731,2
GAO_GAO-15-572T,GAO,3403,2
GAO_GAO-13-648,GAO,4843,3
GAO_GAO-08-84,GAO,11917,6
GAO_GAO-04-101,GAO,9457,5
GAO_GAO-14-132,GAO,11701,6
GAO_GAO-17-631T,GAO,12839,7
GAO_T-HEHS-98-110,GAO,3428,2
GAO_GAO-15-305,GAO,9846,5
GAO_GAO-12-626,GAO,9905,5
GAO_GAO-14-95,GAO,4163,3
GAO_GAO-12-261,GAO,11981,6
GAO_GAO-07-636T,GAO,10144,5
GAO_GAO-08-105,GAO,16790,9
GAO_GAO-15-520,GAO,10492,6
GAO_GAO-01-116,GAO,10600,6
GAO_GAO-07-775T,GAO,2541,2
GAO_GAO-11-203,GAO,14089,7
GAO_GAO-04-790,GAO,7996,4
GAO_GAO-04-780,GAO,18384,9
GAO_GAO-14-93,GAO,7925,4
GAO_GAO-12-556,GAO,13530,7
GAO_GAO-07-907,GAO,12517,7
GAO_NSIAD-95-137,GAO,4900,3
GAO_GAO-12-144T,GAO,5738,3
GAO_GAO-08-538,GAO,11317,6
GAO_GAO-05-677,GAO,8626,5
GAO_GAO-08-386SP,GAO,12455,7
GAO_GAO-14-567T,GAO,2106,2
GAO_RCED-97-118,GAO,4440,3
GAO_GAO-02-308,GAO,6596,4
GAO_GAO-03-439,GAO,10799,6
GAO_GAO-05-700,GAO,7229,4
GAO_GAO-16-548,GAO,10274,6
GAO_GAO-02-1004,GAO,8538,5
GAO_GAO-04-858,GAO,10162,5
GAO_GAO-14-597,GAO,6466,4
GAO_GAO-11-36,GAO,13251,7
GAO_GAO-17-108,GAO,8018,4
GAO_GAO-08-391,GAO,17894,9
GAO_AIMD-95-77,GAO,7069,4
GAO_GAO-11-193,GAO,14612,8
GAO_GAO-05-134,GAO,9775,5
GAO_GAO-17-684,GAO,14778,8
GAO_AIMD-96-78,GAO,9133,5
GAO_GAO-09-185,GAO,9162,5
GAO_HEHS-00-144,GAO,4525,3
GAO_GAO-08-349,GAO,9098,5
GAO_HEHS-95-29,GAO,3584,2
GAO_GAO-14-676,GAO,13295,7
GAO_GAO-14-493,GAO,6785,4
GAO_GAO-17-202,GAO,8168,4
GAO_GAO-11-283,GAO,14580,8
GAO_GGD-96-101,GAO,17300,9
GAO_RCED-98-88,GAO,14385,8
GAO_GAO-03-330,GAO,22730,12
GAO_GAO-07-115,GAO,8373,5
GAO_GAO-03-371,GAO,10950,6
GAO_GAO-05-485T,GAO,7178,4
GAO_GAO-08-77,GAO,15849,8
GAO_NSIAD-95-197,GAO,7641,4
GAO_PEMD-95-202,GAO,12630,7
GAO_GAO-10-61,GAO,9944,5
GAO_GAO-17-724,GAO,6200,4
GAO_GAO-07-358T,GAO,5198,3
GAO_GAO-07-1259T,GAO,4254,3
GAO_GAO-13-638,GAO,3995,2
GAO_GAO-02-706T,GAO,4967,3
GAO_GGD-96-156,GAO,3889,2
GAO_GAO-15-296,GAO,8522,5
GAO_GAO-04-308,GAO,9053,5
GAO_GAO-17-674,GAO,8579,5
GAO_GAO-03-138,GAO,75869,38
GAO_NSIAD-98-162,GAO,5308,3
GAO_GAO-13-373,GAO,5062,3
GAO_GAO-03-1173,GAO,5005,3
GAO_GAO-11-466T,GAO,5239,3
GAO_GAO-09-379,GAO,7396,4
GAO_GAO-10-449,GAO,9122,5
GAO_GAO-02-940T,GAO,4127,3
GAO_GAO-14-61,GAO,14949,8
GAO_GAO-11-720,GAO,8594,5
GAO_GAO-08-932T,GAO,4520,3
GAO_GAO-10-144T,GAO,3390,2
GAO_GAO-08-673T,GAO,1824,1
GAO_GAO-06-871T,GAO,4222,3
GAO_GAO-03-164,GAO,22997,12
GAO_GAO-12-366,GAO,8771,5
GAO_GAO-13-566,GAO,8494,5
GAO_GAO-14-757T,GAO,2557,2
GAO_GAO-07-1241T,GAO,3260,2
GAO_T-RCED-97-94,GAO,4980,3
GAO_GAO-02-40,GAO,18499,10
GAO_NSIAD-95-20,GAO,7898,4
GAO_GAO-12-347,GAO,13025,7
GAO_GAO-09-453T,GAO,4020,2
GAO_GAO-16-172,GAO,6298,4
GAO_GAO-02-720,GAO,24450,12
GAO_GAO-14-256,GAO,6898,4
GAO_GGD-96-113,GAO,15095,8
GAO_GAO-06-209,GAO,7348,4
GAO_NSIAD-96-9,GAO,7916,4
GAO_T-RCED-99-122,GAO,4298,3
GAO_GAO-14-409,GAO,10118,5
GAO_GAO-06-645,GAO,12843,7
GAO_GAO-12-745T,GAO,2956,2
GAO_T-RCED-97-120,GAO,3696,2
GAO_HEHS-98-170,GAO,8886,5
GAO_GAO-08-1078,GAO,11618,6
GAO_GAO-11-684,GAO,18746,10
GAO_GAO-08-698,GAO,11230,6
GAO_GAO-09-25,GAO,7378,4
GAO_GGD-98-156,GAO,10140,5
GAO_GAO-15-269,GAO,6260,4
GAO_GAO-11-659,GAO,11408,6
GAO_GAO-05-1017T,GAO,4616,3
GAO_GAO-11-145,GAO,12611,7
GAO_HEHS-95-257,GAO,4106,3
GAO_GAO-10-33,GAO,10594,6
GAO_GAO-05-32,GAO,10537,6
GAO_GAO-11-136,GAO,15669,8
GAO_GAO-06-849T,GAO,3241,2
GAO_T-GGD-96-40,GAO,5676,3
GAO_GAO-12-422T,GAO,5891,3
GAO_RCED-97-36,GAO,22278,11
GAO_GAO-04-885,GAO,8492,5
GAO_GAO-04-43,GAO,14173,7
GAO_GAO-05-407,GAO,23691,12
GAO_GAO-03-556T,GAO,6932,4
GAO_GAO-10-1030,GAO,12967,7
GAO_GAO-12-513T,GAO,7132,4
GAO_GAO-12-567T,GAO,2811,2
GAO_GAO-02-17,GAO,7442,4
GAO_GAO-11-16,GAO,9475,5
GAO_GAO-02-741,GAO,10044,5
GAO_GAO-15-272,GAO,8045,4
GAO_GAO-14-823,GAO,7868,4
GAO_GAO-08-291,GAO,12036,6
GAO_GAO-03-369,GAO,7046,4
GAO_T-AIMD-96-10,GAO,13084,7
GAO_GAO-04-883,GAO,14294,7
GAO_GAO-15-71,GAO,21577,11
GAO_GAO-09-983,GAO,12087,6
GAO_GAO-06-85,GAO,11614,6
GAO_GAO-11-863,GAO,16918,9
GAO_HEHS-95-220,GAO,6749,4
GAO_GAO-08-220T,GAO,4589,3
GAO_GGD-96-188,GAO,5100,3
GAO_HEHS-99-161,GAO,20755,11
GAO_GAO-02-107,GAO,13584,7
GAO_GAO-06-979,GAO,12195,6
GAO_GAO-05-434,GAO,18523,10
GAO_GAO-10-364,GAO,12838,7
GAO_GAO-01-536,GAO,15640,8
GAO_HEHS-97-178,GAO,7706,4
GAO_T-RCED-98-125,GAO,4771,3
GAO_NSIAD-97-37,GAO,9811,5
GAO_GAO-13-50,GAO,9321,5
GAO_GAO-05-86,GAO,8407,5
GAO_GAO-06-416,GAO,17623,9
GAO_GAO-05-369,GAO,20518,11
GAO_AIMD-00-91,GAO,4276,3
GAO_GAO-09-586,GAO,19419,10
GAO_GAO-10-585,GAO,8842,5
GAO_GAO-02-361,GAO,6444,4
GAO_GAO-05-8,GAO,12100,6
GAO_GAO-15-201,GAO,12088,6
GAO_GAO-17-322,GAO,17997,9
GAO_GAO-06-156,GAO,17060,9
GAO_GAO-09-445,GAO,10070,5
GAO_GAO-12-504,GAO,4316,3
GAO_GAO-08-685T,GAO,3786,2
GAO_GAO-07-734,GAO,14086,7
GAO_GAO-09-45,GAO,4588,3
GAO_GAO-07-547T,GAO,4344,3
GAO_GAO-14-559,GAO,9617,5
GAO_GAO-11-438T,GAO,191,1
GAO_GAO-07-914,GAO,12856,7
GAO_GAO-04-660,GAO,14582,8
GAO_GAO-06-383,GAO,10784,6
GAO_HEHS-96-136,GAO,17115,9
GAO_NSIAD-00-164,GAO,9094,5
GAO_GAO-08-957,GAO,5137,3
GAO_GAO-12-666T,GAO,4414,3
GAO_GAO-15-686T,GAO,4179,3
GAO_GAO-07-49,GAO,12215,6
GAO_GAO-06-395,GAO,20994,11
GAO_T-AIMD-98-128,GAO,4591,3
GAO_HEHS-97-4,GAO,9075,5
GAO_GAO-13-236,GAO,7360,4
GAO_AIMD-97-19,GAO,4646,3
GAO_GAO-04-838,GAO,14957,8
GAO_GAO-10-1029T,GAO,3066,2
GAO_T-GGD-00-2,GAO,9365,5
GAO_GAO-02-433,GAO,16390,9
GAO_GAO-04-531,GAO,26177,13
GAO_RCED-95-59,GAO,11365,6
GAO_GAO-09-504,GAO,21309,11
GAO_GAO-02-557T,GAO,7900,4
GAO_GAO-12-386,GAO,17126,9
GAO_GAO-16-64,GAO,16000,8
GAO_GAO-16-44,GAO,11789,6
GAO_GAO-02-470T,GAO,11082,6
GAO_GAO-06-249T,GAO,6459,4
GAO_GAO-03-12,GAO,6743,4
GAO_GAO-05-819,GAO,9384,5
GAO_GAO-09-600,GAO,10328,6
GAO_HEHS-95-21,GAO,15539,8
GAO_GAO-11-45,GAO,11165,6
GAO_GAO-07-653,GAO,16002,8
GAO_GAO-13-286,GAO,9988,5
GAO_GAO-02-556,GAO,9327,5
GAO_GAO-10-328,GAO,19428,10
GAO_GAO-12-548,GAO,9403,5
GAO_GAO-02-752,GAO,9134,5
GAO_GAO-05-418,GAO,19266,10
GAO_GAO-15-48,GAO,15145,8
GAO_GAO-06-540,GAO,11578,6
GAO_GAO-02-473T,GAO,7059,4
GAO_GGD-97-181,GAO,15489,8
GAO_GAO-12-232T,GAO,3115,2
GAO_GAO-07-761,GAO,7211,4
GAO_GAO-04-1004T,GAO,2294,2
GAO_GAO-14-347,GAO,8411,5
GAO_GAO-06-273,GAO,10717,6
GAO_GGD-95-35,GAO,32794,17
GAO_NSIAD-97-26,GAO,9635,5
GAO_NSIAD-98-153,GAO,6340,4
GAO_GAO-16-527T,GAO,7113,4
GAO_GAO-05-787,GAO,10114,5
GAO_GAO-06-333T,GAO,2840,2
GAO_GAO-08-133T,GAO,6513,4
GAO_GAO-05-571T,GAO,2965,2
GAO_GAO-12-541T,GAO,4144,3
GAO_GAO-12-1044T,GAO,2795,2
GAO_GGD-98-39,GAO,7091,4
GAO_GAO-08-502,GAO,20308,10
GAO_GAO-06-357T,GAO,2926,2
GAO_GAO-13-433T,GAO,5487,3
GAO_GAO-13-624,GAO,8097,4
GAO_GAO-14-688,GAO,12560,7
GAO_GAO-06-1089T,GAO,5131,3
GAO_GAO-17-184,GAO,8470,5
GAO_GAO-16-192,GAO,6411,4
GAO_GAO-09-773T,GAO,4558,3
GAO_AIMD-96-86,GAO,9355,5
GAO_GAO-11-773T,GAO,7385,4
GAO_T-NSIAD-96-217,GAO,5978,3
GAO_GAO-04-417,GAO,11479,6
GAO_GAO-07-1098T,GAO,9181,5
GAO_GAO-13-39,GAO,9917,5
GAO_NSIAD-97-156,GAO,5536,3
GAO_GGD-96-166,GAO,10726,6
GAO_GAO-17-352,GAO,15364,8
GAO_GAO-11-381,GAO,20192,10
GAO_RCED-95-16,GAO,5523,3
GAO_GAO-08-483,GAO,15171,8
GAO_GAO-04-505T,GAO,6814,4
GAO_GAO-08-1178T,GAO,3604,2
GAO_GAO-17-267,GAO,11793,6
GAO_GAO-13-679T,GAO,5547,3
GAO_GAO-02-472T,GAO,7091,4
GAO_GAO-03-846,GAO,17551,9
GAO_GAO-11-309,GAO,14233,7
GAO_GAO-02-1049,GAO,4689,3
GAO_GAO-08-547,GAO,11230,6
GAO_GAO-17-388,GAO,9796,5
GAO_GAO-12-993,GAO,6422,4
GAO_NSIAD-96-30,GAO,10869,6
GAO_GAO-05-469,GAO,10880,6
GAO_GAO-14-748T,GAO,2508,2
GAO_GAO-09-532T,GAO,2622,2
GAO_T-NSIAD-97-256,GAO,12511,7
GAO_GAO-12-433,GAO,7660,4
GAO_GAO-11-331T,GAO,10423,6
GAO_GAO-11-867T,GAO,2898,2
GAO_T-AIMD-96-133,GAO,7749,4
GAO_GAO-01-775T,GAO,4410,3
GAO_GAO-05-768,GAO,16512,9
GAO_GAO-17-277,GAO,10523,6
GAO_GAO-10-930T,GAO,3327,2
GAO_GAO-03-185,GAO,4481,3
GAO_GAO-09-361T,GAO,2594,2
GAO_GAO-13-474,GAO,14724,8
GAO_GAO-12-367,GAO,16306,8
GAO_GAO-06-1107T,GAO,4770,3
GAO_GAO-05-726,GAO,13324,7
GAO_GAO-05-277,GAO,22846,12
GAO_GAO-07-921,GAO,21077,11
GAO_GAO-08-812T,GAO,4739,3
GAO_GAO-15-114,GAO,8567,5
GAO_GAO-08-743T,GAO,10393,6
GAO_GAO-11-256,GAO,15168,8
GAO_NSIAD-98-8,GAO,11215,6
GAO_GAO-05-284T,GAO,15887,8
GAO_AIMD-98-122,GAO,13082,7
GAO_GAO-04-540,GAO,7618,4
GAO_GAO-08-1012,GAO,11812,6
GAO_GAO-04-354,GAO,13499,7
GAO_GAO-13-528,GAO,6630,4
GAO_GAO-05-96,GAO,18297,9
GAO_GAO-01-599,GAO,3165,2
GAO_AIMD-99-24,GAO,12516,7
GAO_GAO-13-597,GAO,12145,6
GAO_GAO-03-297T,GAO,7688,4
GAO_GAO-14-143,GAO,4205,3
GAO_GAO-08-29,GAO,19296,10
GAO_GAO-09-675,GAO,11768,6
GAO_T-GGD-98-142,GAO,6246,4
GAO_GAO-07-592,GAO,19219,10
GAO_NSIAD-96-84,GAO,5775,3
GAO_GAO-09-488,GAO,10063,5
GAO_GAO-15-178,GAO,16658,9
GAO_NSIAD-98-134,GAO,17160,9
GAO_RCED-97-34,GAO,4097,3
GAO_GAO-06-608T,GAO,6633,4
GAO_GAO-16-104,GAO,11573,6
GAO_GAO-06-557T,GAO,8265,5
GAO_GAO-16-269,GAO,7196,4
GAO_GGD-98-111,GAO,14552,8
GAO_GGD-98-11,GAO,11632,6
GAO_GAO-13-467T,GAO,6748,4
GAO_AIMD-97-133,GAO,4932,3
GAO_GAO-16-304,GAO,3390,2
GAO_GAO-14-266,GAO,4851,3
GAO_GAO-14-595,GAO,9008,5
GAO_GAO-16-217T,GAO,4031,2
GAO_GAO-14-425,GAO,5348,3
GAO_GAO-09-106,GAO,14116,7
GAO_GAO-11-574,GAO,22656,12
GAO_AIMD-98-53,GAO,8392,5
GAO_HEHS-96-55,GAO,17522,9
GAO_GAO-04-1028,GAO,4557,3
GAO_GAO-12-2,GAO,11438,6
GAO_GAO-04-808,GAO,20034,10
GAO_GAO-05-612,GAO,16142,8
GAO_GAO-05-956,GAO,27022,14
GAO_GAO-11-731T,GAO,4936,3
GAO_GAO-08-27,GAO,13589,7
GAO_GAO-06-1055,GAO,36059,18
GAO_GGD-95-99,GAO,6270,4
GAO_GAO-15-7,GAO,6617,4
GAO_GGD-99-103,GAO,31471,16
GAO_GAO-03-482,GAO,16679,9
GAO_GAO-16-199T,GAO,4554,3
GAO_GAO-03-356,GAO,7414,4
GAO_GAO-05-390T,GAO,6181,4
GAO_GAO-01-6,GAO,7583,4
GAO_GAO-10-723,GAO,20761,11
GAO_GAO-10-289,GAO,13152,7
GAO_GAO-03-237,GAO,2719,2
GAO_GAO-08-284,GAO,17692,9
GAO_GAO-13-121,GAO,16694,9
GAO_GAO-10-257,GAO,10980,6
GAO_GAO-05-631T,GAO,4333,3
GAO_GAO-01-881T,GAO,4727,3
GAO_GAO-12-23,GAO,9023,5
GAO_RCED-95-245,GAO,22161,11
GAO_GAO-03-10,GAO,6016,3
GAO_GAO-01-1016,GAO,5409,3
GAO_GAO-01-302,GAO,3206,2
GAO_GAO-16-38,GAO,14120,7
GAO_GAO-07-851,GAO,5317,3
GAO_GAO-02-282,GAO,17031,9
GAO_GAO-12-222,GAO,9018,5
GAO_GAO-17-545T,GAO,5927,3
GAO_HEHS-99-17,GAO,7116,4
GAO_GAO-04-689,GAO,7678,4
GAO_GAO-03-890T,GAO,5709,3
GAO_GAO-17-242,GAO,7474,4
GAO_GAO-12-89,GAO,12736,7
GAO_GAO-12-957,GAO,16537,9
GAO_NSIAD-99-12,GAO,4075,2
GAO_GAO-15-503,GAO,11290,6
GAO_GAO-04-1070,GAO,6256,4
GAO_GAO-14-235T,GAO,2962,2
GAO_GAO-03-1035T,GAO,4530,3
GAO_GAO-02-9,GAO,5288,3
GAO_GAO-02-682T,GAO,5391,3
GAO_GAO-11-166,GAO,24021,12
GAO_GAO-07-51,GAO,18949,10
GAO_GAO-07-408,GAO,14505,8
GAO_GAO-03-670,GAO,12273,6
GAO_GAO-14-850,GAO,19625,10
GAO_GAO-09-1009T,GAO,5946,3
GAO_GAO-06-75,GAO,11028,6
GAO_GAO-12-599T,GAO,4858,3
GAO_T-GGD-97-97,GAO,2962,2
GAO_GAO-04-56,GAO,12509,7
GAO_GAO-07-870,GAO,11835,6
GAO_GAO-07-65,GAO,5687,3
GAO_GAO-06-648,GAO,6911,4
GAO_GAO-06-88,GAO,11147,6
GAO_GAO-05-432T,GAO,13406,7
GAO_GAO-12-735,GAO,14525,8
GAO_NSIAD-98-130,GAO,5641,3
GAO_GAO-16-494,GAO,11517,6
GAO_GAO-11-74,GAO,34475,17
GAO_HEHS-98-79,GAO,20599,11
GAO_GAO-03-837,GAO,7638,4
GAO_GAO-17-762T,GAO,4063,2
GAO_RCED-97-156,GAO,9743,5
GAO_GAO-09-899T,GAO,7260,4
GAO_GAO-03-486,GAO,11320,6
GAO_GAO-15-335,GAO,11440,6
GAO_GAO-11-272,GAO,4873,3
GAO_GAO-09-50,GAO,8389,5
GAO_GGD-99-48,GAO,9718,5
GAO_GAO-14-778,GAO,16484,9
GAO_GAO-13-685T,GAO,3151,2
GAO_GAO-16-720,GAO,8346,5
GAO_GAO-08-177T,GAO,5138,3
GAO_GAO-14-447,GAO,13093,7
GAO_GAO-08-424,GAO,12992,7
GAO_RCED-98-104,GAO,5452,3
GAO_GAO-16-642,GAO,14516,8
GAO_GAO-04-376,GAO,12241,6
GAO_GAO-13-486,GAO,7634,4
GAO_GAO-05-274,GAO,5243,3
GAO_GAO-03-160,GAO,6754,4
GAO_GGD-95-222,GAO,10959,6
GAO_T-RCED-97-220,GAO,3504,2
GAO_GAO-06-586T,GAO,6297,4
GAO_GAO-03-773,GAO,11079,6
GAO_GAO-03-7,GAO,17793,9
GAO_GGD-97-42,GAO,19184,10
GAO_GAO-14-396T,GAO,4958,3
GAO_NSIAD-97-3,GAO,7206,4
GAO_GAO-03-6,GAO,13208,7
GAO_GAO-12-932,GAO,8041,4
GAO_GAO-07-1092,GAO,13173,7
GAO_GAO-01-488,GAO,23255,12
GAO_GGD-98-5,GAO,45582,23
GAO_GAO-12-941T,GAO,3414,2
GAO_GAO-07-252T,GAO,6730,4
GAO_GAO-13-325,GAO,8916,5
GAO_GAO-03-550,GAO,6396,4
GAO_GAO-03-1037T,GAO,10477,6
GAO_GAO-11-482T,GAO,5701,3
GAO_GAO-03-440,GAO,3889,2
GAO_GAO-08-976,GAO,5974,3
GAO_GAO-06-1027T,GAO,4553,3
GAO_RCED-98-8,GAO,10919,6
GAO_GAO-01-449,GAO,13060,7
GAO_RCED-98-228,GAO,8040,4
GAO_GAO-05-1016T,GAO,11128,6
GAO_GAO-13-540,GAO,10392,6
GAO_GAO-04-488,GAO,10435,6
GAO_GAO-10-403,GAO,6145,4
GAO_GAO-02-406,GAO,14449,8
GAO_GAO-02-202,GAO,5134,3
GAO_GAO-08-523T,GAO,4651,3
GAO_GAO-01-288,GAO,20713,11
GAO_RCED-98-51,GAO,6707,4
GAO_GAO-14-740,GAO,17865,9
GAO_GAO-03-910,GAO,18233,9
GAO_GAO-09-585,GAO,7972,4
GAO_GAO-11-227,GAO,13296,7
GAO_T-AIMD-96-1,GAO,6084,3
GAO_GAO-10-123,GAO,17298,9
GAO_GAO-10-523,GAO,14051,7
GAO_GAO-09-352,GAO,12386,7
GAO_HEHS-96-184,GAO,9165,5
GAO_GAO-10-478T,GAO,5090,3
GAO_GAO-10-405T,GAO,2773,2
GAO_GAO-02-987,GAO,12206,6
GAO_GAO-09-316,GAO,6418,4
GAO_GAO-11-48,GAO,14934,8
GAO_GAO-04-937,GAO,11531,6
GAO_GAO-10-10,GAO,11585,6
GAO_GAO-08-610,GAO,7871,4
GAO_GAO-15-839,GAO,10192,5
GAO_GAO-12-1007,GAO,7586,4
GAO_GAO-08-600,GAO,19580,10
GAO_GAO-07-627,GAO,9796,5
GAO_GAO-11-138,GAO,16819,9
GAO_GAO-01-428,GAO,19692,10
GAO_HEHS-95-208,GAO,9907,5
GAO_GAO-12-660T,GAO,3441,2
GAO_GAO-08-795T,GAO,5741,3
GAO_GAO-07-383,GAO,12808,7
GAO_GAO-08-46,GAO,14547,8
GAO_HEHS-96-207,GAO,8465,5
GAO_GAO-12-680,GAO,12180,6
GAO_GAO-01-590,GAO,12783,7
GAO_GAO-06-1093,GAO,9381,5
GAO_GAO-15-525,GAO,6604,4
GAO_HEHS-97-3,GAO,8883,5
GAO_GAO-12-651T,GAO,4545,3
GAO_GAO-10-310T,GAO,4234,3
GAO_GAO-16-461T,GAO,4904,3
GAO_T-NSIAD-98-44,GAO,4196,3
GAO_GAO-10-469,GAO,15753,8
GAO_GAO-17-150,GAO,10413,6
GAO_GAO-07-92,GAO,12695,7
GAO_AIMD-99-21,GAO,4247,3
GAO_GAO-06-544,GAO,6976,4
GAO_GAO-07-860,GAO,15929,8
GAO_GAO-03-334,GAO,8168,4
GAO_NSIAD-98-26,GAO,9865,5
GAO_GAO-13-255,GAO,15122,8
GAO_GAO-03-761,GAO,10299,6
GAO_GAO-09-44,GAO,7226,4
GAO_GAO-13-721,GAO,13913,7
GAO_GAO-02-901T,GAO,7463,4
GAO_GAO-02-959,GAO,9025,5
GAO_T-HEHS-98-126,GAO,2502,2
GAO_GAO-11-461T,GAO,2285,2
GAO_GAO-17-365,GAO,11783,6
GAO_GAO-14-646,GAO,3585,2
GAO_RCED-99-31,GAO,9356,5
GAO_GAO-10-784,GAO,14996,8
GAO_GAO-02-552T,GAO,3902,2
GAO_GAO-15-722T,GAO,4438,3
GAO_GAO-16-506T,GAO,2745,2
GAO_GAO-04-299,GAO,35531,18
GAO_GAO-08-292,GAO,13532,7
GAO_GAO-11-730,GAO,15078,8
GAO_RCED-99-80,GAO,12670,7
GAO_GAO-07-202,GAO,5452,3
GAO_T-NSIAD-98-115,GAO,10675,6
GAO_GAO-09-481T,GAO,5946,3
GAO_GAO-17-486T,GAO,6458,4
GAO_GAO-11-739,GAO,8084,4
GAO_GAO-07-83,GAO,16224,8
GAO_GAO-12-748,GAO,10472,6
GAO_GAO-17-768,GAO,9980,5
GAO_GAO-11-449T,GAO,5224,3
GAO_GAO-17-467,GAO,21841,11
GAO_GAO-10-318T,GAO,3339,2
GAO_NSIAD-98-16,GAO,5230,3
GAO_GAO-16-39,GAO,5692,3
GAO_GAO-17-584T,GAO,5579,3
GAO_T-GGD-98-72,GAO,3480,2
GAO_GAO-13-852T,GAO,3886,2
GAO_GAO-03-605,GAO,7648,4
GAO_NSIAD-96-75,GAO,6932,4
GAO_GAO-04-768T,GAO,7176,4
GAO_GAO-01-181,GAO,13014,7
GAO_GAO-17-652,GAO,11509,6
GAO_GAO-17-691,GAO,9601,5
GAO_GAO-02-57,GAO,4377,3
GAO_GAO-06-989,GAO,6505,4
GAO_GAO-08-135T,GAO,5477,3
GAO_GAO-02-444,GAO,13877,7
GAO_GAO-14-489,GAO,8843,5
GAO_GAO-12-631,GAO,8929,5
GAO_GAO-03-16,GAO,16064,8
GAO_GAO-10-899,GAO,11526,6
GAO_GAO-03-947,GAO,9426,5
GAO_RCED-98-216,GAO,9427,5
GAO_GAO-15-551,GAO,6908,4
GAO_GAO-14-97,GAO,11202,6
GAO_GAO-01-1070,GAO,9387,5
GAO_GAO-12-833,GAO,15833,8
GAO_GGD-98-34,GAO,7241,4
GAO_GAO-11-11,GAO,13419,7
GAO_GAO-06-883,GAO,16724,9
GAO_GAO-02-111,GAO,17422,9
GAO_GAO-02-900T,GAO,7463,4
GAO_GAO-16-543,GAO,12274,6
GAO_GAO-08-672,GAO,7660,4
GAO_GAO-05-167,GAO,5827,3
GAO_NSIAD-96-97,GAO,11965,6
GAO_GAO-14-743T,GAO,4970,3
GAO_GAO-09-129,GAO,15573,8
GAO_GAO-14-373,GAO,6646,4
GAO_GAO-07-1022T,GAO,2786,2
GAO_GAO-12-491,GAO,14142,7
GAO_T-AIMD-96-165,GAO,7929,4
GAO_GAO-09-37,GAO,6159,4
GAO_GAO-06-113T,GAO,4139,3
GAO_GAO-15-131,GAO,40868,20
GAO_HEHS-96-180,GAO,5713,3
GAO_GAO-16-194T,GAO,5456,3
GAO_GAO-05-1020T,GAO,5534,3
GAO_GAO-16-585,GAO,19393,10
GAO_GAO-14-796T,GAO,4398,3
GAO_GAO-12-619,GAO,17134,9
GAO_GAO-09-430T,GAO,5726,3
GAO_GAO-05-157,GAO,8659,5
GAO_GAO-01-697,GAO,8490,5
GAO_GAO-12-732,GAO,15683,8
GAO_GAO-17-364,GAO,11264,6
GAO_NSIAD-95-23,GAO,5290,3
GAO_GAO-04-718,GAO,4115,3
GAO_GAO-07-881,GAO,16742,9
GAO_GAO-08-399,GAO,10749,6
GAO_GAO-13-574T,GAO,2580,2
GAO_GAO-12-613,GAO,13197,7
GAO_GAO-14-519,GAO,15514,8
GAO_GAO-14-865T,GAO,4533,3
GAO_GAO-11-722,GAO,6049,3
GAO_GAO-01-204,GAO,15339,8
GAO_AIMD-95-22,GAO,5594,3
GAO_GAO-16-815T,GAO,3177,2
GAO_GAO-06-966,GAO,10451,6
GAO_GAO-03-251,GAO,24924,13
GAO_GAO-02-1033,GAO,9402,5
GAO_GAO-05-133,GAO,7413,4
GAO_GAO-12-439,GAO,6277,4
GAO_GAO-03-578,GAO,8409,5
GAO_AIMD-98-173,GAO,5396,3
GAO_GAO-11-842T,GAO,7343,4
GAO_NSIAD-97-164,GAO,5249,3
GAO_GAO-02-382,GAO,20791,11
GAO_GAO-03-519T,GAO,6902,4
GAO_GAO-10-781,GAO,12211,6
GAO_GAO-03-850,GAO,12374,7
GAO_GAO-12-52,GAO,4673,3
GAO_GAO-13-522,GAO,8368,5
GAO_GAO-04-377,GAO,10577,6
GAO_GAO-05-129,GAO,5616,3
GAO_GAO-13-61,GAO,7498,4
GAO_GAO-06-160,GAO,16015,8
GAO_GAO-11-413T,GAO,3508,2
GAO_GAO-08-605,GAO,17660,9
GAO_OCE-98-83,GAO,6900,4
GAO_GAO-10-530T,GAO,3467,2
GAO_GAO-03-1088,GAO,5788,3
GAO_GAO-06-664,GAO,16422,9
GAO_GAO-04-245,GAO,11166,6
GAO_NSIAD-96-4,GAO,3655,2
GAO_GAO-06-581T,GAO,4652,3
GAO_GAO-06-248T,GAO,4119,3
GAO_GAO-14-719,GAO,5858,3
GAO_GAO-13-155,GAO,7492,4
GAO_NSIAD-99-41,GAO,7549,4
GAO_GAO-04-418T,GAO,9336,5
GAO_GAO-12-87,GAO,9198,5
GAO_GAO-07-216,GAO,3252,2
GAO_GAO-07-998T,GAO,4673,3
GAO_T-NSIAD-96-213,GAO,4288,3
GAO_GAO-10-490,GAO,7447,4
GAO_NSIAD-97-24,GAO,6410,4
GAO_GAO-13-245,GAO,6709,4
GAO_GAO-03-314,GAO,17242,9
GAO_GAO-15-259,GAO,15626,8
GAO_GAO-05-946,GAO,12897,7
GAO_GAO-07-1104T,GAO,4320,3
GAO_GAO-13-606,GAO,9691,5
GAO_GAO-07-683T,GAO,6164,4
GAO_GAO-07-805,GAO,6670,4
GAO_GAO-02-614,GAO,14123,7
GAO_T-HEHS-98-146,GAO,3826,2
GAO_T-AIMD-98-262,GAO,7209,4
GAO_GAO-16-315,GAO,4756,3
GAO_HEHS-98-25,GAO,13861,7
GAO_GAO-05-223,GAO,28278,14
GAO_GAO-13-29,GAO,7322,4
GAO_GAO-06-167,GAO,9584,5
GAO_GAO-06-328,GAO,8488,5
GAO_GAO-09-742,GAO,7325,4
GAO_RCED-96-19,GAO,11015,6
GAO_NSIAD-96-170,GAO,8503,5
GAO_GAO-03-136,GAO,4571,3
GAO_GAO-04-541,GAO,12845,7
GAO_GAO-05-1027T,GAO,4382,3
GAO_GAO-10-689,GAO,23007,12
GAO_T-AIMD-97-54,GAO,3491,2
GAO_GAO-10-226,GAO,14865,8
GAO_GAO-04-269T,GAO,8821,5
GAO_GAO-03-350,GAO,10065,5
GAO_NSIAD-98-92,GAO,4295,3
GAO_GAO-01-542,GAO,4761,3
GAO_NSIAD-99-38,GAO,8142,4
GAO_T-NSIAD-98-220,GAO,5059,3
GAO_GAO-07-349,GAO,19760,10
GAO_GAO-08-319,GAO,7146,4
GAO_GAO-16-710,GAO,3469,2
GAO_GAO-09-46,GAO,19640,10
GAO_GAO-05-435,GAO,23502,12
GAO_GAO-05-43,GAO,6725,4
GAO_HEHS-99-12,GAO,5786,3
GAO_GAO-15-466,GAO,14079,7
GAO_GAO-01-705T,GAO,2553,2
GAO_GAO-02-122,GAO,6053,3
GAO_GAO-06-220T,GAO,7981,4
GAO_GAO-05-345,GAO,15820,8
GAO_GAO-01-846,GAO,7388,4
GAO_GAO-08-519,GAO,12429,7
GAO_GAO-03-988T,GAO,4460,3
GAO_GAO-16-46,GAO,13404,7
GAO_GAO-08-100,GAO,9004,5
GAO_GAO-01-682,GAO,12170,6
GAO_GAO-14-122,GAO,18616,10
GAO_GAO-08-1059,GAO,7659,4
GAO_GAO-02-627T,GAO,6091,3
GAO_GAO-07-466,GAO,12406,7
GAO_GGD-98-37,GAO,64470,32
GAO_GAO-04-705,GAO,21335,11
GAO_GAO-08-415,GAO,12070,6
GAO_GAO-03-454,GAO,10084,5
GAO_GAO-17-501,GAO,12934,7
GAO_GGD-98-6,GAO,22690,12
GAO_HEHS-95-24,GAO,31530,16
GAO_GAO-06-100,GAO,15890,8
GAO_GAO-03-155,GAO,11025,6
GAO_GAO-15-633,GAO,8152,4
GAO_GAO-14-402,GAO,6108,3
GAO_GAO-02-799,GAO,6478,4
GAO_GAO-09-561,GAO,13471,7
GAO_GAO-08-647T,GAO,4221,3
GAO_GAO-06-514,GAO,9166,5
GAO_T-HEHS-96-205,GAO,3521,2
GAO_GAO-10-678,GAO,11839,6
GAO_GAO-13-228,GAO,15597,8
GAO_GAO-08-788,GAO,15297,8
GAO_GAO-09-910T,GAO,4801,3
GAO_GAO-02-98,GAO,6185,4
GAO_GAO-10-304,GAO,18452,10
GAO_GAO-16-707T,GAO,5920,3
GAO_GAO-02-507T,GAO,4243,3
GAO_GAO-15-159,GAO,9695,5
GAO_T-AIMD-98-221,GAO,3190,2
GAO_T-HEHS-98-144,GAO,2713,2
GAO_GAO-16-57,GAO,8480,5
GAO_T-AIMD-00-314,GAO,6323,4
GAO_GAO-16-88,GAO,8267,5
GAO_GAO-15-52,GAO,17458,9
GAO_AIMD-97-8,GAO,38867,19
GAO_GAO-16-630,GAO,39988,20
GAO_GGD-95-66,GAO,33751,17
GAO_GAO-01-490,GAO,9236,5
GAO_GAO-14-47T,GAO,3938,2
GAO_GAO-02-985T,GAO,7316,4
GAO_T-GGD-96-110,GAO,4126,3
GAO_GAO-15-390,GAO,12239,6
GAO_GAO-08-1114,GAO,7045,4
GAO_GAO-06-134,GAO,11642,6
GAO_GAO-04-332,GAO,6840,4
GAO_T-GGD-98-123,GAO,3671,2
GAO_GAO-16-392,GAO,8294,5
GAO_PEMD-95-20,GAO,15768,8
GAO_GAO-12-707,GAO,15178,8
GAO_GAO-09-470,GAO,9433,5
GAO_GAO-08-458T,GAO,3066,2
GAO_GAO-06-475,GAO,7504,4
GAO_GAO-03-436,GAO,17514,9
GAO_GAO-06-43,GAO,19536,10
GAO_GAO-06-108,GAO,14063,7
GAO_GAO-12-711,GAO,7072,4
GAO_GAO-16-871T,GAO,2324,2
GAO_GAO-14-126,GAO,8127,4
GAO_GAO-06-15,GAO,11178,6
GAO_GAO-04-1009,GAO,11801,6
GAO_GAO-17-416,GAO,13040,7
GAO_GAO-06-550T,GAO,6313,4
GAO_NSIAD-97-15,GAO,5046,3
GAO_GAO-16-272T,GAO,10813,6
GAO_GAO-07-785T,GAO,2862,2
GAO_GAO-04-603,GAO,3233,2
GAO_GAO-17-715,GAO,10520,6
GAO_GAO-15-543,GAO,14235,7
GAO_RCED-96-108,GAO,5038,3
GAO_GAO-14-663,GAO,6068,3
GAO_GAO-02-897,GAO,14221,7
GAO_GAO-07-1258T,GAO,4872,3
GAO_GAO-02-70,GAO,16528,9
GAO_GAO-09-702T,GAO,5583,3
GAO_GAO-16-239,GAO,10524,6
GAO_GAO-12-901,GAO,8018,4
GAO_T-GGD-96-185,GAO,8727,5
GAO_GAO-03-472,GAO,21012,11
GAO_GAO-17-114,GAO,11960,6
GAO_GAO-04-94,GAO,23353,12
GAO_T-AIMD-98-73,GAO,4987,3
GAO_GAO-10-197,GAO,16460,9
GAO_GAO-03-723,GAO,7597,4
GAO_NSIAD-98-35,GAO,7312,4
GAO_NSIAD-96-165,GAO,7578,4
GAO_GGD-96-53,GAO,6092,3
GAO_HEHS-98-74,GAO,17843,9
GAO_GAO-07-368,GAO,7623,4
GAO_GAO-07-519,GAO,9685,5
GAO_GAO-15-41,GAO,13257,7
GAO_GAO-06-259,GAO,15895,8
GAO_GAO-08-249T,GAO,2793,2
GAO_GAO-03-905,GAO,11474,6
GAO_GAO-08-885,GAO,37480,19
GAO_GAO-02-445,GAO,12735,7
GAO_GGD-96-70,GAO,8685,5
GAO_GAO-16-619,GAO,6504,4
GAO_GAO-05-548,GAO,9445,5
GAO_GAO-14-8,GAO,11816,6
GAO_T-HEHS-98-148,GAO,2709,2
GAO_GAO-15-647,GAO,10487,6
GAO_GAO-02-542,GAO,5739,3
GAO_GGD-97-4,GAO,6541,4
GAO_GAO-01-822,GAO,17812,9
GAO_GAO-10-88,GAO,8289,5
GAO_GAO-17-279T,GAO,5363,3
GAO_GAO-02-835,GAO,9708,5
GAO_GAO-02-462,GAO,8153,4
GAO_GAO-06-103,GAO,15140,8
GAO_GAO-12-412,GAO,18956,10
GAO_GAO-09-539T,GAO,3597,2
GAO_GAO-11-849,GAO,12295,7
GAO_GAO-09-303,GAO,11287,6
GAO_GAO-08-225T,GAO,5237,3
GAO_GAO-07-764,GAO,10705,6
GAO_GAO-14-566,GAO,4808,3
GAO_GAO-04-798T,GAO,9663,5
GAO_GAO-07-596T,GAO,7633,4
GAO_GAO-04-670T,GAO,7788,4
GAO_RCED-96-63,GAO,8655,5
GAO_GAO-08-587T,GAO,3508,2
GAO_RCED-97-82,GAO,12292,7
GAO_GAO-13-8,GAO,9115,5
GAO_GAO-07-70,GAO,7096,4
GAO_GAO-09-344,GAO,17647,9
GAO_GAO-04-205T,GAO,7785,4
GAO_GAO-12-1011T,GAO,4045,2
GAO_GGD-95-5,GAO,7698,4
GAO_NSIAD-98-149,GAO,6305,4
GAO_GAO-02-493,GAO,12421,7
GAO_GAO-16-117,GAO,9589,5
GAO_HEHS-98-123,GAO,3894,2
GAO_GAO-08-883T,GAO,4586,3
GAO_GAO-15-807,GAO,9315,5
GAO_GAO-06-1096T,GAO,8164,4
GAO_NSIAD-98-68,GAO,12488,7
GAO_GAO-10-819,GAO,14537,8
GAO_GAO-05-185,GAO,25217,13
GAO_GAO-07-84,GAO,10725,6
GAO_GAO-09-336,GAO,14170,7
GAO_HEHS-95-186,GAO,15914,8
GAO_GAO-03-471,GAO,5172,3
GAO_HEHS-99-64,GAO,3518,2
GAO_GAO-11-603,GAO,15149,8
GAO_GAO-03-405,GAO,18028,9
GAO_GAO-09-800T,GAO,3664,2
GAO_GAO-06-1032T,GAO,4785,3
GAO_OSI-97-1,GAO,5679,3
GAO_GAO-12-890,GAO,10887,6
GAO_GAO-07-442T,GAO,10238,5
GAO_GAO-10-447T,GAO,4900,3
GAO_RCED-95-68,GAO,5841,3
GAO_GAO-13-63,GAO,11164,6
GAO_GAO-06-341,GAO,15507,8
GAO_GAO-11-372,GAO,38925,20
GAO_GAO-12-37,GAO,14021,7
GAO_T-RCED-98-120,GAO,3374,2
GAO_GAO-08-877,GAO,10802,6
GAO_GAO-08-246T,GAO,5815,3
GAO_GAO-03-639,GAO,8179,4
GAO_GAO-14-17,GAO,10937,6
GAO_GAO-05-878,GAO,7411,4
GAO_GAO-13-698,GAO,7955,4
GAO_GAO-05-927,GAO,11560,6
GAO_GAO-13-805,GAO,19420,10
GAO_RCED-99-3,GAO,4909,3
GAO_GAO-11-581,GAO,10152,5
GAO_GAO-05-294,GAO,13192,7
GAO_GAO-16-645,GAO,15786,8
GAO_GAO-16-864,GAO,12940,7
GAO_GAO-15-380T,GAO,6788,4
GAO_NSIAD-96-29,GAO,17151,9
GAO_GAO-14-697,GAO,5981,3
GAO_GGD-96-152,GAO,9231,5
GAO_GAO-10-555T,GAO,3640,2
GAO_GAO-04-188,GAO,11912,6
GAO_RCED-96-176,GAO,9891,5
GAO_HEHS-98-130,GAO,12387,7
GAO_GGD-98-85,GAO,6923,4
GAO_NSIAD-97-209,GAO,4900,3
GAO_GAO-04-722,GAO,11244,6
GAO_GGD-99-104,GAO,10534,6
GAO_T-RCED-98-33,GAO,4731,3
GAO_HEHS-96-62,GAO,17209,9
GAO_GAO-17-132,GAO,4970,3
GAO_GAO-14-32,GAO,9587,5
GAO_RCED-95-144FS,GAO,4420,3
GAO_GAO-03-163,GAO,20075,10
GAO_HEHS-97-202,GAO,6288,4
GAO_GAO-16-383,GAO,5801,3
GAO_GAO-11-874,GAO,4866,3
GAO_GAO-07-784T,GAO,8642,5
GAO_GAO-08-144T,GAO,5128,3
GAO_AIMD-98-5,GAO,14085,7
GAO_GGD-95-63,GAO,11592,6
GAO_GAO-14-492T,GAO,3205,2
GAO_GAO-07-730T,GAO,6294,4
GAO_GAO-05-33,GAO,54950,27
GAO_GAO-14-268,GAO,11539,6
GAO_AIMD-98-184,GAO,4175,3
GAO_T-RCED-98-123,GAO,4882,3
GAO_GAO-07-945,GAO,13497,7
GAO_GAO-16-182,GAO,10806,6
GAO_GAO-07-817,GAO,9655,5
GAO_GAO-01-684,GAO,4354,3
GAO_GAO-15-699T,GAO,4436,3
GAO_GAO-09-525T,GAO,4573,3
GAO_RCED-96-92,GAO,14231,7
GAO_GAO-09-437T,GAO,4356,3
GAO_GAO-08-824,GAO,4169,3
GAO_GAO-07-156,GAO,14011,7
GAO_AIMD-98-86,GAO,10478,6
GAO_GAO-03-423,GAO,20185,10
GAO_GAO-04-785T,GAO,9914,5
GAO_GAO-13-297T,GAO,6323,4
GAO_GAO-12-351,GAO,8166,4
GAO_GAO-07-275,GAO,11048,6
GAO_GAO-06-749T,GAO,6443,4
GAO_GAO-13-743,GAO,19215,10
GAO_GAO-10-461,GAO,7533,4
GAO_T-HEHS-98-242,GAO,3492,2
GAO_GAO-08-608T,GAO,5426,3
GAO_AIMD-98-268,GAO,5555,3
GAO_GAO-12-129T,GAO,3504,2
GAO_GAO-06-798,GAO,10534,6
GAO_GAO-16-599,GAO,10050,5
GAO_GAO-13-353,GAO,14107,7
GAO_GAO-04-580T,GAO,7318,4
GAO_GAO-14-589,GAO,9766,5
GAO_GAO-14-77,GAO,11736,6
GAO_GAO-14-33,GAO,13629,7
GAO_GAO-03-1062,GAO,19186,10
GAO_GAO-11-613,GAO,18540,10
GAO_GAO-09-482,GAO,12288,6
GAO_HEHS-96-117,GAO,5562,3
GAO_GAO-04-454,GAO,4863,3
GAO_HEHS-98-109,GAO,30784,16
GAO_GAO-07-859T,GAO,3970,2
GAO_GAO-04-579T,GAO,3697,2
GAO_GAO-05-250,GAO,5024,3
GAO_GAO-16-363,GAO,6694,4
GAO_GAO-04-519,GAO,13818,7
GAO_GAO-10-164,GAO,16262,8
GAO_GAO-17-714,GAO,9684,5
GAO_GAO-06-753,GAO,11218,6
GAO_GAO-11-645T,GAO,4529,3
GAO_GAO-06-193,GAO,9773,5
GAO_GAO-08-689,GAO,12408,7
GAO_GAO-08-1039,GAO,8949,5
GAO_GAO-06-484T,GAO,6859,4
GAO_GAO-03-828,GAO,9416,5
GAO_GAO-10-237,GAO,10949,6
GAO_RCED-97-104,GAO,5274,3
GAO_GAO-02-813,GAO,17973,9
GAO_GAO-03-976,GAO,11575,6
GAO_GAO-14-13,GAO,14342,8
GAO_GAO-09-663T,GAO,4273,3
GAO_GAO-04-528,GAO,14113,7
GAO_GGD-96-223,GAO,3110,2
GAO_GAO-10-867,GAO,17409,9
GAO_GAO-07-599T,GAO,4209,3
GAO_GAO-02-99,GAO,3170,2
GAO_GAO-02-117,GAO,8870,5
GAO_GAO-04-627T,GAO,3599,2
GAO_GAO-17-81,GAO,12089,6
GAO_GAO-02-147,GAO,5567,3
GAO_RCED-98-236,GAO,10066,5
GAO_HEHS-00-148,GAO,5231,3
GAO_GAO-17-123,GAO,15500,8
GAO_GAO-15-459,GAO,6748,4
GAO_GAO-04-666,GAO,8264,5
GAO_GAO-07-253,GAO,32377,16
GAO_GAO-03-679,GAO,26736,14
GAO_GAO-13-211,GAO,10876,6
GAO_GGD-99-157,GAO,19542,10
GAO_HEHS-97-46,GAO,9604,5
GAO_GAO-16-750,GAO,12082,6
GAO_GAO-02-186,GAO,12412,7
GAO_GAO-16-62,GAO,20201,10
GAO_GAO-07-1257T,GAO,4196,3
GAO_GAO-06-670,GAO,14636,8
GAO_GAO-12-665,GAO,9658,5
GAO_GAO-01-793,GAO,6906,4
GAO_HEHS-98-189,GAO,2347,2
GAO_GAO-07-551T,GAO,5376,3
GAO_GAO-10-592,GAO,11479,6
GAO_GAO-11-207,GAO,10473,6
GAO_GAO-07-680,GAO,10342,6
GAO_GAO-13-619,GAO,20775,11
GAO_HEHS-96-3,GAO,8944,5
GAO_GAO-05-20,GAO,16784,9
GAO_GAO-04-825T,GAO,7041,4
GAO_GAO-15-110,GAO,15232,8
GAO_GAO-14-821,GAO,30948,16
GAO_GAO-10-327,GAO,6174,4
GAO_GAO-05-352T,GAO,10056,5
GAO_GAO-02-67,GAO,8013,4
GAO_GAO-04-584T,GAO,7667,4
GAO_GAO-01-605,GAO,13184,7
GAO_GAO-02-751,GAO,8488,5
GAO_NSIAD-97-18,GAO,14004,7
GAO_GAO-14-63,GAO,7163,4
GAO_GAO-15-706,GAO,12210,6
GAO_GAO-12-708,GAO,10762,6
GAO_GAO-08-881T,GAO,7347,4
GAO_GAO-16-102,GAO,9892,5
GAO_GAO-02-547T,GAO,7735,4
GAO_GAO-13-621,GAO,19365,10
GAO_GAO-01-631,GAO,13487,7
GAO_GAO-14-819,GAO,6811,4
GAO_GAO-11-881,GAO,45466,23
GAO_GAO-07-299,GAO,20705,11
GAO_RCED-96-5,GAO,20482,11
GAO_GAO-12-209,GAO,13732,7
GAO_NSIAD-99-22,GAO,3639,2
GAO_GAO-14-606,GAO,9229,5
GAO_GAO-15-239,GAO,10906,6
GAO_GAO-17-173,GAO,6359,4
GAO_GAO-07-1195,GAO,16778,9
GAO_T-HEHS-97-222,GAO,4242,3
GAO_GAO-01-91,GAO,7041,4
GAO_GAO-15-106,GAO,14498,8
GAO_GGD-96-1,GAO,20989,11
GAO_GAO-16-553,GAO,4727,3
GAO_GAO-04-904T,GAO,3112,2
GAO_GAO-14-19,GAO,7168,4
GAO_GAO-11-828T,GAO,3861,2
GAO_T-AIMD-99-188,GAO,4301,3
GAO_GAO-13-37,GAO,16130,8
GAO_RCED-95-198,GAO,15439,8
GAO_GAO-08-791,GAO,25249,13
GAO_GAO-16-561,GAO,12376,7
GAO_GAO-05-882,GAO,20698,11
GAO_T-NSIAD-96-239,GAO,3297,2
GAO_GAO-08-568T,GAO,8042,4
GAO_GAO-12-844,GAO,10490,6
GAO_GAO-01-606,GAO,7835,4
GAO_GAO-03-233,GAO,21170,11
GAO_GAO-01-483,GAO,13936,7
GAO_GAO-03-874T,GAO,5350,3
GAO_GAO-11-932T,GAO,6567,4
GAO_GAO-15-19,GAO,10125,5
GAO_GAO-16-245,GAO,11522,6
GAO_GAO-03-180,GAO,6408,4
GAO_PEMD-96-7,GAO,28438,14
GAO_GAO-02-55,GAO,14089,7
GAO_GAO-01-742T,GAO,4313,3
GAO_GAO-15-64,GAO,7160,4
GAO_GAO-07-826T,GAO,4515,3
GAO_GAO-02-603,GAO,8823,5
GAO_GAO-06-833T,GAO,6500,4
GAO_GAO-15-238,GAO,22121,11
GAO_GAO-16-242,GAO,14500,8
GAO_GGD-96-63,GAO,9184,5
GAO_GAO-03-872T,GAO,3723,2
GAO_NSIAD-96-23,GAO,3832,2
GAO_GAO-17-42,GAO,5962,3
GAO_GAO-16-314T,GAO,4323,3
GAO_GAO-06-894,GAO,12519,7
GAO_GAO-16-718,GAO,8068,4
GAO_GAO-16-390,GAO,12072,6
GAO_GAO-12-158,GAO,10435,6
GAO_GAO-13-718,GAO,4898,3
GAO_RCED-96-144,GAO,9367,5
GAO_GAO-01-1023,GAO,3446,2
GAO_GAO-04-358,GAO,4616,3
GAO_GAO-04-357,GAO,8247,5
GAO_GAO-17-266,GAO,6943,4
GAO_GAO-09-701T,GAO,3104,2
GAO_GAO-06-594,GAO,5973,3
GAO_GAO-15-69,GAO,7846,4
GAO_GAO-07-254T,GAO,9791,5
GAO_GAO-15-648T,GAO,3435,2
GAO_GAO-13-9,GAO,8248,5
GAO_AIMD-98-25,GAO,3706,2
GAO_NSIAD-96-158,GAO,5117,3
GAO_GAO-10-333,GAO,35366,18
GAO_GAO-09-67,GAO,10327,6
GAO_GAO-08-1021T,GAO,4175,3
GAO_GAO-08-140T,GAO,8083,4
GAO_GAO-15-780,GAO,6704,4
GAO_GAO-07-346,GAO,13217,7
GAO_AIMD-97-66,GAO,6300,4
GAO_GAO-05-404,GAO,9413,5
GAO_GAO-06-656,GAO,16172,8
GAO_GAO-15-376,GAO,10086,5
GAO_T-AIMD-98-161,GAO,5993,3
GAO_GAO-07-1054,GAO,15987,8
GAO_HEHS-98-94,GAO,5252,3
GAO_GAO-09-628T,GAO,4449,3
GAO_NSIAD-98-128,GAO,11666,6
GAO_GAO-02-37,GAO,14114,7
GAO_T-RCED-97-133,GAO,2755,2
GAO_GAO-04-247,GAO,9870,5
GAO_GAO-08-684,GAO,18973,10
GAO_GAO-03-376T,GAO,7045,4
GAO_GAO-09-622,GAO,16505,9
GAO_GAO-10-91,GAO,6783,4
GAO_GAO-16-118,GAO,10282,6
GAO_GAO-11-29,GAO,6966,4
GAO_GAO-15-118,GAO,5828,3
GAO_GAO-10-571T,GAO,7824,4
GAO_AIMD-98-168,GAO,10741,6
GAO_GAO-01-975T,GAO,3470,2
GAO_GAO-16-607,GAO,9782,5
GAO_GAO-17-119,GAO,23358,12
GAO_GAO-05-357T,GAO,13614,7
GAO_GAO-12-30,GAO,8954,5
GAO_GAO-06-91,GAO,8236,5
GAO_T-AIMD-97-85,GAO,4537,3
GAO_GAO-03-973,GAO,9940,5
GAO_RCED-97-11,GAO,8515,5
GAO_GAO-13-135,GAO,3731,2
GAO_GAO-08-686T,GAO,4211,3
GAO_RCED-00-126,GAO,20454,10
GAO_GAO-11-89,GAO,7922,4
GAO_GAO-11-909,GAO,15342,8
GAO_GAO-10-21,GAO,14751,8
GAO_AIMD-98-119,GAO,4469,3
GAO_GAO-08-30,GAO,9567,5
GAO_T-NSIAD-97-187,GAO,6910,4
GAO_GAO-12-743,GAO,20854,11
GAO_GAO-04-610,GAO,11630,6
GAO_NSIAD-97-82,GAO,7187,4
GAO_GAO-10-366T,GAO,4082,2
GAO_RCED-99-98,GAO,15833,8
GAO_GAO-16-744,GAO,11674,6
GAO_GAO-13-87,GAO,6115,3
GAO_GAO-06-1007,GAO,13831,7
GAO_GAO-09-406T,GAO,6396,4
GAO_NSIAD-96-86,GAO,4100,3
GAO_GAO-05-567T,GAO,5080,3
GAO_GAO-04-730T,GAO,10827,6
GAO_GAO-11-114,GAO,11308,6
GAO_GAO-09-731,GAO,8379,5
GAO_GAO-03-748,GAO,11559,6
GAO_GAO-01-785,GAO,10577,6
GAO_PEMD-95-6,GAO,10876,6
GAO_GAO-12-646,GAO,8621,5
GAO_GAO-14-593,GAO,11954,6
GAO_GAO-08-191T,GAO,6217,4
GAO_GGD-97-40,GAO,17063,9
GAO_GAO-07-582T,GAO,4513,3
GAO_GAO-06-978,GAO,12756,7
GAO_GAO-12-610,GAO,14689,8
GAO_GAO-01-774,GAO,5449,3
GAO_GAO-16-26,GAO,13876,7
GAO_GAO-11-570,GAO,9508,5
GAO_AIMD-99-57,GAO,10672,6
GAO_GAO-10-857T,GAO,3951,2
GAO_GAO-04-115,GAO,8592,5
GAO_GAO-07-643,GAO,16865,9
GAO_GAO-17-622,GAO,7270,4
GAO_GAO-12-390,GAO,7455,4
GAO_GAO-11-656,GAO,22265,11
GAO_GAO-04-90,GAO,13319,7
GAO_GAO-12-524,GAO,13083,7
GAO_GAO-10-778T,GAO,4558,3
GAO_GAO-13-28,GAO,9620,5
GAO_GAO-01-947,GAO,17009,9
GAO_GAO-10-480,GAO,8376,5
GAO_GAO-08-784,GAO,13200,7
GAO_GAO-02-969T,GAO,2722,2
GAO_GAO-17-694,GAO,10526,6
GAO_GAO-03-709,GAO,13295,7
GAO_GAO-04-458T,GAO,2271,2
GAO_T-RCED-97-130,GAO,2646,2
GAO_GAO-13-65,GAO,7711,4
GAO_GAO-13-630,GAO,5389,3
GAO_NSIAD-97-254,GAO,19074,10
GAO_GAO-07-943T,GAO,7633,4
GAO_GAO-11-926T,GAO,4869,3
GAO_GAO-15-532T,GAO,6870,4
GAO_RCED-95-1,GAO,13915,7
GAO_GAO-11-411,GAO,21656,11
GAO_GAO-14-647,GAO,7569,4
GAO_GAO-17-399,GAO,4534,3
GAO_GAO-06-356,GAO,8514,5
GAO_GAO-06-573T,GAO,6188,4
GAO_GAO-06-203,GAO,9230,5
GAO_GAO-04-921,GAO,15161,8
GAO_GAO-14-435,GAO,14819,8
GAO_GAO-12-464T,GAO,2765,2
GAO_GAO-06-666,GAO,8844,5
GAO_GAO-14-781T,GAO,3753,2
GAO_GAO-13-722,GAO,9288,5
GAO_GAO-12-22,GAO,13163,7
GAO_GAO-16-306,GAO,11819,6
GAO_GAO-06-657T,GAO,4424,3
GAO_GGD-99-57,GAO,13307,7
GAO_AIMD-95-226,GAO,6698,4
GAO_GAO-05-563,GAO,14420,8
GAO_GAO-13-775,GAO,11351,6
GAO_GAO-01-800,GAO,14123,7
GAO_GAO-10-855T,GAO,2541,2
GAO_GAO-09-349T,GAO,7910,4
GAO_GAO-01-743T,GAO,3022,2
GAO_GAO-10-55,GAO,11804,6
GAO_GAO-08-473T,GAO,4575,3
GAO_GAO-01-366,GAO,9235,5
GAO_NSIAD-95-159,GAO,5536,3
GAO_NSIAD-96-45,GAO,7888,4
GAO_GAO-12-196T,GAO,6050,3
GAO_GAO-03-171T,GAO,4022,2
GAO_GAO-01-900,GAO,11609,6
GAO_GAO-13-663,GAO,15153,8
GAO_GAO-07-370T,GAO,4228,3
GAO_GAO-03-352G,GAO,5805,3
GAO_GAO-10-665T,GAO,5106,3
GAO_GAO-14-43,GAO,8950,5
GAO_GAO-08-1169T,GAO,6414,4
GAO_GAO-06-1087T,GAO,5713,3
GAO_NSIAD-95-28,GAO,11244,6
GAO_GAO-05-891T,GAO,3852,2
GAO_GAO-14-85,GAO,13772,7
GAO_GAO-07-479,GAO,17804,9
GAO_GAO-13-590T,GAO,10968,6
GAO_RCED-95-74,GAO,9224,5
GAO_GAO-07-612T,GAO,4309,3
GAO_GAO-12-788,GAO,8663,5
GAO_T-GGD-96-103,GAO,6096,3
GAO_GAO-07-724T,GAO,6022,3
GAO_GAO-13-831,GAO,11994,6
GAO_GAO-06-1031,GAO,20172,10
GAO_GAO-10-708T,GAO,3090,2
GAO_GAO-13-451T,GAO,5113,3
GAO_GAO-11-759T,GAO,4067,2
GAO_GAO-11-518,GAO,7986,4
GAO_GAO-15-626,GAO,11566,6
GAO_GAO-11-782T,GAO,3128,2
GAO_HEHS-97-63,GAO,12467,7
GAO_GAO-15-654T,GAO,6221,4
GAO_RCED-97-17,GAO,10500,6
GAO_GAO-12-563T,GAO,6719,4
GAO_GAO-11-395,GAO,6471,4
GAO_GAO-12-361,GAO,10029,5
GAO_NSIAD-96-212,GAO,17674,9
GAO_GAO-16-356,GAO,17247,9
GAO_GAO-15-502,GAO,9958,5
GAO_GAO-14-873T,GAO,4755,3
GAO_GAO-15-203,GAO,9621,5
GAO_NSIAD-99-10,GAO,9084,5
GAO_GAO-17-612T,GAO,3784,2
GAO_GAO-04-550T,GAO,4907,3
GAO_GAO-16-358T,GAO,3539,2
GAO_GAO-12-956,GAO,6887,4
GAO_GAO-15-670,GAO,12436,7
GAO_GAO-11-846,GAO,13955,7
GAO_GAO-03-413,GAO,16504,9
GAO_GAO-11-662,GAO,7070,4
GAO_GAO-03-900,GAO,15208,8
GAO_GAO-13-797,GAO,24914,13
GAO_GAO-07-78,GAO,11080,6
GAO_GAO-06-948T,GAO,3736,2
GAO_GAO-11-394T,GAO,6893,4
GAO_GAO-06-916,GAO,8503,5
GAO_GAO-08-934T,GAO,8950,5
GAO_GAO-06-206,GAO,5662,3
GAO_GAO-05-743T,GAO,5482,3
GAO_GAO-01-866,GAO,39001,20
GAO_GGD-97-10,GAO,3893,2
GAO_GAO-14-619T,GAO,5458,3
GAO_GAO-16-644,GAO,12845,7
GAO_HEHS-98-42,GAO,4585,3
GAO_GAO-05-10,GAO,20235,10
GAO_AIMD-99-44,GAO,9530,5
GAO_GAO-06-104,GAO,34723,17
GAO_PEMD-95-26,GAO,7999,4
GAO_GAO-01-1116T,GAO,2594,2
GAO_GAO-06-781,GAO,11937,6
GAO_GAO-03-950,GAO,5780,3
GAO_GAO-09-99,GAO,8619,5
GAO_GAO-15-223,GAO,10501,6
GAO_GAO-07-1115T,GAO,4944,3
GAO_GAO-02-501T,GAO,5097,3
GAO_GAO-14-563T,GAO,5843,3
GAO_HEHS-95-74,GAO,17750,9
GAO_GAO-05-759T,GAO,3828,2
GAO_GAO-04-581,GAO,13179,7
GAO_GAO-14-855,GAO,6517,4
GAO_HEHS-97-15,GAO,8408,5
GAO_GAO-06-1090T,GAO,5520,3
GAO_GAO-05-518,GAO,16302,8
GAO_GAO-01-441,GAO,10688,6
GAO_GAO-13-89,GAO,11984,6
GAO_GAO-02-305,GAO,11891,6
GAO_GAO-06-492T,GAO,5793,3
GAO_GAO-13-676,GAO,15779,8
GAO_GAO-15-328,GAO,15347,8
GAO_GAO-11-750,GAO,16492,9
GAO_GAO-02-743,GAO,7976,4
GAO_GAO-03-1028,GAO,12655,7
GAO_GAO-03-979,GAO,4331,3
GAO_GAO-06-939T,GAO,1971,1
GAO_AIMD-98-157,GAO,5525,3
GAO_GAO-05-480,GAO,6974,4
GAO_GAO-03-598,GAO,5394,3
GAO_GAO-15-345,GAO,22989,12
GAO_GAO-05-36,GAO,16036,8
GAO_HEHS-99-97,GAO,7957,4
GAO_GAO-09-149,GAO,13149,7
GAO_HEHS-98-21,GAO,10598,6
GAO_GAO-10-296,GAO,11892,6
GAO_GAO-14-745,GAO,14764,8
GAO_GAO-16-325,GAO,7382,4
GAO_GAO-05-58,GAO,5802,3
GAO_GAO-03-847,GAO,11121,6
GAO_GAO-09-454,GAO,8685,5
GAO_GAO-05-701,GAO,11728,6
GAO_GAO-09-820,GAO,2450,2
GAO_GAO-14-267T,GAO,3694,2
GAO_GGD-98-54,GAO,6920,4
GAO_GAO-02-796,GAO,8939,5
GAO_GAO-05-629T,GAO,11420,6
GAO_GAO-05-427,GAO,12730,7
GAO_GAO-03-1021,GAO,16185,8
GAO_GAO-09-190,GAO,8621,5
GAO_GAO-09-761,GAO,7268,4
GAO_GAO-05-9,GAO,10326,6
GAO_GAO-07-584,GAO,22740,12
GAO_GAO-04-333,GAO,15132,8
GAO_RCED-96-216,GAO,5864,3
GAO_GAO-11-736T,GAO,7385,4
GAO_GAO-04-713,GAO,4641,3
GAO_GAO-15-521,GAO,27568,14
GAO_GAO-04-820,GAO,4721,3
GAO_GAO-06-905T,GAO,7880,4
GAO_GAO-08-776T,GAO,4959,3
GAO_GAO-04-952,GAO,6454,4
GAO_GAO-01-539T,GAO,5112,3
GAO_GAO-11-338T,GAO,4789,3
GAO_GGD-97-60,GAO,8413,5
GAO_GAO-01-722,GAO,19605,10
GAO_GAO-15-687,GAO,3385,2
GAO_RCED-97-14,GAO,8740,5
GAO_GAO-14-565,GAO,11541,6
GAO_NSIAD-96-7,GAO,5505,3
GAO_GAO-13-22,GAO,33597,17
GAO_GAO-06-361,GAO,23737,12
GAO_GAO-17-512,GAO,8884,5
GAO_GAO-08-196,GAO,14394,8
GAO_GAO-04-491,GAO,9176,5
GAO_GAO-03-551T,GAO,6411,4
GAO_GAO-05-240,GAO,6984,4
GAO_GGD-96-174,GAO,18541,10
GAO_GAO-05-720,GAO,10016,5
GAO_GAO-02-879,GAO,16960,9
GAO_GAO-11-330T,GAO,2373,2
GAO_GAO-12-691T,GAO,3743,2
GAO_T-GGD-99-35,GAO,5309,3
GAO_RCED-96-41,GAO,6144,3
GAO_GAO-01-995T,GAO,15588,8
GAO_HEHS-99-91,GAO,10045,5
GAO_GAO-10-402,GAO,8725,5
GAO_GAO-15-297,GAO,13966,7
GAO_GAO-11-260T,GAO,2337,2
GAO_GAO-11-273,GAO,12652,7
GAO_GAO-03-612T,GAO,4650,3
GAO_GAO-09-431T,GAO,7906,4
GAO_RCED-97-27,GAO,13353,7
GAO_GAO-17-661,GAO,5631,3
GAO_GAO-10-947,GAO,9210,5
GAO_GAO-01-448,GAO,3109,2
GAO_GAO-04-663,GAO,16530,9
GAO_GAO-16-219,GAO,6730,4
GAO_GAO-16-867T,GAO,2824,2
GAO_GAO-06-727,GAO,23072,12
GAO_GAO-02-1132T,GAO,7299,4
GAO_GAO-17-434T,GAO,2492,2
GAO_GAO-15-388T,GAO,6143,3
GAO_GAO-14-14,GAO,8048,4
GAO_GAO-06-387,GAO,26480,13
GAO_GAO-08-869T,GAO,2359,2
GAO_GAO-12-705T,GAO,2753,2
GAO_GAO-02-774,GAO,5338,3
GAO_GAO-11-355,GAO,10426,6
GAO_HEHS-96-65,GAO,11761,6
GAO_T-NSIAD-98-249,GAO,4353,3
GAO_GAO-01-863,GAO,9442,5
GAO_GAO-10-766,GAO,9298,5
GAO_GAO-01-442,GAO,7726,4
GAO_GAO-17-48,GAO,32910,17
GAO_GAO-11-391,GAO,7119,4
GAO_GGD-95-88,GAO,18112,9
GAO_GAO-12-874,GAO,56055,28
GAO_GAO-03-196,GAO,8611,5
GAO_GAO-05-227,GAO,10579,6
GAO_GAO-12-68,GAO,14235,7
GAO_GAO-15-464,GAO,15576,8
GAO_GAO-07-22,GAO,13328,7
GAO_GAO-04-640,GAO,6223,4
GAO_GAO-07-1140T,GAO,4695,3
GAO_GAO-06-285,GAO,8424,5
GAO_GAO-06-779T,GAO,7987,4
GAO_GAO-05-419T,GAO,3357,2
GAO_GAO-13-263,GAO,12104,6
GAO_GAO-06-705,GAO,8977,5
GAO_AIMD-95-222,GAO,9285,5
GAO_GAO-09-413T,GAO,2755,2
GAO_GAO-09-566,GAO,8702,5
GAO_NSIAD-97-89,GAO,4072,2
GAO_GAO-09-556T,GAO,167,1
GAO_GAO-13-72,GAO,7624,4
GAO_GAO-15-434,GAO,15450,8
GAO_AIMD-00-10,GAO,19568,10
GAO_GAO-08-1020,GAO,10823,6
GAO_RCED-95-42,GAO,10051,5
GAO_GAO-14-59,GAO,7209,4
GAO_GAO-07-616T,GAO,12090,6
GAO_GAO-14-246,GAO,5333,3
GAO_GAO-08-492,GAO,11715,6
GAO_GAO-04-712,GAO,8912,5
GAO_GAO-12-947,GAO,3038,2
GAO_GGD-95-208,GAO,7478,4
GAO_GAO-01-843,GAO,3820,2
GAO_GAO-04-100,GAO,8493,5
GAO_GAO-17-33,GAO,8406,5
GAO_GAO-11-205,GAO,6777,4
GAO_GAO-12-48,GAO,9869,5
GAO_GAO-11-263,GAO,6871,4
GAO_GAO-08-269,GAO,9982,5
GAO_RCED-99-74,GAO,9321,5
GAO_GAO-10-439,GAO,24658,13
GAO_GAO-05-718T,GAO,2828,2
GAO_HEHS-98-28,GAO,9210,5
GAO_GAO-07-700T,GAO,4498,3
GAO_GAO-09-509,GAO,13007,7
GAO_GAO-15-385,GAO,4354,3
GAO_GAO-11-133,GAO,17689,9
GAO_GAO-16-509,GAO,10762,6
GAO_T-AIMD-96-170,GAO,6267,4
GAO_T-GGD-98-88,GAO,3479,2
GAO_GAO-01-429,GAO,15756,8
GAO_GAO-03-694,GAO,8733,5
GAO_GAO-07-150,GAO,19777,10
GAO_GAO-03-849T,GAO,5220,3
GAO_GAO-08-1073,GAO,5929,3
GAO_GAO-02-170,GAO,5248,3
GAO_NSIAD-96-169,GAO,4913,3
GAO_GAO-16-489T,GAO,3451,2
GAO_GAO-01-963,GAO,11712,6
GAO_GAO-05-557,GAO,13310,7
GAO_GGD-96-86,GAO,9567,5
GAO_GGD-98-41,GAO,17116,9
GAO_HEHS-96-16,GAO,12339,7
GAO_GAO-05-957,GAO,4681,3
GAO_T-HEHS-97-89,GAO,3596,2
GAO_GAO-11-616,GAO,51907,26
GAO_GAO-08-665,GAO,12882,7
GAO_GAO-16-660T,GAO,5711,3
GAO_GAO-15-713,GAO,14471,8
GAO_GAO-12-849,GAO,18047,9
GAO_GAO-01-671,GAO,7232,4
GAO_GAO-12-1026T,GAO,4541,3
GAO_T-GGD-96-153,GAO,5518,3
GAO_NSIAD-99-27,GAO,14157,7
GAO_GAO-11-630,GAO,11540,6
GAO_NSIAD-98-225,GAO,4660,3
GAO_GAO-07-1004,GAO,8234,5
GAO_GAO-04-405,GAO,10761,6
GAO_GAO-17-511,GAO,11091,6
GAO_T-GGD-96-192,GAO,3073,2
GAO_T-RCED-96-194,GAO,6399,4
GAO_GAO-03-763,GAO,23215,12
GAO_GAO-10-5,GAO,13082,7
GAO_GAO-04-692,GAO,9962,5
GAO_NSIAD-99-231,GAO,6554,4
GAO_GAO-04-440T,GAO,12021,6
GAO_HEHS-98-64,GAO,10026,5
GAO_GAO-09-617,GAO,13261,7
GAO_T-RCED-97-147,GAO,5067,3
GAO_GAO-01-1025,GAO,11481,6
GAO_GAO-11-721T,GAO,3565,2
GAO_GAO-04-385,GAO,14901,8
GAO_GAO-13-77,GAO,17973,9
GAO_GAO-17-619T,GAO,6068,3
GAO_GAO-03-505,GAO,11020,6
GAO_RCED-97-195,GAO,7750,4
GAO_GAO-15-82,GAO,11011,6
GAO_HEHS-96-113,GAO,9675,5
GAO_GAO-07-635T,GAO,7417,4
GAO_GAO-17-682,GAO,9976,5
GAO_GAO-16-805,GAO,12303,7
GAO_GAO-02-1075T,GAO,8525,5
GAO_AIMD-99-10,GAO,4329,3
GAO_NSIAD-98-218,GAO,6317,4
GAO_GAO-06-653T,GAO,10934,6
GAO_GAO-15-236,GAO,6412,4
GAO_GAO-01-1166T,GAO,4253,3
GAO_GAO-05-463,GAO,9678,5
GAO_GAO-16-402,GAO,7745,4
GAO_GGD-96-35,GAO,11597,6
GAO_GAO-16-135,GAO,7758,4
GAO_GAO-02-872T,GAO,3821,2
GAO_GAO-10-25,GAO,24803,13
GAO_GAO-01-344,GAO,14440,8
GAO_GAO-17-187,GAO,5800,3
GAO_GAO-13-302,GAO,6102,3
GAO_GAO-05-90,GAO,6019,3
GAO_GAO-08-491T,GAO,5549,3
GAO_GAO-06-730,GAO,28117,14
GAO_GAO-07-940,GAO,7012,4
GAO_GAO-09-358,GAO,17517,9
GAO_GAO-16-651T,GAO,4165,3
GAO_GAO-01-579,GAO,10015,5
GAO_GAO-15-116,GAO,4526,3
GAO_GAO-08-622,GAO,5638,3
GAO_OSI-00-251,GAO,8262,5
GAO_GAO-01-978,GAO,4906,3
GAO_GAO-13-189,GAO,15895,8
GAO_NSIAD-97-218,GAO,3522,2
GAO_GAO-06-863T,GAO,6176,4
GAO_GAO-12-126,GAO,5169,3
GAO_T-GGD-98-115,GAO,5779,3
GAO_GGD-00-50,GAO,10002,5
GAO_GAO-06-216T,GAO,6067,3
GAO_HEHS-95-235,GAO,6838,4
GAO_GAO-14-631,GAO,10322,6
GAO_GAO-03-667,GAO,5513,3
GAO_GGD-95-160,GAO,7473,4
GAO_GAO-09-882,GAO,8317,5
GAO_GAO-15-494T,GAO,2589,2
GAO_GAO-06-119,GAO,11859,6
GAO_GAO-08-408,GAO,21367,11
GAO_T-NSIAD-97-214,GAO,6426,4
GAO_GAO-03-337,GAO,16958,9
GAO_GAO-04-641,GAO,8394,5
GAO_GAO-12-307,GAO,2725,2
GAO_GAO-14-449,GAO,20328,10
GAO_GAO-06-958,GAO,8824,5
GAO_GAO-09-611,GAO,28517,14
GAO_GAO-04-854,GAO,22184,11
GAO_GAO-12-79,GAO,11620,6
GAO_GAO-10-201,GAO,7642,4
GAO_GAO-02-744T,GAO,3530,2
GAO_AIMD-96-170,GAO,6815,4
GAO_GAO-10-606,GAO,13356,7
GAO_AIMD-98-150,GAO,8186,4
GAO_NSIAD-99-44,GAO,9829,5
GAO_GAO-07-11,GAO,7844,4
GAO_GAO-06-714T,GAO,3957,2
GAO_GAO-06-14,GAO,10127,5
GAO_GAO-09-12,GAO,13092,7
GAO_GAO-10-1049,GAO,7926,4
GAO_OCG-95-1,GAO,5555,3
GAO_HEHS-97-35,GAO,8851,5
GAO_GAO-10-829T,GAO,7732,4
GAO_GAO-04-285T,GAO,9968,5
GAO_GAO-14-381,GAO,20094,10
GAO_GAO-05-362,GAO,7627,4
GAO_GAO-16-196T,GAO,5631,3
GAO_GAO-17-438,GAO,36118,18
GAO_GAO-13-396,GAO,17888,9
GAO_GAO-08-132T,GAO,14227,7
GAO_GAO-10-251,GAO,10306,6
GAO_NSIAD-98-99,GAO,9153,5
GAO_GAO-01-214,GAO,17462,9
GAO_GAO-14-523,GAO,5264,3
GAO_GAO-13-682,GAO,20072,10
GAO_GAO-04-231T,GAO,5979,3
GAO_GAO-02-736,GAO,6766,4
GAO_GAO-07-445,GAO,4871,3
GAO_GAO-06-247,GAO,17170,9
GAO_GAO-02-1103T,GAO,3180,2
GAO_GAO-07-865,GAO,14755,8
GAO_GAO-05-620T,GAO,2954,2
GAO_GAO-17-404T,GAO,4031,2
GAO_GAO-10-551T,GAO,10444,6
GAO_NSIAD-99-37,GAO,6036,3
GAO_GAO-14-403T,GAO,4655,3
GAO_GAO-08-342,GAO,11653,6
GAO_GAO-01-211,GAO,3705,2
GAO_GAO-14-799,GAO,10105,5
GAO_NSIAD-98-169,GAO,8100,4
GAO_GAO-05-719,GAO,36252,18
GAO_GAO-05-397T,GAO,6811,4
GAO_GAO-15-495,GAO,8329,5
GAO_GGD-98-168,GAO,7628,4
GAO_GAO-16-1,GAO,10227,5
GAO_GAO-12-501T,GAO,4140,3
GAO_GAO-07-911T,GAO,1814,1
GAO_GAO-03-1071,GAO,16353,8
GAO_GAO-06-537,GAO,6824,4
GAO_GAO-06-180T,GAO,4476,3
GAO_GAO-03-537T,GAO,3806,2
GAO_GAO-04-1003,GAO,10729,6
GAO_GAO-17-145,GAO,8017,4
GAO_GAO-11-182T,GAO,5229,3
GAO_GAO-15-755T,GAO,4140,3
GAO_GAO-13-13,GAO,5529,3
GAO_GAO-14-260,GAO,6632,4
GAO_GAO-14-7,GAO,9462,5
GAO_HEHS-96-52,GAO,8521,5
GAO_GAO-13-256,GAO,6908,4
GAO_GAO-06-12,GAO,12097,6
GAO_GAO-05-613,GAO,8157,4
GAO_T-RCED-98-74,GAO,5473,3
GAO_T-AIMD-98-63,GAO,3300,2
GAO_GAO-16-884T,GAO,2604,2
GAO_GAO-12-96,GAO,14003,7
GAO_GAO-04-947T,GAO,2742,2
GAO_GAO-12-88,GAO,9879,5
GAO_T-RCED-99-83,GAO,4652,3
GAO_GAO-15-562,GAO,9374,5
GAO_GAO-07-386T,GAO,10899,6
GAO_GAO-07-821T,GAO,4499,3
GAO_RCED-99-44,GAO,16823,9
GAO_GAO-04-17,GAO,9199,5
GAO_RCED-97-33,GAO,6715,4
GAO_GAO-04-512T,GAO,4797,3
GAO_GAO-07-31,GAO,7873,4
GAO_GAO-17-15,GAO,9784,5
GAO_GAO-05-429,GAO,6883,4
GAO_GAO-04-604,GAO,17047,9
GAO_NSIAD-98-20,GAO,4506,3
GAO_RCED-96-155,GAO,17522,9
GAO_GAO-09-140,GAO,7473,4
GAO_GAO-04-457,GAO,10560,6
GAO_GAO-09-162,GAO,17115,9
GAO_GAO-10-376,GAO,14675,8
GAO_GAO-15-447,GAO,11244,6
GAO_NSIAD-97-188,GAO,3608,2
GAO_RCED-99-52,GAO,6804,4
GAO_GAO-08-314,GAO,9923,5
GAO_GAO-17-594T,GAO,4325,3
GAO_T-HEHS-98-131,GAO,2568,2
GAO_GAO-06-1015,GAO,10435,6
GAO_GAO-05-401T,GAO,4508,3
GAO_GAO-12-427,GAO,14046,7
GAO_GAO-08-1158T,GAO,6205,4
GAO_GAO-06-86,GAO,12120,6
GAO_GAO-14-257T,GAO,4233,3
GAO_T-GGD-99-76,GAO,8319,5
GAO_RCED-95-118,GAO,5517,3
GAO_T-GGD-98-66,GAO,3329,2
GAO_GAO-05-85,GAO,13136,7
GAO_GAO-14-239,GAO,10904,6
GAO_GAO-06-614T,GAO,3876,2
GAO_GAO-07-441,GAO,15394,8
GAO_GAO-11-727,GAO,18176,9
GAO_RCED-96-233,GAO,9446,5
GAO_GAO-10-53,GAO,14983,8
GAO_GAO-10-470,GAO,5793,3
GAO_GAO-02-817,GAO,13451,7
GAO_GAO-08-364,GAO,11991,6
GAO_GAO-04-108T,GAO,21210,11
GAO_GAO-14-223,GAO,6815,4
GAO_GGD-99-125,GAO,7402,4
GAO_RCED-98-241,GAO,6874,4
GAO_GAO-06-1082,GAO,7931,4
GAO_GAO-12-73,GAO,13146,7
GAO_GAO-06-774T,GAO,4183,3
GAO_GAO-15-617,GAO,17426,9
GAO_GAO-16-430,GAO,10412,6
GAO_GAO-14-441,GAO,14853,8
GAO_GAO-09-455,GAO,8240,5
GAO_T-GGD-98-69,GAO,3414,2
GAO_GAO-17-45,GAO,14941,8
GAO_GAO-09-248,GAO,9058,5
GAO_AIMD-95-7,GAO,7062,4
GAO_GAO-16-491T,GAO,3687,2
GAO_T-NSIAD-97-110,GAO,9593,5
GAO_GAO-06-120T,GAO,2887,2
GAO_GAO-17-475T,GAO,5251,3
GAO_GAO-05-328,GAO,7178,4
GAO_RCED-99-113,GAO,3700,2
GAO_GAO-12-604,GAO,10264,6
GAO_NSIAD-97-232,GAO,3536,2
GAO_NSIAD-99-59,GAO,16955,9
GAO_NSIAD-98-29,GAO,6235,4
GAO_GAO-09-428T,GAO,5908,3
GAO_GAO-09-887T,GAO,6615,4
GAO_GAO-17-609,GAO,12972,7
GAO_GAO-08-28,GAO,9842,5
GAO_GAO-02-339,GAO,6941,4
GAO_GAO-09-927T,GAO,6349,4
GAO_HEHS-96-145,GAO,3458,2
GAO_RCED-97-41,GAO,5520,3
GAO_GAO-07-35,GAO,20968,11
GAO_GAO-16-71,GAO,12943,7
GAO_GAO-16-379,GAO,8708,5
GAO_GAO-16-557,GAO,6230,4
GAO_GAO-03-946,GAO,8362,5
GAO_GAO-08-159,GAO,16757,9
GAO_GAO-09-711T,GAO,5151,3
GAO_GAO-12-229,GAO,16886,9
GAO_GAO-14-671T,GAO,5811,3
GAO_GAO-15-534,GAO,17337,9
GAO_GAO-09-625,GAO,7305,4
GAO_GAO-01-815,GAO,8534,5
GAO_GAO-03-818,GAO,15115,8
GAO_GAO-12-332,GAO,9987,5
GAO_RCED-96-204,GAO,9326,5
GAO_GAO-11-648T,GAO,2385,2
GAO_GAO-05-139,GAO,8193,5
GAO_GGD-98-151,GAO,10739,6
GAO_AIMD-98-14,GAO,19909,10
GAO_GAO-06-818,GAO,25681,13
GAO_GAO-01-553,GAO,7604,4
GAO_HEHS-96-48,GAO,16945,9
GAO_GAO-05-789,GAO,7719,4
GAO_GAO-10-133T,GAO,2260,2
GAO_GAO-17-296,GAO,22059,11
GAO_AIMD-98-237,GAO,7781,4
GAO_GAO-06-598T,GAO,9407,5
GAO_GAO-17-67,GAO,9251,5
GAO_RCED-98-260,GAO,5805,3
GAO_GAO-15-339,GAO,13358,7
GAO_T-RCED-97-83,GAO,3728,2
GAO_GAO-06-760T,GAO,4905,3
GAO_GAO-17-137,GAO,10023,5
GAO_T-NSIAD-99-20,GAO,4885,3
GAO_GAO-01-1157T,GAO,4447,3
GAO_GAO-17-559,GAO,13891,7
GAO_GAO-07-75,GAO,10491,6
GAO_GAO-07-283,GAO,21686,11
GAO_GAO-15-29,GAO,8048,4
GAO_NSIAD-96-87,GAO,4831,3
GAO_AIMD-98-185,GAO,6555,4
GAO_GAO-05-841T,GAO,10342,6
GAO_GAO-03-544T,GAO,6617,4
GAO_AIMD-97-61,GAO,11938,6
GAO_GAO-09-205,GAO,33597,17
GAO_GAO-15-819,GAO,23160,12
GAO_GAO-06-738T,GAO,11142,6
GAO_GAO-13-733,GAO,10597,6
GAO_AIMD-95-65,GAO,4893,3
GAO_GAO-07-395T,GAO,10866,6
GAO_AIMD-98-69,GAO,6347,4
GAO_GAO-11-5,GAO,5845,3
GAO_GAO-05-898,GAO,10181,5
GAO_GAO-14-314,GAO,12809,7
GAO_GAO-11-319,GAO,6483,4
GAO_GGD-97-81,GAO,3117,2
GAO_GAO-16-9,GAO,7238,4
GAO_GAO-15-308,GAO,5919,3
GAO_GAO-11-270,GAO,6281,4
GAO_GAO-16-355,GAO,8416,5
GAO_GGD-99-124,GAO,16027,8
GAO_GAO-05-886,GAO,9355,5
GAO_GGD-98-199,GAO,17605,9
GAO_GAO-01-46,GAO,9471,5
GAO_GAO-10-836,GAO,14202,7
GAO_HEHS-00-176,GAO,9513,5
GAO_GAO-13-602T,GAO,3924,2
GAO_GAO-07-745,GAO,7596,4
GAO_GAO-01-325,GAO,8873,5
GAO_GAO-03-56,GAO,5422,3
GAO_NSIAD-95-4,GAO,4617,3
GAO_GAO-16-249,GAO,5255,3
GAO_GAO-16-201,GAO,12079,6
GAO_RCED-97-48,GAO,18040,9
GAO_GAO-10-95,GAO,11084,6
GAO_AIMD-96-4,GAO,5943,3
GAO_GAO-09-112,GAO,30108,15
GAO_GAO-13-577,GAO,10440,6
GAO_GAO-03-1148,GAO,7429,4
GAO_GAO-06-933T,GAO,5653,3
GAO_GAO-10-757,GAO,9971,5
GAO_GAO-16-734,GAO,9216,5
GAO_GAO-03-536,GAO,5987,3
GAO_AIMD-95-97,GAO,7153,4
GAO_GAO-07-424,GAO,8253,5
GAO_RCED-98-60,GAO,9526,5
GAO_GAO-03-644,GAO,20921,11
GAO_RCED-99-148,GAO,9436,5
GAO_RCED-98-223,GAO,4422,3
GAO_RCED-96-24,GAO,13341,7
GAO_NSIAD-96-13,GAO,4823,3
GAO_T-AIMD-00-128,GAO,4304,3
GAO_GAO-12-39,GAO,10503,6
GAO_GAO-07-618,GAO,6648,4
GAO_RCED-00-111,GAO,28707,15
GAO_GAO-17-84,GAO,7551,4
GAO_GAO-01-592,GAO,24348,12
GAO_GAO-17-349,GAO,10819,6
GAO_GAO-03-1016T,GAO,4365,3
GAO_GAO-02-731,GAO,9261,5
GAO_GAO-06-63,GAO,10163,5
GAO_GAO-06-628T,GAO,5025,3
GAO_HEHS-96-70,GAO,5679,3
GAO_GAO-16-396,GAO,11720,6
GAO_GAO-10-940T,GAO,6046,3
GAO_GAO-14-182,GAO,11432,6
GAO_GGD-97-14,GAO,8717,5
GAO_GAO-13-187,GAO,31483,16
GAO_GAO-03-210,GAO,8452,5
GAO_GAO-05-822T,GAO,4656,3
GAO_T-AIMD-96-60,GAO,4151,3
GAO_GAO-05-798,GAO,18010,9
GAO_GAO-01-740T,GAO,3837,2
GAO_GGD-98-28,GAO,13521,7
GAO_T-RCED-96-26,GAO,5255,3
GAO_GAO-10-972,GAO,13308,7
GAO_GAO-04-830,GAO,23290,12
GAO_T-NSIAD-97-191,GAO,4311,3
GAO_GAO-03-411,GAO,9037,5
GAO_GAO-11-634,GAO,14537,8
GAO_GAO-14-531,GAO,12016,6
GAO_GGD-96-72,GAO,10837,6
GAO_GAO-13-7,GAO,10490,6
GAO_GAO-17-169,GAO,9341,5
GAO_GAO-14-500,GAO,10046,5
GAO_GAO-12-684,GAO,15190,8
GAO_HEHS-96-20,GAO,11575,6
GAO_GAO-06-479,GAO,10567,6
GAO_GAO-17-425,GAO,15326,8
GAO_GAO-04-877,GAO,21013,11
GAO_GGD-98-21,GAO,28978,15
GAO_AIMD-98-155,GAO,6492,4
GAO_GAO-14-323,GAO,28513,14
GAO_GAO-13-342T,GAO,3054,2
GAO_GAO-07-433T,GAO,4232,3
GAO_GAO-17-243,GAO,14657,8
GAO_NSIAD-99-57,GAO,5219,3
GAO_GAO-03-666,GAO,22374,11
GAO_GAO-10-945,GAO,7302,4
GAO_GAO-07-835T,GAO,15710,8
GAO_GAO-07-1058,GAO,4371,3
GAO_GAO-12-206T,GAO,4745,3
GAO_HEHS-95-27,GAO,6513,4
GAO_GAO-15-408,GAO,6295,4
GAO_GAO-15-432,GAO,15226,8
GAO_GAO-08-188,GAO,9379,5
GAO_GAO-12-38,GAO,8497,5
GAO_GAO-17-726,GAO,13087,7
GAO_T-AIMD-97-176,GAO,2810,2
GAO_GAO-15-529T,GAO,3888,2
GAO_GAO-14-155,GAO,6784,4
GAO_GAO-13-569,GAO,6249,4
GAO_GAO-05-702,GAO,20098,10
GAO_GAO-17-211,GAO,13350,7
GAO_GAO-06-555T,GAO,4760,3
GAO_NSIAD-96-26,GAO,5553,3
GAO_GAO-01-1165T,GAO,4063,2
GAO_GGD-96-77,GAO,8566,5
GAO_GAO-16-354,GAO,11515,6
GAO_GAO-02-722,GAO,21107,11
GAO_AIMD-97-49,GAO,6057,3
GAO_GAO-09-949,GAO,6420,4
GAO_NSIAD-98-53,GAO,11447,6
GAO_GAO-05-266,GAO,12029,6
GAO_GAO-03-652,GAO,9731,5
GAO_GGD-97-28,GAO,10229,5
GAO_GAO-12-180,GAO,8508,5
GAO_GAO-04-815T,GAO,3885,2
GAO_GAO-05-534,GAO,13073,7
GAO_GAO-09-252,GAO,6337,4
GAO_GAO-13-110,GAO,10805,6
GAO_GAO-04-307,GAO,11091,6
GAO_GAO-05-873,GAO,13793,7
GAO_GGD-95-8,GAO,10274,6
GAO_GAO-15-667,GAO,13662,7
GAO_GAO-06-293,GAO,11883,6
GAO_GAO-11-228,GAO,20406,10
GAO_GAO-12-815T,GAO,9084,5
GAO_GAO-12-119,GAO,14997,8
GAO_GAO-05-710,GAO,9969,5
GAO_GAO-02-532,GAO,4697,3
GAO_GAO-02-637,GAO,10130,5
GAO_GAO-02-692,GAO,5093,3
GAO_GAO-04-759,GAO,9307,5
GAO_GAO-12-784T,GAO,3391,2
GAO_GAO-01-923,GAO,4814,3
GAO_GAO-09-712,GAO,17193,9
GAO_GGD-95-210,GAO,24987,13
GAO_GAO-16-544,GAO,11050,6
GAO_GAO-06-546,GAO,12134,6
GAO_GAO-07-781,GAO,15405,8
GAO_HEHS-96-108,GAO,16742,9
GAO_GAO-07-735,GAO,18118,9
GAO_GAO-11-73,GAO,20037,10
GAO_GAO-03-157,GAO,16022,8
GAO_GAO-08-817,GAO,7508,4
GAO_NSIAD-99-66,GAO,6304,4
GAO_GAO-06-300,GAO,10069,5
GAO_GAO-13-715,GAO,6228,4
GAO_GAO-01-718,GAO,8519,5
GAO_GAO-06-460,GAO,10526,6
GAO_RCED-98-175,GAO,6038,3
GAO_GAO-06-962,GAO,11060,6
GAO_GAO-08-1161T,GAO,3845,2
GAO_GAO-09-133,GAO,9424,5
GAO_GAO-08-215T,GAO,8341,5
GAO_GAO-16-190,GAO,14923,8
GAO_T-HEHS-96-172,GAO,7674,4
GAO_GAO-08-768,GAO,9969,5
GAO_GAO-06-674,GAO,20668,11
GAO_HEHS-97-59,GAO,14604,8
GAO_GAO-02-659T,GAO,4853,3
GAO_GAO-10-659T,GAO,4029,2
GAO_GAO-14-694,GAO,14823,8
GAO_GAO-11-58,GAO,5971,3
GAO_GAO-05-626,GAO,6421,4
GAO_GAO-08-621T,GAO,4924,3
GAO_GAO-11-462,GAO,15163,8
GAO_GAO-04-62,GAO,9245,5
GAO_GAO-05-443T,GAO,3792,2
GAO_AIMD-95-203,GAO,12048,6
GAO_GAO-15-783,GAO,12290,7
GAO_HEHS-96-130,GAO,11230,6
GAO_GAO-08-912T,GAO,4624,3
GAO_GAO-01-459,GAO,7232,4
GAO_GAO-08-569T,GAO,6764,4
GAO_GAO-13-653T,GAO,5946,3
GAO_GAO-05-730,GAO,10680,6
GAO_GAO-12-966,GAO,10117,5
GAO_GAO-11-285,GAO,12303,7
GAO_GAO-13-314,GAO,11707,6
GAO_GAO-04-415,GAO,35370,18
GAO_GAO-07-376,GAO,19057,10
GAO_GAO-10-39,GAO,11603,6
GAO_GAO-11-586,GAO,9222,5
GAO_GAO-04-1054,GAO,5892,3
GAO_GAO-10-844T,GAO,3299,2
GAO_RCED-97-64,GAO,7705,4
GAO_GAO-03-502,GAO,3820,2
GAO_GAO-13-696T,GAO,6522,4
GAO_T-GGD-98-184,GAO,2702,2
GAO_GAO-09-759T,GAO,6622,4
GAO_GAO-16-25,GAO,8291,5
GAO_GAO-04-297,GAO,11744,6
GAO_GAO-02-279,GAO,9184,5
GAO_GAO-02-563,GAO,5719,3
GAO_GAO-15-405,GAO,6407,4
GAO_T-AIMD-98-267,GAO,7187,4
GAO_NSIAD-98-160,GAO,6460,4
GAO_GAO-02-954T,GAO,7608,4
GAO_RCED-96-151,GAO,5650,3
GAO_GAO-04-203,GAO,5721,3
GAO_GAO-15-107,GAO,13893,7
GAO_GAO-08-956,GAO,12870,7
GAO_GAO-07-892,GAO,8533,5
GAO_GAO-13-176,GAO,6591,4
GAO_GAO-04-479T,GAO,8377,5
GAO_GAO-16-713,GAO,7375,4
GAO_AIMD-98-240,GAO,10081,5
GAO_GAO-08-171T,GAO,19030,10
GAO_GAO-03-864,GAO,27992,14
GAO_GAO-13-437,GAO,8249,5
GAO_GAO-15-519,GAO,6159,4
GAO_GAO-03-52,GAO,7295,4
GAO_GAO-17-324,GAO,12793,7
GAO_GAO-06-831,GAO,15858,8
GAO_AIMD-95-110,GAO,10244,6
GAO_GAO-01-191,GAO,18252,9
GAO_GAO-04-402T,GAO,4123,3
GAO_GAO-10-477,GAO,7915,4
GAO_AIMD-97-145,GAO,8565,5
GAO_GAO-12-875,GAO,11989,6
GAO_GAO-08-578,GAO,7578,4
GAO_HEHS-00-187,GAO,11380,6
GAO_GAO-07-378T,GAO,9558,5
GAO_GAO-16-617T,GAO,3082,2
GAO_GAO-06-245T,GAO,7400,4
GAO_T-AIMD-98-170,GAO,5556,3
GAO_HEHS-95-149,GAO,5673,3
GAO_GGD-95-1,GAO,10014,5
GAO_GAO-01-964,GAO,7156,4
GAO_GAO-16-572,GAO,9247,5
GAO_GAO-15-568,GAO,19193,10
GAO_GAO-11-654,GAO,9479,5
GAO_GAO-05-428T,GAO,7927,4
GAO_GAO-03-277,GAO,19908,10
GAO_HEHS-98-184,GAO,6199,4
GAO_HEHS-98-102,GAO,8141,4
GAO_GAO-05-618,GAO,8307,5
GAO_GAO-12-992,GAO,11729,6
GAO_GGD-98-112,GAO,6236,4
GAO_GAO-03-801,GAO,6540,4
GAO_GAO-05-790,GAO,16468,9
GAO_HEHS-95-102,GAO,5874,3
CRS_RL32284,CRS,5452,3
CRS_RL33318,CRS,10100,5
CRS_RS22968,CRS,2190,2
CRS_R43220,CRS,5419,3
CRS_RL34516,CRS,3079,2
CRS_R40620,CRS,4400,3
CRS_R40208,CRS,18892,10
CRS_RL33884,CRS,12007,6
CRS_R44317,CRS,6511,4
CRS_R44242,CRS,10665,6
CRS_R44643,CRS,8443,5
CRS_R45040,CRS,9255,5
CRS_R41410,CRS,7172,4
CRS_R41040,CRS,6804,4
CRS_R41439,CRS,3363,2
CRS_R44454,CRS,19604,10
CRS_98-840,CRS,4501,3
CRS_RL34070,CRS,41921,21
CRS_R40458,CRS,9758,5
CRS_R43992,CRS,10138,5
CRS_R41487,CRS,5586,3
CRS_RS20821,CRS,817,1
CRS_R43818,CRS,9701,5
CRS_R43036,CRS,3772,2
CRS_RS21582,CRS,3009,2
CRS_R41884,CRS,10301,6
CRS_R44937,CRS,3489,2
CRS_R41784,CRS,9755,5
CRS_RS22407,CRS,1917,1
CRS_R40682,CRS,21499,11
CRS_RL33386,CRS,4481,3
CRS_R41645,CRS,5330,3
CRS_RS20752,CRS,1900,1
CRS_R42561,CRS,8519,5
CRS_RL32670,CRS,11286,6
CRS_R41001,CRS,2430,2
CRS_R42772,CRS,7636,4
CRS_R43300,CRS,4143,3
CRS_RL33521,CRS,6470,4
CRS_RL33043,CRS,11509,6
CRS_R44077,CRS,7349,4
CRS_R44058,CRS,4649,3
CRS_R40859,CRS,12140,6
CRS_R43128,CRS,7074,4
CRS_RS20500,CRS,3470,2
CRS_RL33799,CRS,10968,6
CRS_R44578,CRS,4241,3
CRS_RS22185,CRS,1850,1
CRS_R44236,CRS,6166,4
CRS_RS20479,CRS,1721,1
CRS_R41108,CRS,28009,14
CRS_96-548,CRS,9901,5
CRS_R43034,CRS,14567,8
CRS_R42675,CRS,3306,2
CRS_R41037,CRS,36331,18
CRS_R41302,CRS,6602,4
CRS_RL33414,CRS,6542,4
CRS_R44624,CRS,12098,6
CRS_R41584,CRS,1832,1
CRS_R41425,CRS,3598,2
CRS_R45446,CRS,669,1
CRS_R44708,CRS,7018,4
CRS_R43264,CRS,5966,3
CRS_R41471,CRS,3808,2
CRS_RL32374,CRS,5552,3
CRS_R40132,CRS,6688,4
CRS_R45271,CRS,4391,3
CRS_RL31664,CRS,10071,5
CRS_RL31741,CRS,12878,7
CRS_RS20549,CRS,4661,3
CRS_RL33512,CRS,11372,6
CRS_R41214,CRS,10771,6
CRS_RL32375,CRS,10670,6
CRS_RL33752,CRS,13930,7
CRS_R41392,CRS,9005,5
CRS_RL33328,CRS,10633,6
CRS_R43507,CRS,10095,5
CRS_R40522,CRS,5067,3
CRS_R41339,CRS,11023,6
CRS_RS21896,CRS,2563,2
CRS_R44746,CRS,5069,3
CRS_RL34272,CRS,6543,4
CRS_R44161,CRS,10717,6
CRS_RL34243,CRS,16183,8
CRS_R44240,CRS,28822,15
CRS_R43518,CRS,12569,7
CRS_RL32163,CRS,11675,6
CRS_RL33004,CRS,5378,3
CRS_R43108,CRS,6447,4
CRS_RL34309,CRS,22514,11
CRS_RL34364,CRS,5077,3
CRS_RS22220,CRS,2325,2
CRS_RL34045,CRS,7851,4
CRS_R42335,CRS,8338,5
CRS_R43619,CRS,3311,2
CRS_RL33284,CRS,13686,7
CRS_98-972,CRS,5755,3
CRS_RL33227,CRS,4434,3
CRS_R44159,CRS,6846,4
CRS_RS21880,CRS,4032,2
CRS_R41004,CRS,10418,6
CRS_R40934,CRS,6145,4
CRS_RL33832,CRS,7659,4
CRS_R41476,CRS,7598,4
CRS_RS22438,CRS,1769,1
CRS_R41912,CRS,7071,4
CRS_RS22812,CRS,2085,2
CRS_RL33870,CRS,6033,3
CRS_R41554,CRS,6093,3
CRS_R41679,CRS,8273,5
CRS_R44686,CRS,17610,9
CRS_R44101,CRS,6669,4
CRS_RL34132,CRS,21676,11
CRS_RL30822,CRS,8335,5
CRS_R41607,CRS,15454,8
CRS_R42339,CRS,7043,4
CRS_RL33047,CRS,5969,3
CRS_RS22953,CRS,4418,3
CRS_RL31433,CRS,5410,3
CRS_R41659,CRS,1318,1
CRS_RS22388,CRS,5261,3
CRS_R41065,CRS,5968,3
CRS_RL32236,CRS,9970,5
CRS_R44939,CRS,9517,5
CRS_RL33720,CRS,2969,2
CRS_R43990,CRS,22455,11
CRS_R44290,CRS,2684,2
CRS_RL33570,CRS,4584,3
CRS_RL33316,CRS,18086,9
CRS_RL32869,CRS,20170,10
CRS_R44787,CRS,9742,5
CRS_RL34299,CRS,14518,8
CRS_R41550,CRS,14212,7
CRS_R40120,CRS,2427,2
CRS_R40109,CRS,2225,2
CRS_R41960,CRS,9016,5
CRS_R42427,CRS,15600,8
CRS_R40099,CRS,10429,6
CRS_R40717,CRS,7001,4
CRS_R43208,CRS,11364,6
CRS_R40600,CRS,8941,5
CRS_R41042,CRS,8655,5
CRS_RS20598,CRS,2990,2
CRS_R40653,CRS,6030,3
CRS_R41512,CRS,16785,9
CRS_R43705,CRS,4896,3
CRS_R40576,CRS,12593,7
CRS_R43056,CRS,5767,3
CRS_R44400,CRS,3142,2
CRS_RL34392,CRS,4291,3
CRS_R40557,CRS,2854,2
CRS_RS21698,CRS,3472,2
CRS_RL30631,CRS,9722,5
CRS_RL34478,CRS,9068,5
CRS_R43457,CRS,6328,4
CRS_RL34745,CRS,4768,3
CRS_RS22778,CRS,2499,2
CRS_R41805,CRS,9114,5
CRS_RS21332,CRS,3319,2
CRS_RL33242,CRS,3174,2
CRS_R40703,CRS,5214,3
CRS_R43365,CRS,7212,4
CRS_RL32724,CRS,19764,10
CRS_RL32615,CRS,16192,8
CRS_RL32604,CRS,5022,3
CRS_R41387,CRS,4026,2
CRS_R44095,CRS,9603,5
CRS_RS22599,CRS,2198,2
CRS_RL33456,CRS,13788,7
CRS_R42844,CRS,5078,3
CRS_R41186,CRS,4649,3
CRS_RS21435,CRS,1590,1
CRS_R42572,CRS,10725,6
CRS_RL32140,CRS,9125,5
CRS_R42787,CRS,4265,3
CRS_R41468,CRS,1971,1
CRS_R41049,CRS,9777,5
CRS_R40431,CRS,24952,13
CRS_R41865,CRS,5597,3
CRS_R43342,CRS,11930,6
CRS_R43482,CRS,13632,7
CRS_RL34313,CRS,7005,4
CRS_R42450,CRS,4109,3
CRS_RL32392,CRS,7016,4
CRS_R44138,CRS,5475,3
CRS_RL34727,CRS,9608,5
CRS_RL32502,CRS,14975,8
CRS_R45070,CRS,10306,6
CRS_R42076,CRS,5553,3
CRS_R44465,CRS,11967,6
CRS_R44909,CRS,6587,4
CRS_RL31852,CRS,13658,7
CRS_R44014,CRS,5240,3
CRS_R40145,CRS,14760,8
CRS_R43534,CRS,3109,2
CRS_RL34104,CRS,23984,12
CRS_RL32577,CRS,13059,7
CRS_R40998,CRS,2218,2
CRS_RL34013,CRS,15807,8
CRS_RS22809,CRS,19196,10
CRS_RS22877,CRS,1383,1
CRS_R41288,CRS,3520,2
CRS_R44679,CRS,6111,3
CRS_RL32645,CRS,10652,6
CRS_RS22860,CRS,4836,3
CRS_RL34340,CRS,6542,4
CRS_RS22360,CRS,4150,3
CRS_RS21360,CRS,2805,2
CRS_R43020,CRS,20985,11
CRS_R42815,CRS,6005,3
CRS_R43103,CRS,4987,3
CRS_R42661,CRS,2820,2
CRS_RS20668,CRS,2265,2
CRS_R42773,CRS,11263,6
CRS_R42816,CRS,8895,5
CRS_RS21278,CRS,3572,2
CRS_RL33301,CRS,23379,12
CRS_R42367,CRS,9957,5
CRS_RS22986,CRS,2082,2
CRS_R45424,CRS,4640,3
CRS_RL33062,CRS,17151,9
CRS_R40879,CRS,6111,3
CRS_R41809,CRS,11395,6
CRS_RS22131,CRS,5364,3
CRS_98-747,CRS,1043,1
CRS_RS20794,CRS,3082,2
CRS_RL34396,CRS,6421,4
CRS_RL34443,CRS,31533,16
CRS_RL30211,CRS,22197,11
CRS_RL30352,CRS,8187,4
CRS_R43667,CRS,8745,5
CRS_R40143,CRS,6244,4
CRS_R42408,CRS,3319,2
CRS_RL34574,CRS,8351,5
CRS_R42792,CRS,27784,14
CRS_R44941,CRS,4589,3
CRS_R40987,CRS,5133,3
CRS_R44442,CRS,11088,6
CRS_R43555,CRS,9398,5
CRS_RL32701,CRS,11399,6
CRS_R43174,CRS,11798,6
CRS_98-807,CRS,6645,4
CRS_RL32856,CRS,14287,7
CRS_RL32209,CRS,2062,2
CRS_RL34513,CRS,13708,7
CRS_R41603,CRS,4849,3
CRS_RL34055,CRS,14278,7
CRS_R44297,CRS,1359,1
CRS_R40623,CRS,29606,15
CRS_RS21845,CRS,2591,2
CRS_RS22646,CRS,1867,1
CRS_R44918,CRS,12668,7
CRS_RL32216,CRS,9804,5
CRS_RL34527,CRS,3673,2
CRS_R42401,CRS,5392,3
CRS_R43538,CRS,2711,2
CRS_R42873,CRS,11347,6
CRS_RL34466,CRS,6986,4
CRS_R43410,CRS,11591,6
CRS_RS22111,CRS,2107,2
CRS_R43711,CRS,14454,8
CRS_RL34630,CRS,5903,3
CRS_R43616,CRS,12740,7
CRS_RL34458,CRS,4723,3
CRS_R44100,CRS,3394,2
CRS_R41940,CRS,3837,2
CRS_R41218,CRS,10418,6
CRS_R41635,CRS,13075,7
CRS_R42334,CRS,8650,5
CRS_RL31923,CRS,10960,6
CRS_RL32723,CRS,25756,13
CRS_RS21989,CRS,38018,19
CRS_R41369,CRS,5876,3
CRS_RL34234,CRS,19508,10
CRS_R41704,CRS,7895,4
CRS_RS20702,CRS,2733,2
CRS_R41521,CRS,11788,6
CRS_R44944,CRS,22949,12
CRS_R40586,CRS,8154,4
CRS_R42495,CRS,3573,2
CRS_94-908,CRS,20202,10
CRS_RS22137,CRS,1854,1
CRS_R44351,CRS,17848,9
CRS_R43081,CRS,8321,5
CRS_RL33705,CRS,10499,6
CRS_R42469,CRS,10451,6
CRS_R41873,CRS,3759,2
CRS_R43040,CRS,7799,4
CRS_R40164,CRS,7011,4
CRS_RS21302,CRS,3583,2
CRS_R43049,CRS,29969,15
CRS_R44743,CRS,3297,2
CRS_R41103,CRS,7273,4
CRS_R44044,CRS,6756,4
CRS_RL30984,CRS,8018,4
CRS_R42693,CRS,3205,2
CRS_R44777,CRS,6682,4
CRS_R43976,CRS,4216,3
CRS_R42937,CRS,9805,5
CRS_RS21997,CRS,2876,2
CRS_RL33584,CRS,13038,7
CRS_R41752,CRS,12314,7
CRS_R41096,CRS,12171,6
CRS_R44295,CRS,10941,6
CRS_R43361,CRS,9565,5
CRS_RL31806,CRS,43319,22
CRS_R43755,CRS,4155,3
CRS_RS21168,CRS,10566,6
CRS_RL31171,CRS,7726,4
CRS_R44952,CRS,3512,2
CRS_RL33759,CRS,13263,7
CRS_R43957,CRS,9649,5
CRS_RS22684,CRS,3590,2
CRS_R42522,CRS,4572,3
CRS_RS22189,CRS,3219,2
CRS_R41886,CRS,10108,5
CRS_R42733,CRS,11555,6
CRS_R44505,CRS,12214,6
CRS_R45407,CRS,4240,3
CRS_RL33999,CRS,45224,23
CRS_R44288,CRS,5987,3
CRS_R45244,CRS,2273,2
CRS_R41119,CRS,13594,7
CRS_RL33307,CRS,10774,6
CRS_RL33848,CRS,7152,4
CRS_R44875,CRS,12695,7
CRS_R41652,CRS,7541,4
CRS_R42636,CRS,7521,4
CRS_R42886,CRS,5188,3
CRS_RS21767,CRS,2689,2
CRS_RL33452,CRS,7918,4
CRS_R42082,CRS,439,1
CRS_RL34703,CRS,2571,2
CRS_R43126,CRS,11550,6
CRS_RS22782,CRS,3104,2
CRS_RL30448,CRS,3671,2
CRS_R41046,CRS,4886,3
CRS_RL31402,CRS,32,1
CRS_R40715,CRS,3955,2
CRS_RL34449,CRS,8052,4
CRS_R41619,CRS,14233,7
CRS_RL32305,CRS,40007,20
CRS_RL30509,CRS,44192,22
CRS_R44399,CRS,2875,2
CRS_RL33085,CRS,9532,5
CRS_R41753,CRS,11086,6
CRS_RL31009,CRS,34570,17
CRS_R45134,CRS,2569,2
CRS_R43306,CRS,1807,1
CRS_RS22798,CRS,6663,4
CRS_RL31583,CRS,16667,9
CRS_R44607,CRS,4037,2
CRS_RS22446,CRS,4155,3
CRS_R44084,CRS,9004,5
CRS_RS20555,CRS,2156,2
CRS_RL32541,CRS,9278,5
CRS_RS21629,CRS,2285,2
CRS_R42454,CRS,8861,5
CRS_RS21511,CRS,2735,2
CRS_R45422,CRS,7798,4
CRS_R43077,CRS,5045,3
CRS_RL30727,CRS,9583,5
CRS_R45411,CRS,5856,3
CRS_R42375,CRS,7111,4
CRS_R42810,CRS,13673,7
CRS_RL33424,CRS,7821,4
CRS_RL30857,CRS,1887,1
CRS_R40444,CRS,9665,5
CRS_R43318,CRS,8248,5
CRS_RL34706,CRS,5494,3
CRS_RL32013,CRS,12442,7
CRS_RL33404,CRS,9369,5
CRS_RL33034,CRS,35241,18
CRS_R42780,CRS,2692,2
CRS_R42880,CRS,8932,5
CRS_RL32400,CRS,6548,4
CRS_R43054,CRS,18894,10
CRS_RS21270,CRS,3022,2
CRS_RL34673,CRS,13245,7
CRS_RS22103,CRS,17539,9
CRS_R45390,CRS,28382,14
CRS_R40919,CRS,23191,12
CRS_RS21569,CRS,2629,2
CRS_R44033,CRS,18387,9
CRS_R44403,CRS,4663,3
CRS_R40572,CRS,9472,5
CRS_R41238,CRS,3731,2
CRS_R43422,CRS,7440,4
CRS_RL32621,CRS,11813,6
CRS_R42476,CRS,779,1
CRS_R42062,CRS,4191,3
CRS_RL33613,CRS,5064,3
CRS_R43620,CRS,8082,4
CRS_RS22702,CRS,4700,3
CRS_RL31695,CRS,11677,6
CRS_RL30881,CRS,6526,4
CRS_RL32770,CRS,6267,4
CRS_RL31823,CRS,13071,7
CRS_R41465,CRS,8967,5
CRS_RL32947,CRS,9062,5
CRS_R42158,CRS,8030,4
CRS_R44885,CRS,6440,4
CRS_R42029,CRS,9376,5
CRS_RS22398,CRS,2689,2
CRS_R43333,CRS,16763,9
CRS_R42845,CRS,10503,6
CRS_R40888,CRS,16695,9
CRS_R44490,CRS,6068,3
CRS_RS22541,CRS,2891,2
CRS_R40499,CRS,12657,7
CRS_RS21516,CRS,902,1
CRS_RL32386,CRS,10219,5
CRS_R41907,CRS,22519,11
CRS_R40744,CRS,8851,5
CRS_R40976,CRS,4122,3
CRS_R40837,CRS,22442,11
CRS_RL30588,CRS,41690,21
CRS_R43920,CRS,3203,2
CRS_RS20506,CRS,2982,2
CRS_RL30482,CRS,17919,9
CRS_R44462,CRS,1860,1
CRS_R40902,CRS,25732,13
CRS_R42397,CRS,9251,5
CRS_RS20892,CRS,1870,1
CRS_R43380,CRS,11777,6
CRS_R43400,CRS,11096,6
CRS_RS22848,CRS,2683,2
CRS_RL34102,CRS,720,1
CRS_R43350,CRS,9165,5
CRS_R40664,CRS,18905,10
CRS_R40095,CRS,10348,6
CRS_R44249,CRS,14874,8
CRS_RL30076,CRS,22588,12
CRS_RL33794,CRS,8187,4
CRS_R43958,CRS,17227,9
CRS_R45076,CRS,1631,1
CRS_RS20060,CRS,2312,2
CRS_RL31988,CRS,6544,4
CRS_R41592,CRS,7010,4
CRS_RL34438,CRS,13011,7
CRS_95-408,CRS,7351,4
CRS_R42605,CRS,12712,7
CRS_R45127,CRS,12148,6
CRS_95-353,CRS,3391,2
CRS_R40441,CRS,4810,3
CRS_R43140,CRS,3582,2
CRS_R43923,CRS,10558,6
CRS_97-488,CRS,4645,3
CRS_R44854,CRS,14609,8
CRS_R44715,CRS,11238,6
CRS_R44316,CRS,24617,13
CRS_RS22882,CRS,2665,2
CRS_RS21671,CRS,1570,1
CRS_RL30963,CRS,6276,4
CRS_RL31119,CRS,26878,14
CRS_R42438,CRS,5855,3
CRS_R40461,CRS,9165,5
CRS_R42533,CRS,9983,5
CRS_RL34607,CRS,5011,3
CRS_R43462,CRS,10483,6
CRS_RL34325,CRS,10662,6
CRS_R41903,CRS,3525,2
CRS_RS20158,CRS,3315,2
CRS_R42885,CRS,13628,7
CRS_RL34304,CRS,17786,9
CRS_RL33531,CRS,7773,4
CRS_R43732,CRS,13267,7
CRS_RL33583,CRS,7344,4
CRS_R42621,CRS,10713,6
CRS_R43834,CRS,11029,6
CRS_R40161,CRS,7209,4
CRS_R41597,CRS,5147,3
CRS_RL33791,CRS,22953,12
CRS_RL30677,CRS,5345,3
CRS_R44720,CRS,56105,28
CRS_R44068,CRS,3603,2
CRS_R45299,CRS,12989,7
CRS_R44066,CRS,3031,2
CRS_R41925,CRS,14078,7
CRS_R43655,CRS,14480,8
CRS_R44678,CRS,7476,4
CRS_R45006,CRS,4356,3
CRS_RL33949,CRS,8701,5
CRS_R42470,CRS,8664,5
CRS_R42673,CRS,2714,2
CRS_R45103,CRS,10120,5
CRS_RL32567,CRS,14447,8
CRS_R41970,CRS,14573,8
CRS_RL32908,CRS,3628,2
CRS_R42929,CRS,8546,5
CRS_R42121,CRS,602,1
CRS_RL30465,CRS,40061,20
CRS_RL31502,CRS,26075,13
CRS_R45138,CRS,4492,3
CRS_RS21201,CRS,5099,3
CRS_R44499,CRS,5286,3
CRS_R42006,CRS,26156,13
CRS_R42971,CRS,4072,2
CRS_R42846,CRS,1042,1
CRS_R42344,CRS,8309,5
CRS_R44906,CRS,3214,2
CRS_R44243,CRS,783,1
CRS_R44484,CRS,1274,1
CRS_RS22797,CRS,6642,4
CRS_RL33360,CRS,14959,8
CRS_R45075,CRS,8305,5
CRS_RL32355,CRS,11685,6
CRS_RL33727,CRS,6292,4
CRS_R42920,CRS,7152,4
CRS_RS22685,CRS,4386,3
CRS_R40089,CRS,1480,1
CRS_R44266,CRS,7921,4
CRS_RL33384,CRS,2700,2
CRS_RL34371,CRS,7752,4
CRS_RL34605,CRS,5739,3
CRS_R44518,CRS,8198,5
CRS_RL34200,CRS,5012,3
CRS_R42827,CRS,11533,6
CRS_R40452,CRS,5971,3
CRS_98-856,CRS,1792,1
CRS_RS22924,CRS,3279,2
CRS_RS22814,CRS,2255,2
CRS_RL32705,CRS,11285,6
CRS_R40807,CRS,7327,4
CRS_RL34154,CRS,8758,5
CRS_R44649,CRS,23257,12
CRS_RL31511,CRS,13208,7
CRS_R42817,CRS,15533,8
CRS_R44360,CRS,6023,3
CRS_RL33466,CRS,11623,6
CRS_RL32716,CRS,23181,12
CRS_R44704,CRS,9963,5
CRS_R41797,CRS,10707,6
CRS_RL30876,CRS,4815,3
CRS_R44222,CRS,8115,4
CRS_R42359,CRS,2875,2
CRS_RL30153,CRS,16867,9
CRS_R42790,CRS,6757,4
CRS_RL32971,CRS,5401,3
CRS_R41070,CRS,17767,9
CRS_RL32713,CRS,12485,7
CRS_RL32686,CRS,10075,5
CRS_RL33767,CRS,3019,2
CRS_R44779,CRS,11021,6
CRS_RL32815,CRS,4921,3
CRS_98-16,CRS,11886,6
CRS_98-819,CRS,6395,4
CRS_R43195,CRS,10970,6
CRS_R41318,CRS,7406,4
CRS_RL32408,CRS,1546,1
CRS_RL33157,CRS,12272,6
CRS_RL33463,CRS,8681,5
CRS_RL31457,CRS,7145,4
CRS_RS22727,CRS,2964,2
CRS_R42680,CRS,14234,7
CRS_R44511,CRS,6354,4
CRS_R40169,CRS,7621,4
CRS_R43967,CRS,13408,7
CRS_RL34451,CRS,20654,11
CRS_R40619,CRS,5669,3
CRS_RL31983,CRS,10756,6
CRS_R44556,CRS,7977,4
CRS_RS22984,CRS,4472,3
CRS_R40440,CRS,9120,5
CRS_RS21887,CRS,3411,2
CRS_RL31764,CRS,7412,4
CRS_RL31253,CRS,11073,6
CRS_RL34611,CRS,18536,10
CRS_R43577,CRS,6600,4
CRS_R45392,CRS,18567,10
CRS_R42940,CRS,13938,7
CRS_RL32824,CRS,11735,6
CRS_R42539,CRS,18861,10
CRS_R40537,CRS,24445,12
CRS_RS21453,CRS,2055,2
CRS_R40226,CRS,17617,9
CRS_R42637,CRS,7427,4
CRS_RL34207,CRS,4002,2
CRS_R40002,CRS,5243,3
CRS_R43358,CRS,16618,9
CRS_RS21922,CRS,37151,19
CRS_R44626,CRS,9420,5
CRS_RL33777,CRS,12187,6
CRS_RL33014,CRS,7761,4
CRS_R44543,CRS,10683,6
CRS_RL30297,CRS,6418,4
CRS_R40556,CRS,3180,2
CRS_RS22406,CRS,3918,2
CRS_RS22269,CRS,3440,2
CRS_R42939,CRS,14380,8
CRS_RL33428,CRS,45045,22
CRS_R44620,CRS,12521,7
CRS_R45043,CRS,11969,6
CRS_R42594,CRS,14528,8
CRS_RL31355,CRS,9225,5
CRS_RL34720,CRS,3406,2
CRS_R41459,CRS,11063,6
CRS_RL34620,CRS,65135,32
CRS_98-208,CRS,10630,6
CRS_R44530,CRS,4727,3
CRS_R41950,CRS,5646,3
CRS_RL32235,CRS,14111,7
CRS_R42562,CRS,9459,5
CRS_R44933,CRS,2435,2
CRS_R44570,CRS,10002,5
CRS_R42361,CRS,4763,3
CRS_R41862,CRS,6044,3
CRS_R40548,CRS,6095,3
CRS_R40459,CRS,8526,5
CRS_RL34397,CRS,6430,4
CRS_R43189,CRS,7423,4
CRS_RS22291,CRS,2629,2
CRS_R43998,CRS,7050,4
CRS_R41389,CRS,13432,7
CRS_R42113,CRS,3094,2
CRS_R43430,CRS,4638,3
CRS_R41178,CRS,9779,5
CRS_RS21344,CRS,8679,5
CRS_RL32414,CRS,7273,4
CRS_RL33669,CRS,14346,8
CRS_R42591,CRS,4171,3
CRS_R40855,CRS,7794,4
CRS_RL34754,CRS,8270,5
CRS_RS21687,CRS,3434,2
CRS_RL31805,CRS,18169,9
CRS_R44272,CRS,7953,4
CRS_RL34705,CRS,4079,2
CRS_R44569,CRS,557,1
CRS_R43760,CRS,9535,5
CRS_98-808,CRS,7153,4
CRS_RL33588,CRS,15287,8
CRS_R41093,CRS,11135,6
CRS_RS22700,CRS,2651,2
CRS_R43357,CRS,10148,5
CRS_R43107,CRS,4459,3
CRS_R43206,CRS,11909,6
CRS_R42468,CRS,8918,5
CRS_R44246,CRS,4708,3
CRS_R42084,CRS,8305,5
CRS_RL32464,CRS,13368,7
CRS_R44495,CRS,9366,5
CRS_R42918,CRS,22431,11
CRS_RS22416,CRS,1583,1
CRS_RL32466,CRS,10201,5
CRS_RL33032,CRS,9200,5
CRS_R40611,CRS,24926,13
CRS_R44140,CRS,9002,5
CRS_RL30340,CRS,7177,4
CRS_R44901,CRS,2816,2
CRS_RL32506,CRS,3905,2
CRS_R44635,CRS,7517,4
CRS_R43763,CRS,5848,3
CRS_R44183,CRS,5721,3
CRS_R42150,CRS,20770,11
CRS_RS20898,CRS,14093,7
CRS_RS21586,CRS,3616,2
CRS_R44987,CRS,9814,5
CRS_RL34271,CRS,29166,15
CRS_RL32730,CRS,42015,21
CRS_R43237,CRS,19864,10
CRS_R40103,CRS,10641,6
CRS_R44971,CRS,5648,3
CRS_R42499,CRS,7234,4
CRS_RL32862,CRS,16386,9
CRS_RL33960,CRS,11678,6
CRS_R40187,CRS,8302,5
CRS_R44749,CRS,4822,3
CRS_RL34251,CRS,7662,4
CRS_RS22065,CRS,2609,2
CRS_R42133,CRS,28010,14
CRS_R43777,CRS,15928,8
CRS_R40893,CRS,7105,4
CRS_RL32088,CRS,41248,21
CRS_R44684,CRS,2324,2
CRS_R40209,CRS,3102,2
CRS_RL34684,CRS,20826,11
CRS_RL33473,CRS,7751,4
CRS_R40757,CRS,3712,2
CRS_RL33220,CRS,7486,4
CRS_R42953,CRS,7910,4
CRS_R41371,CRS,15966,8
CRS_R42927,CRS,5266,3
CRS_RL31013,CRS,11977,6
CRS_R45004,CRS,1275,1
CRS_R41689,CRS,10432,6
CRS_R44028,CRS,6558,4
CRS_RS21539,CRS,1714,1
CRS_RL33493,CRS,11428,6
CRS_RL34417,CRS,29380,15
CRS_RS21477,CRS,2442,2
CRS_RL32980,CRS,7378,4
CRS_RS20803,CRS,4254,3
CRS_R41337,CRS,15863,8
CRS_RL31841,CRS,23174,12
CRS_RL33632,CRS,8022,4
CRS_R40679,CRS,4404,3
CRS_R42870,CRS,4021,2
CRS_R44131,CRS,2017,1
CRS_RL34064,CRS,9874,5
CRS_RL34733,CRS,8928,5
CRS_RS22874,CRS,3649,2
CRS_RL30508,CRS,13076,7
CRS_RL30812,CRS,2841,2
CRS_R41496,CRS,5777,3
CRS_R44717,CRS,26303,13
CRS_RL33072,CRS,11265,6
CRS_R41973,CRS,11239,6
CRS_R43012,CRS,3957,2
CRS_RL33483,CRS,16258,8
CRS_R42934,CRS,13888,7
CRS_R42921,CRS,6007,3
CRS_R43535,CRS,6144,3
CRS_RL34700,CRS,6317,4
CRS_RL34329,CRS,7685,4
CRS_RL33610,CRS,31347,16
CRS_R43649,CRS,9113,5
CRS_RL32465,CRS,3584,2
CRS_R44397,CRS,3666,2
CRS_RL32420,CRS,11299,6
CRS_R43118,CRS,13333,7
CRS_R44753,CRS,9914,5
CRS_R44176,CRS,7908,4
CRS_R42508,CRS,7175,4
CRS_R43404,CRS,6106,3
CRS_RL32546,CRS,15729,8
CRS_R43848,CRS,15773,8
CRS_RL30624,CRS,17623,9
CRS_RL32097,CRS,15693,8
CRS_R43324,CRS,6236,4
CRS_R41716,CRS,4829,3
CRS_RL34312,CRS,8332,5
CRS_R45311,CRS,6792,4
CRS_R42759,CRS,7470,4
CRS_98-921,CRS,17000,9
CRS_R43094,CRS,12609,7
CRS_R43666,CRS,2075,2
CRS_RL32836,CRS,80,1
CRS_R45091,CRS,8764,5
CRS_R44998,CRS,7557,4
CRS_RS22479,CRS,2776,2
CRS_R42125,CRS,2943,2
CRS_RL34324,CRS,6265,4
CRS_R43305,CRS,11696,6
CRS_R43062,CRS,9055,5
CRS_R44907,CRS,5923,3
CRS_RS22286,CRS,2375,2
CRS_R40378,CRS,7755,4
CRS_R43303,CRS,4847,3
CRS_RL33467,CRS,11624,6
CRS_R44387,CRS,7587,4
CRS_R45068,CRS,4867,3
CRS_RL32890,CRS,10358,6
CRS_R43692,CRS,17848,9
CRS_R43811,CRS,6150,4
CRS_RL34276,CRS,7421,4
CRS_RS21311,CRS,3186,2
CRS_RL34109,CRS,1498,1
CRS_R43033,CRS,6143,3
CRS_RL33872,CRS,11524,6
CRS_R41048,CRS,6244,4
CRS_RL34257,CRS,8028,4
CRS_R41736,CRS,4005,2
CRS_RL32732,CRS,1424,1
CRS_R41124,CRS,5830,3
CRS_R42994,CRS,3255,2
CRS_RS22247,CRS,2898,2
CRS_RL30208,CRS,14841,8
CRS_R42872,CRS,3761,2
CRS_R45190,CRS,4891,3
CRS_R40901,CRS,7609,4
CRS_RS21356,CRS,1878,1
CRS_RS21267,CRS,3505,2
CRS_R40815,CRS,2676,2
CRS_R42001,CRS,4248,3
CRS_RL33979,CRS,18104,9
CRS_RL31533,CRS,18182,9
CRS_RS21721,CRS,7131,4
CRS_RS20962,CRS,6466,4
CRS_RL33683,CRS,4736,3
CRS_R41530,CRS,8902,5
CRS_RL33200,CRS,8807,5
CRS_R41272,CRS,10054,5
CRS_RL31589,CRS,14020,7
CRS_RL32981,CRS,4657,3
CRS_RL33162,CRS,14164,7
CRS_96-950,CRS,19538,10
CRS_R41976,CRS,4692,3
CRS_R40721,CRS,27383,14
CRS_R40644,CRS,31879,16
CRS_RL31292,CRS,8674,5
CRS_R40787,CRS,6974,4
CRS_R43044,CRS,18441,10
CRS_R41239,CRS,9426,5
CRS_R40840,CRS,3482,2
CRS_R41921,CRS,2339,2
CRS_RL33566,CRS,17998,9
CRS_RS22272,CRS,2522,2
CRS_RL30110,CRS,3144,2
CRS_R43837,CRS,14567,8
CRS_R43248,CRS,24427,12
CRS_RL31562,CRS,6665,4
CRS_R42607,CRS,18259,9
CRS_R40397,CRS,6880,4
CRS_R42441,CRS,5622,3
CRS_R45221,CRS,16005,8
CRS_R43238,CRS,8412,5
CRS_RL31674,CRS,8977,5
CRS_R42719,CRS,8072,4
CRS_R43653,CRS,12286,6
CRS_RL32363,CRS,3595,2
CRS_RL33129,CRS,4631,3
CRS_RS20557,CRS,2859,2
CRS_R43078,CRS,5523,3
CRS_R42721,CRS,3565,2
CRS_R40474,CRS,8801,5
CRS_RL34504,CRS,21067,11
CRS_RS21787,CRS,2741,2
CRS_R42703,CRS,4369,3
CRS_RL34698,CRS,3502,2
CRS_R44771,CRS,5837,3
CRS_RL30302,CRS,3869,2
CRS_R40520,CRS,12475,7
CRS_R44632,CRS,12482,7
CRS_R45334,CRS,8577,5
CRS_R43121,CRS,36055,18
CRS_RL30135,CRS,3146,2
CRS_R43109,CRS,8712,5
CRS_R44587,CRS,6052,3
CRS_R40799,CRS,7514,4
CRS_RL32930,CRS,12054,6
CRS_R44898,CRS,20508,11
CRS_R45429,CRS,2564,2
CRS_RS20721,CRS,3013,2
CRS_R41232,CRS,40008,20
CRS_RL33259,CRS,9123,5
CRS_R42101,CRS,4758,3
CRS_RL33370,CRS,8429,5
CRS_R45151,CRS,8932,5
CRS_R44961,CRS,11558,6
CRS_R43055,CRS,6460,4
CRS_R43652,CRS,7534,4
CRS_RL32060,CRS,14965,8
CRS_RL33152,CRS,15145,8
CRS_R41213,CRS,3217,2
CRS_R40833,CRS,12530,7
CRS_R40479,CRS,8208,5
CRS_RL34328,CRS,28454,14
CRS_R40743,CRS,6949,4
CRS_RL33833,CRS,3029,2
CRS_R40167,CRS,21583,11
CRS_R40899,CRS,19785,10
CRS_R43409,CRS,12585,7
CRS_RL32313,CRS,8251,5
CRS_RL33350,CRS,4554,3
CRS_R44855,CRS,17715,9
CRS_RL32852,CRS,25607,13
CRS_R45218,CRS,5536,3
CRS_R40107,CRS,23539,12
CRS_RL34253,CRS,11333,6
CRS_RL33230,CRS,5583,3
CRS_R43356,CRS,17268,9
CRS_RS22787,CRS,2962,2
CRS_R44411,CRS,3515,2
CRS_R40102,CRS,16015,8
CRS_R43787,CRS,10383,6
CRS_R44667,CRS,8080,4
CRS_R41823,CRS,6655,4
CRS_R41120,CRS,11251,6
CRS_R43657,CRS,6829,4
CRS_RL33354,CRS,19392,10
CRS_R40139,CRS,25843,13
CRS_RL30150,CRS,4544,3
CRS_R43547,CRS,7305,4
CRS_RL34756,CRS,22607,12
CRS_R40574,CRS,8801,5
CRS_R42734,CRS,7672,4
CRS_R43113,CRS,8073,4
CRS_RL33449,CRS,9008,5
CRS_RS20921,CRS,3477,2
CRS_RS21823,CRS,2769,2
CRS_RL32201,CRS,6604,4
CRS_RL32315,CRS,11340,6
CRS_R41721,CRS,39524,20
CRS_95-742,CRS,4597,3
CRS_R44106,CRS,11266,6
CRS_RL31097,CRS,6139,3
CRS_RL32968,CRS,12657,7
CRS_R44423,CRS,18805,10
CRS_R45172,CRS,8288,5
CRS_RL33410,CRS,6186,4
CRS_RL33653,CRS,22960,12
CRS_RS22077,CRS,2700,2
CRS_R44434,CRS,5433,3
CRS_R41515,CRS,9618,5
CRS_94-803,CRS,2485,2
CRS_R44500,CRS,3977,2
CRS_RL31715,CRS,30127,15
CRS_RL32521,CRS,26310,13
CRS_R43353,CRS,5550,3
CRS_R42129,CRS,3763,2
CRS_R40803,CRS,8869,5
CRS_R44094,CRS,14167,7
CRS_RL30853,CRS,10288,6
CRS_RS20783,CRS,4401,3
CRS_R41002,CRS,3026,2
CRS_R43689,CRS,10523,6
CRS_R43548,CRS,11548,6
CRS_R43628,CRS,8276,5
CRS_RL31056,CRS,8775,5
CRS_R44922,CRS,8652,5
CRS_R42941,CRS,5823,3
CRS_R42152,CRS,6857,4
CRS_RL32731,CRS,11326,6
CRS_R42869,CRS,19075,10
CRS_RL32682,CRS,9564,5
CRS_R41279,CRS,3122,2
CRS_R45347,CRS,7494,4
CRS_R40470,CRS,2965,2
CRS_RS22896,CRS,2604,2
CRS_RL33536,CRS,35957,18
CRS_R43393,CRS,3219,2
CRS_R41627,CRS,2559,2
CRS_R41932,CRS,9521,5
CRS_R41688,CRS,3496,2
CRS_R44973,CRS,9607,5
CRS_RL32500,CRS,19334,10
CRS_RL32706,CRS,2922,2
CRS_RL31191,CRS,3698,2
CRS_RL31798,CRS,18881,10
CRS_R40093,CRS,16111,8
CRS_R43199,CRS,4396,3
CRS_RL34138,CRS,12127,6
CRS_R41964,CRS,34467,17
CRS_R44233,CRS,7902,4
CRS_R44752,CRS,7444,4
CRS_RL32769,CRS,8782,5
CRS_RL34117,CRS,6565,4
CRS_RL34763,CRS,9007,5
CRS_R43624,CRS,5881,3
CRS_RS22822,CRS,2019,1
CRS_R44540,CRS,8231,5
CRS_R43709,CRS,9363,5
CRS_RL31399,CRS,8661,5
CRS_98-206,CRS,27800,14
CRS_RS22707,CRS,2483,2
CRS_RL33981,CRS,8579,5
CRS_RL31130,CRS,6285,4
CRS_R40199,CRS,2909,2
CRS_R44829,CRS,10273,6
CRS_RS20873,CRS,4176,3
CRS_RL34360,CRS,11210,6
CRS_RS20558,CRS,2282,2
CRS_RS21904,CRS,8451,5
CRS_96-228,CRS,15824,8
CRS_RL32211,CRS,6168,4
CRS_R43432,CRS,8316,5
CRS_RL31880,CRS,2353,2
CRS_R43253,CRS,9136,5
CRS_R42611,CRS,17837,9
CRS_R41853,CRS,7046,4
CRS_RL33289,CRS,4034,2
CRS_R41983,CRS,9364,5
CRS_R42064,CRS,6413,4
CRS_RL34032,CRS,7418,4
CRS_R41116,CRS,12835,7
CRS_R43993,CRS,6644,4
CRS_R45433,CRS,3964,2
CRS_R41113,CRS,2137,2
CRS_RL34017,CRS,8240,5
CRS_RL34427,CRS,29567,15
CRS_RL34704,CRS,16452,9
CRS_R42104,CRS,25551,13
CRS_R41644,CRS,3854,2
CRS_RS22121,CRS,2584,2
CRS_RL32480,CRS,6304,4
CRS_R42878,CRS,11523,6
CRS_R42672,CRS,6319,4
CRS_R42374,CRS,5285,3
CRS_R44013,CRS,10379,6
CRS_97-522,CRS,19242,10
CRS_R43872,CRS,7435,4
CRS_R45016,CRS,13074,7
CRS_R41851,CRS,10714,6
CRS_97-357,CRS,11113,6
CRS_R44949,CRS,9362,5
CRS_R44724,CRS,5839,3
CRS_RS22965,CRS,2163,2
CRS_R42612,CRS,6544,4
CRS_R42523,CRS,9884,5
CRS_R40186,CRS,2752,2
CRS_R41732,CRS,3143,2
CRS_R40100,CRS,16770,9
CRS_RL30747,CRS,7633,4
CRS_RL34144,CRS,5495,3
CRS_RL32845,CRS,8458,5
CRS_R41915,CRS,1965,1
CRS_R43565,CRS,22590,12
CRS_R43509,CRS,38077,19
CRS_R42979,CRS,16903,9
CRS_RL34103,CRS,6107,3
CRS_RL34650,CRS,5683,3
CRS_RL34517,CRS,13269,7
CRS_RL32973,CRS,2872,2
CRS_R45280,CRS,2110,2
CRS_R44765,CRS,6315,4
CRS_RL31389,CRS,22691,12
CRS_R40911,CRS,7661,4
CRS_RS22938,CRS,1697,1
CRS_R44986,CRS,13718,7
CRS_R44997,CRS,7430,4
CRS_RL34214,CRS,8977,5
CRS_R42144,CRS,5822,3
CRS_R43688,CRS,3248,2
CRS_R43459,CRS,7665,4
CRS_R43451,CRS,6038,3
CRS_RL33431,CRS,1306,1
CRS_RS22433,CRS,4397,3
CRS_R44629,CRS,5888,3
CRS_R42442,CRS,10129,5
CRS_RS21636,CRS,3208,2
CRS_R44431,CRS,3957,2
CRS_R45145,CRS,6889,4
CRS_RL32461,CRS,19793,10
CRS_R41863,CRS,7881,4
CRS_R40472,CRS,3119,2
CRS_R44810,CRS,8630,5
CRS_RL30665,CRS,5595,3
CRS_R41665,CRS,3289,2
CRS_RL31337,CRS,16336,8
CRS_R43436,CRS,7731,4
CRS_RL32001,CRS,5161,3
CRS_R42831,CRS,11277,6
CRS_R44346,CRS,20449,10
CRS_RL31135,CRS,9496,5
CRS_R43734,CRS,1885,1
CRS_RS22145,CRS,2018,1
CRS_R41803,CRS,14288,7
CRS_RL30970,CRS,16336,8
CRS_R44902,CRS,8497,5
CRS_RL33719,CRS,7131,4
CRS_R43915,CRS,34268,17
CRS_RL34346,CRS,5681,3
CRS_R41776,CRS,6351,4
CRS_R44319,CRS,5035,3
CRS_R40539,CRS,7749,4
CRS_R42513,CRS,20424,10
CRS_RL32051,CRS,7088,4
CRS_R41224,CRS,7564,4
CRS_R41189,CRS,38647,19
CRS_R42890,CRS,7591,4
CRS_R44625,CRS,6686,4
CRS_R42639,CRS,10292,6
CRS_RL33426,CRS,8418,5
CRS_RL32817,CRS,10566,6
CRS_R40913,CRS,1786,1
CRS_R44428,CRS,9291,5
CRS_RL33503,CRS,6779,4
CRS_RL34723,CRS,18222,9
CRS_R41283,CRS,1878,1
CRS_RS20294,CRS,2254,2
CRS_RL30628,CRS,21965,11
CRS_R40584,CRS,4166,3
CRS_R44895,CRS,13594,7
CRS_RL34508,CRS,4691,3
CRS_R42492,CRS,9822,5
CRS_RL34337,CRS,15927,8
CRS_RL33708,CRS,5358,3
CRS_R43307,CRS,13314,7
CRS_RL33022,CRS,29222,15
CRS_R44086,CRS,2805,2
CRS_R43228,CRS,4930,3
CRS_RL33837,CRS,19648,10
CRS_R42794,CRS,11749,6
CRS_RL34351,CRS,5105,3
CRS_R44223,CRS,4760,3
CRS_R44458,CRS,11351,6
CRS_R45019,CRS,10585,6
CRS_R41289,CRS,6015,3
CRS_R42462,CRS,5291,3
CRS_R44900,CRS,13628,7
CRS_R41576,CRS,14755,8
CRS_R43053,CRS,7227,4
CRS_R43116,CRS,13275,7
CRS_RL31016,CRS,17167,9
CRS_RL34537,CRS,13597,7
CRS_R42724,CRS,13214,7
CRS_R45177,CRS,10609,6
CRS_RS22537,CRS,1990,1
CRS_R43465,CRS,9085,5
CRS_RS21556,CRS,3372,2
CRS_R40933,CRS,10893,6
CRS_RL34736,CRS,19804,10
CRS_RL32733,CRS,25842,13
CRS_RL32357,CRS,7081,4
CRS_R44697,CRS,10715,6
CRS_RL30029,CRS,13062,7
CRS_RL34525,CRS,15937,8
CRS_R45129,CRS,10311,6
CRS_R44994,CRS,23031,12
CRS_RL34208,CRS,12292,7
CRS_R42118,CRS,5790,3
CRS_R44592,CRS,5975,3
CRS_RS21127,CRS,7132,4
CRS_R42403,CRS,4470,3
CRS_RS21135,CRS,3207,2
CRS_RS21505,CRS,3023,2
CRS_RL34355,CRS,5207,3
CRS_R40519,CRS,6205,4
CRS_R44515,CRS,12602,7
CRS_RL31605,CRS,279,1
CRS_RS21238,CRS,15304,8
CRS_R44590,CRS,10153,5
CRS_RL32899,CRS,14789,8
CRS_R42671,CRS,10946,6
CRS_R40691,CRS,2852,2
CRS_R45047,CRS,8933,5
CRS_RL32124,CRS,12411,7
CRS_RL33809,CRS,6933,4
CRS_R42022,CRS,12127,6
CRS_R42959,CRS,5171,3
CRS_RL32238,CRS,10051,5
CRS_RL32086,CRS,12301,7
CRS_RL31204,CRS,10868,6
CRS_RL34761,CRS,20107,10
CRS_RS21414,CRS,3977,2
CRS_R43395,CRS,10802,6
CRS_RL31801,CRS,24465,12
CRS_R43656,CRS,3881,2
CRS_RS22913,CRS,3545,2
CRS_RS22645,CRS,3663,2
CRS_RS22973,CRS,3247,2
CRS_RL33929,CRS,8025,4
CRS_R43153,CRS,4736,3
CRS_R42446,CRS,14691,8
CRS_RL34400,CRS,3545,2
CRS_RL33024,CRS,16420,9
CRS_R43986,CRS,1979,1
CRS_R41947,CRS,13124,7
CRS_R44946,CRS,5348,3
CRS_RL33391,CRS,16517,9
CRS_R43407,CRS,9030,5
CRS_RL34330,CRS,27815,14
CRS_R43891,CRS,8241,5
CRS_RL33797,CRS,3208,2
CRS_R44187,CRS,5058,3
CRS_R41589,CRS,39518,20
CRS_RL33075,CRS,8748,5
CRS_R42115,CRS,10824,6
CRS_RL33605,CRS,6824,4
CRS_R40960,CRS,2216,2
CRS_RL31643,CRS,6445,4
CRS_R43771,CRS,8278,5
CRS_R44950,CRS,5651,3
CRS_R40968,CRS,5008,3
CRS_RS21686,CRS,3845,2
CRS_R40729,CRS,3131,2
CRS_R43724,CRS,3701,2
CRS_RL33106,CRS,27416,14
CRS_R44322,CRS,1703,1
CRS_R44257,CRS,8597,5
CRS_RL33682,CRS,4751,3
CRS_R45194,CRS,22786,12
CRS_97-417,CRS,1802,1
CRS_R45020,CRS,7639,4
CRS_R42002,CRS,3229,2
CRS_R42452,CRS,12796,7
CRS_R44636,CRS,4181,3
CRS_R45431,CRS,4306,3
CRS_R45204,CRS,12375,7
CRS_R40597,CRS,17610,9
CRS_RL31919,CRS,3188,2
CRS_R42135,CRS,4965,3
CRS_R41963,CRS,6619,4
CRS_RL30458,CRS,3104,2
CRS_RS22906,CRS,2868,2
CRS_R44026,CRS,6935,4
CRS_R43293,CRS,8363,5
CRS_RL30360,CRS,13427,7
CRS_R41016,CRS,20903,11
CRS_R43800,CRS,6413,4
CRS_R41193,CRS,10995,6
CRS_R42347,CRS,5113,3
CRS_RL33747,CRS,6164,4
CRS_RL33700,CRS,26414,13
CRS_R43996,CRS,2881,2
CRS_R40867,CRS,8404,5
CRS_R45236,CRS,8238,5
CRS_RL33874,CRS,5919,3
CRS_RL34180,CRS,5727,3
CRS_RS22586,CRS,3157,2
CRS_RL33540,CRS,12849,7
CRS_RL31258,CRS,27527,14
CRS_RL33147,CRS,3343,2
CRS_RL34514,CRS,8505,5
CRS_RL33739,CRS,4855,3
CRS_R44820,CRS,9957,5
CRS_R43722,CRS,1559,1
CRS_RL32310,CRS,12034,6
CRS_R42505,CRS,8701,5
CRS_R45089,CRS,6921,4
CRS_R44631,CRS,15152,8
CRS_R44805,CRS,2218,2
CRS_RS22628,CRS,1592,1
CRS_RL34614,CRS,15949,8
CRS_RL32251,CRS,5236,3
CRS_R45399,CRS,9368,5
CRS_R44528,CRS,11959,6
CRS_R40191,CRS,4183,3
CRS_RL34718,CRS,5832,3
CRS_RL32175,CRS,3440,2
CRS_R41956,CRS,10538,6
CRS_RS22847,CRS,2850,2
CRS_RL33555,CRS,6193,4
CRS_RS21613,CRS,7135,4
CRS_R45395,CRS,4802,3
CRS_R45135,CRS,10456,6
CRS_R40995,CRS,13751,7
CRS_R41505,CRS,9172,5
CRS_RL34759,CRS,4927,3
CRS_RS21391,CRS,3309,2
CRS_RL34059,CRS,3710,2
CRS_R45098,CRS,12221,6
CRS_R41207,CRS,8222,5
CRS_R43058,CRS,11333,6
CRS_R40212,CRS,7902,4
CRS_R44275,CRS,14277,7
CRS_R45126,CRS,1049,1
CRS_RL34512,CRS,11138,6
CRS_R41150,CRS,28062,14
CRS_R43583,CRS,12924,7
CRS_RL32762,CRS,7383,4
CRS_RS21261,CRS,3060,2
CRS_RL33045,CRS,14725,8
CRS_R41010,CRS,6244,4
CRS_R41215,CRS,15470,8
CRS_R43104,CRS,4122,3
CRS_R41147,CRS,6971,4
CRS_R42702,CRS,12616,7
CRS_RS22846,CRS,2170,2
CRS_R42005,CRS,5510,3
CRS_R44333,CRS,3686,2
CRS_R40057,CRS,3326,2
CRS_RL34224,CRS,13897,7
CRS_R43890,CRS,14936,8
CRS_RS22665,CRS,3540,2
CRS_RL34126,CRS,4253,3
CRS_RL34492,CRS,5929,3
CRS_97-305,CRS,9728,5
CRS_R41702,CRS,8128,4
CRS_RL34623,CRS,11146,6
CRS_R41461,CRS,4251,3
CRS_RS22701,CRS,3888,2
CRS_RS21300,CRS,2016,1
CRS_R43937,CRS,11946,6
CRS_RS22615,CRS,3557,2
CRS_R43807,CRS,7757,4
CRS_R41135,CRS,15301,8
CRS_R44797,CRS,5389,3
CRS_RL33518,CRS,8339,5
CRS_R44018,CRS,6708,4
CRS_R44525,CRS,7789,4
CRS_RL32205,CRS,14401,8
CRS_R43918,CRS,6926,4
CRS_RL31876,CRS,17736,9
CRS_RL31931,CRS,7720,4
CRS_RL31953,CRS,8281,5
CRS_R42821,CRS,11792,6
CRS_R41066,CRS,4320,3
CRS_RS22401,CRS,3654,2
CRS_RS22870,CRS,4971,3
CRS_R43769,CRS,3662,2
CRS_RL30717,CRS,13004,7
CRS_R44059,CRS,10832,6
CRS_RS22570,CRS,21908,11
CRS_RL33654,CRS,12327,7
CRS_RL34435,CRS,7286,4
CRS_R42858,CRS,5783,3
CRS_RS22195,CRS,2002,1
CRS_RS21647,CRS,1271,1
CRS_RL33702,CRS,3372,2
CRS_RS22154,CRS,4381,3
CRS_R43041,CRS,4956,3
CRS_R44888,CRS,29267,15
CRS_RS20968,CRS,2314,2
CRS_R44733,CRS,7810,4
CRS_97-1058,CRS,15919,8
CRS_RS22991,CRS,2875,2
CRS_RS21255,CRS,8988,5
CRS_R45195,CRS,9542,5
CRS_RL34160,CRS,7800,4
CRS_R41091,CRS,7631,4
CRS_R42692,CRS,9818,5
CRS_R44370,CRS,3898,2
CRS_RL34473,CRS,28265,14
CRS_RL33646,CRS,6935,4
CRS_R42832,CRS,12371,7
CRS_R45160,CRS,2327,2
CRS_RL32961,CRS,21545,11
CRS_RL34459,CRS,9634,5
CRS_R41762,CRS,10214,5
CRS_RL34038,CRS,12374,7
CRS_R44953,CRS,9165,5
CRS_R40674,CRS,9333,5
CRS_RL32569,CRS,5006,3
CRS_RL34664,CRS,9216,5
CRS_R41923,CRS,2191,2
CRS_RL33994,CRS,10526,6
CRS_R43134,CRS,7482,4
CRS_RL31302,CRS,36130,18
CRS_RL34177,CRS,7943,4
CRS_R44660,CRS,11317,6
CRS_R44185,CRS,15304,8
CRS_R43344,CRS,10997,6
CRS_RS22037,CRS,9419,5
CRS_R43097,CRS,31445,16
CRS_RS22574,CRS,2752,2
CRS_R45211,CRS,7156,4
CRS_RL33967,CRS,16751,9
CRS_R45420,CRS,15691,8
CRS_R40727,CRS,15733,8
CRS_R43866,CRS,5206,3
CRS_R40990,CRS,8686,5
CRS_R44967,CRS,11190,6
CRS_R40534,CRS,12604,7
CRS_RL33661,CRS,8969,5
CRS_R43143,CRS,28373,14
CRS_R41697,CRS,4197,3
CRS_RL32256,CRS,6077,3
CRS_RL33418,CRS,8095,4
CRS_R42751,CRS,6370,4
CRS_R45096,CRS,10126,5
CRS_R43431,CRS,4056,2
CRS_R43781,CRS,22592,12
CRS_RS22927,CRS,6645,4
CRS_R40885,CRS,12087,6
CRS_RL31879,CRS,9122,5
CRS_R44584,CRS,17023,9
CRS_R44648,CRS,4851,3
CRS_R40088,CRS,15785,8
CRS_R45250,CRS,6970,4
CRS_RS22961,CRS,2668,2
CRS_R45336,CRS,6014,3
CRS_R42547,CRS,12566,7
CRS_RL30926,CRS,4500,3
CRS_R42479,CRS,18926,10
CRS_RL34238,CRS,13331,7
CRS_R40202,CRS,13757,7
CRS_R43850,CRS,2895,2
CRS_96-530,CRS,7394,4
CRS_RL32383,CRS,17252,9
CRS_RL33479,CRS,8986,5
CRS_R42038,CRS,11376,6
CRS_R44230,CRS,16899,9
CRS_RL32282,CRS,7707,4
CRS_R40632,CRS,2341,2
CRS_RL34457,CRS,11357,6
CRS_RL33124,CRS,5084,3
CRS_R41381,CRS,3932,2
CRS_RL34091,CRS,6387,4
CRS_R44935,CRS,4107,3
CRS_RS21727,CRS,2630,2
CRS_RL32221,CRS,14836,8
CRS_R41748,CRS,12650,7
CRS_R44011,CRS,10924,6
CRS_RS21573,CRS,3443,2
CRS_RL31559,CRS,23620,12
CRS_RL33167,CRS,5852,3
CRS_RL31720,CRS,7275,4
CRS_R44916,CRS,14220,7
CRS_R43388,CRS,4531,3
CRS_RL32875,CRS,9860,5
CRS_R44081,CRS,7523,4
CRS_RL30163,CRS,6607,4
CRS_R44702,CRS,9132,5
CRS_RL30485,CRS,5475,3
CRS_R43440,CRS,8987,5
CRS_RL32272,CRS,10009,5
CRS_RL32928,CRS,2932,2
CRS_R40916,CRS,13414,7
CRS_RL32308,CRS,54420,27
CRS_RL34074,CRS,12773,7
CRS_RL33557,CRS,10565,6
CRS_RL33766,CRS,2278,2
CRS_R44008,CRS,6781,4
CRS_R40506,CRS,11111,6
CRS_R44450,CRS,9640,5
CRS_R45323,CRS,19190,10
CRS_RL30608,CRS,3417,2
CRS_R40535,CRS,13934,7
CRS_R45140,CRS,8228,5
CRS_98-286,CRS,7616,4
CRS_RL32169,CRS,16265,8
CRS_R41151,CRS,4891,3
CRS_R44674,CRS,11858,6
CRS_R42400,CRS,9105,5
CRS_R40778,CRS,10757,6
CRS_R45039,CRS,4229,3
CRS_RL32445,CRS,6714,4
CRS_R43355,CRS,8741,5
CRS_R43377,CRS,8848,5
CRS_R40344,CRS,9582,5
CRS_RL30212,CRS,17959,9
CRS_R43956,CRS,5671,3
CRS_RL31884,CRS,13695,7
CRS_RL30427,CRS,11923,6
CRS_R41654,CRS,17829,9
CRS_RL31235,CRS,5536,3
CRS_R45432,CRS,6267,4
CRS_RL33533,CRS,21966,11
CRS_RL34448,CRS,29187,15
CRS_RS22256,CRS,4091,2
CRS_RL32843,CRS,17319,9
CRS_R43934,CRS,37110,19
CRS_RL30387,CRS,9642,5
CRS_RS22919,CRS,4447,3
CRS_R40237,CRS,16894,9
CRS_R42435,CRS,15671,8
CRS_RL34463,CRS,4208,3
CRS_RL34173,CRS,3667,2
CRS_R44557,CRS,11387,6
CRS_RL34320,CRS,4490,3
CRS_RL32766,CRS,7927,4
CRS_RL30870,CRS,6762,4
CRS_R42465,CRS,11647,6
CRS_RL33699,CRS,3427,2
CRS_R41332,CRS,13148,7
CRS_R41630,CRS,22003,11
CRS_R43950,CRS,16574,9
CRS_RL31008,CRS,19744,10
CRS_R44894,CRS,14386,8
CRS_RL31133,CRS,63814,32
CRS_R41256,CRS,4477,3
CRS_R43770,CRS,2213,2
CRS_R41636,CRS,6476,4
CRS_RS20849,CRS,1999,1
CRS_R43337,CRS,12247,6
CRS_RL33199,CRS,3802,2
CRS_RS21753,CRS,2280,2
CRS_R40128,CRS,2752,2
CRS_R41836,CRS,6230,4
CRS_RL33621,CRS,5352,3
CRS_RL32799,CRS,17379,9
CRS_RS22510,CRS,2265,2
CRS_RL32919,CRS,31676,16
CRS_R43311,CRS,7203,4
CRS_RL32976,CRS,8901,5
CRS_R41233,CRS,19659,10
CRS_RS22752,CRS,6122,3
CRS_R45034,CRS,6119,3
CRS_R42760,CRS,8968,5
CRS_R45324,CRS,6277,4
CRS_RL34522,CRS,7438,4
CRS_RS20771,CRS,2612,2
CRS_RS21579,CRS,7329,4
CRS_RL32508,CRS,12123,6
CRS_R44255,CRS,24372,12
CRS_R41860,CRS,20748,11
CRS_R40809,CRS,32387,16
CRS_RL33023,CRS,20636,11
CRS_RL31749,CRS,10488,6
CRS_R41522,CRS,10789,6
CRS_R40782,CRS,17822,9
CRS_R43334,CRS,4427,3
CRS_R42581,CRS,21767,11
CRS_R44238,CRS,4766,3
CRS_R44065,CRS,4990,3
CRS_R41751,CRS,3331,2
CRS_R42981,CRS,12913,7
CRS_RL33662,CRS,4755,3
CRS_R42394,CRS,12341,7
CRS_RL32113,CRS,42316,21
CRS_RL33205,CRS,8111,4
CRS_RL34077,CRS,10376,6
CRS_R41114,CRS,9122,5
CRS_RL32838,CRS,8855,5
CRS_RL34219,CRS,4919,3
CRS_R45396,CRS,13780,7
CRS_RL34284,CRS,17689,9
CRS_R42444,CRS,4009,2
CRS_RL32904,CRS,25452,13
CRS_RS21226,CRS,1835,1
CRS_R41036,CRS,4516,3
CRS_R43047,CRS,2917,2
CRS_R41870,CRS,11922,6
CRS_R41419,CRS,14421,8
CRS_R40121,CRS,8581,5
CRS_RL34672,CRS,13188,7
CRS_RL32476,CRS,5313,3
CRS_RL32783,CRS,25176,13
CRS_R44078,CRS,4518,3
CRS_R44460,CRS,7273,4
CRS_R43152,CRS,15970,8
CRS_RL31961,CRS,622,1
CRS_R40605,CRS,3704,2
CRS_RS22564,CRS,2404,2
CRS_R43080,CRS,28846,15
CRS_R42510,CRS,14939,8
CRS_RS20906,CRS,2108,2
CRS_R42063,CRS,3215,2
CRS_RS21764,CRS,3682,2
CRS_RL32679,CRS,6495,4
CRS_RL31181,CRS,18886,10
CRS_R45022,CRS,3923,2
CRS_R43560,CRS,26533,13
CRS_RL32914,CRS,19162,10
CRS_RS22534,CRS,2580,2
CRS_RL34740,CRS,8396,5
CRS_RL32527,CRS,5205,3
CRS_R41527,CRS,5247,3
CRS_R43438,CRS,12158,6
CRS_RL30442,CRS,15055,8
CRS_R44286,CRS,5222,3
CRS_RL33962,CRS,7023,4
CRS_R43873,CRS,10303,6
CRS_RL31932,CRS,12396,7
CRS_R41370,CRS,4954,3
CRS_R41012,CRS,4732,3
CRS_RL33016,CRS,25535,13
CRS_R43352,CRS,39635,20
CRS_RL33649,CRS,15379,8
CRS_RL31444,CRS,8081,4
CRS_R44577,CRS,16503,9
CRS_R41514,CRS,24833,13
CRS_R42924,CRS,9626,5
CRS_R43796,CRS,44000,22
CRS_R45117,CRS,6970,4
CRS_R43428,CRS,3245,2
CRS_R44977,CRS,10387,6
CRS_R40560,CRS,18816,10
CRS_R40570,CRS,4999,3
CRS_R43209,CRS,7815,4
CRS_RL33773,CRS,5903,3
CRS_RL33144,CRS,14850,8
CRS_RS22831,CRS,3134,2
CRS_R41171,CRS,8687,5
CRS_R45165,CRS,6748,4
CRS_R43100,CRS,3228,2
CRS_RL32188,CRS,3531,2
CRS_RL31294,CRS,12621,7
CRS_RL34118,CRS,16864,9
CRS_RS22878,CRS,4408,3
CRS_RS22992,CRS,4245,3
CRS_RL34153,CRS,6112,3
CRS_R41833,CRS,11403,6
CRS_RL32399,CRS,26356,13
CRS_R44072,CRS,10958,6
CRS_RL34757,CRS,4552,3
CRS_RL30787,CRS,16568,9
CRS_R43862,CRS,10378,6
CRS_R42650,CRS,14544,8
CRS_R43444,CRS,6698,4
CRS_RL34139,CRS,14678,8
CRS_RL33204,CRS,17849,9
CRS_RL31006,CRS,40987,21
CRS_R44639,CRS,2933,2
CRS_R40872,CRS,8349,5
CRS_R43959,CRS,2414,2
CRS_R45082,CRS,10650,6
CRS_RL34314,CRS,8326,5
CRS_R44075,CRS,6139,3
CRS_R44474,CRS,23585,12
CRS_R42840,CRS,8223,5
CRS_RS21502,CRS,3180,2
CRS_R44416,CRS,7562,4
CRS_RL31516,CRS,1864,1
CRS_R43636,CRS,5760,3
CRS_R41908,CRS,39200,20
CRS_RS20864,CRS,3339,2
CRS_RL31862,CRS,4881,3
CRS_R44817,CRS,8013,4
CRS_RS22557,CRS,2870,2
CRS_RL34322,CRS,8342,5
CRS_RL34454,CRS,14874,8
CRS_R44381,CRS,4522,3
CRS_RL31860,CRS,7883,4
CRS_RS22486,CRS,3309,2
CRS_RL33714,CRS,4778,3
CRS_RS21828,CRS,4568,3
CRS_RL33207,CRS,3715,2
CRS_R40000,CRS,23551,12
CRS_R42130,CRS,20953,11
CRS_R44769,CRS,2739,2
CRS_R43257,CRS,2406,2
CRS_R40839,CRS,4347,3
CRS_RL33717,CRS,10968,6
CRS_R44427,CRS,227,1
CRS_R44559,CRS,7996,4
CRS_R42720,CRS,10678,6
CRS_R40609,CRS,20843,11
CRS_R41166,CRS,4259,3
CRS_RL34334,CRS,18203,9
CRS_R43782,CRS,9993,5
CRS_R44115,CRS,8159,4
CRS_R42725,CRS,4608,3
CRS_R44747,CRS,16951,9
CRS_RL33486,CRS,15035,8
CRS_R41525,CRS,8594,5
CRS_R42433,CRS,15271,8
CRS_RL34261,CRS,13939,7
CRS_RL32794,CRS,381,1
CRS_RL31820,CRS,4274,3
CRS_R44954,CRS,8963,5
CRS_R41770,CRS,8126,4
CRS_R43005,CRS,9741,5
CRS_RL32144,CRS,5740,3
CRS_R45214,CRS,10060,5
CRS_RS22601,CRS,7772,4
CRS_RL32987,CRS,16700,9
CRS_R42602,CRS,3996,2
CRS_R43949,CRS,4602,3
CRS_RL31649,CRS,6027,3
CRS_R43506,CRS,7259,4
CRS_R42466,CRS,5407,3
CRS_R40993,CRS,4188,3
CRS_R44343,CRS,4617,3
CRS_RL33471,CRS,5005,3
CRS_R43171,CRS,5428,3
CRS_R41185,CRS,9865,5
CRS_RL34728,CRS,16840,9
CRS_R43557,CRS,8458,5
CRS_RL32292,CRS,4755,3
CRS_R40561,CRS,7608,4
CRS_RS22639,CRS,2305,2
CRS_RL31139,CRS,31986,16
CRS_R41263,CRS,11144,6
CRS_RL31382,CRS,9410,5
CRS_R41953,CRS,7132,4
CRS_RL32152,CRS,9302,5
CRS_RL34408,CRS,1886,1
CRS_R40011,CRS,5535,3
CRS_RL33155,CRS,7894,4
CRS_R44493,CRS,9634,5
CRS_R41859,CRS,5780,3
CRS_R44264,CRS,8868,5
CRS_R40173,CRS,246,1
CRS_RL34635,CRS,5941,3
CRS_RL32380,CRS,9375,5
CRS_R44654,CRS,5940,3
CRS_R40503,CRS,4524,3
CRS_RL34230,CRS,7504,4
CRS_R42697,CRS,6260,4
CRS_R40794,CRS,4601,3
CRS_R45340,CRS,2774,2
CRS_R43123,CRS,14076,7
CRS_RL34307,CRS,8464,5
CRS_RL34357,CRS,14632,8
CRS_98-733,CRS,3031,2
CRS_R43691,CRS,3060,2
CRS_R43249,CRS,8040,4
CRS_R43894,CRS,21266,11
CRS_R45144,CRS,6480,4
CRS_RL33562,CRS,6089,3
CRS_RS22826,CRS,1775,1
CRS_R40604,CRS,8790,5
CRS_R44099,CRS,11413,6
CRS_R45317,CRS,5242,3
CRS_R41547,CRS,18442,10
CRS_R41892,CRS,6562,4
CRS_R41351,CRS,15995,8
CRS_R44357,CRS,6132,3
CRS_RL34192,CRS,8944,5
CRS_RL33537,CRS,11715,6
CRS_94-486,CRS,1056,1
CRS_RL33972,CRS,4529,3
CRS_R40228,CRS,6919,4
CRS_R42625,CRS,11973,6
CRS_RS21073,CRS,3212,2
CRS_RL34131,CRS,7904,4
CRS_R40527,CRS,8687,5
CRS_RL34285,CRS,2842,2
CRS_R43566,CRS,10646,6
CRS_R44291,CRS,15225,8
CRS_RS22833,CRS,2295,2
CRS_RL33095,CRS,6933,4
CRS_R44683,CRS,2199,2
CRS_RS22186,CRS,2855,2
CRS_R42489,CRS,8571,5
CRS_R42635,CRS,7798,4
CRS_R41590,CRS,6409,4
CRS_RL33951,CRS,10704,6
CRS_RL31416,CRS,16462,9
CRS_RL33145,CRS,15966,8
CRS_R42080,CRS,6829,4
CRS_R45143,CRS,6093,3
CRS_R44680,CRS,9590,5
CRS_R40528,CRS,23716,12
CRS_R42752,CRS,11847,6
CRS_R40517,CRS,7599,4
CRS_RL32004,CRS,6931,4
CRS_R43521,CRS,10376,6
CRS_R41611,CRS,6620,4
CRS_RL34647,CRS,6065,3
CRS_RL33006,CRS,13899,7
CRS_RL34501,CRS,5141,3
CRS_RL32986,CRS,7445,4
CRS_R43707,CRS,8275,5
CRS_R41901,CRS,6231,4
CRS_RL33690,CRS,5465,3
CRS_RL33331,CRS,4451,3
CRS_R42978,CRS,9415,5
CRS_R41429,CRS,10607,6
CRS_R42740,CRS,2356,2
CRS_RL31796,CRS,13491,7
CRS_R42789,CRS,7212,4
CRS_R41198,CRS,5805,3
CRS_R44762,CRS,3614,2
CRS_RL33733,CRS,7011,4
CRS_R42963,CRS,4352,3
CRS_RS22895,CRS,2668,2
CRS_RL31144,CRS,12051,6
CRS_RL32978,CRS,11849,6
CRS_R40755,CRS,10067,5
CRS_RL33969,CRS,7730,4
CRS_RL31022,CRS,12594,7
CRS_R44142,CRS,16459,9
CRS_R40201,CRS,14234,7
CRS_RL34447,CRS,4161,3
CRS_R42930,CRS,19988,10
CRS_94-408,CRS,20984,11
CRS_R44445,CRS,7686,4
CRS_RL33795,CRS,6522,4
CRS_R41658,CRS,12547,7
CRS_R42087,CRS,11122,6
CRS_R40991,CRS,11757,6
CRS_R43904,CRS,11670,6
CRS_RL32623,CRS,7955,4
CRS_RL34275,CRS,5920,3
CRS_RL32137,CRS,3746,2
CRS_R44553,CRS,7122,4
CRS_RL34402,CRS,3701,2
CRS_RL34336,CRS,6688,4
CRS_RL33201,CRS,4124,3
CRS_RS22823,CRS,3677,2
CRS_R44638,CRS,21263,11
CRS_R44763,CRS,11503,6
CRS_R42849,CRS,25496,13
CRS_RL31095,CRS,22,1
CRS_RL34190,CRS,10547,6
CRS_R45426,CRS,6744,4
CRS_R44705,CRS,14972,8
CRS_R42051,CRS,10410,6
CRS_R44767,CRS,4455,3
CRS_R42568,CRS,9986,5
CRS_97-97,CRS,3020,2
CRS_R45011,CRS,4564,3
CRS_R40192,CRS,7006,4
CRS_RL33053,CRS,12785,7
CRS_RL31618,CRS,9028,5
CRS_RL31921,CRS,6982,4
CRS_R40424,CRS,466,1
CRS_R43052,CRS,7014,4
CRS_R41204,CRS,20855,11
CRS_RS22296,CRS,2496,2
CRS_RL30136,CRS,3135,2
CRS_R45328,CRS,11916,6
CRS_R40774,CRS,3049,2
CRS_R41482,CRS,10588,6
CRS_R43693,CRS,7431,4
CRS_R41223,CRS,7167,4
CRS_R45398,CRS,6458,4
CRS_RS22324,CRS,3109,2
CRS_R42556,CRS,10390,6
CRS_R44788,CRS,9331,5
CRS_RL33362,CRS,5231,3
CRS_R40667,CRS,3862,2
CRS_R44024,CRS,8115,4
CRS_R42606,CRS,10863,6
CRS_R44539,CRS,6098,3
CRS_R44974,CRS,6351,4
CRS_93-792,CRS,1074,1
CRS_RL34075,CRS,12258,6
CRS_R41101,CRS,8039,4
CRS_RL33001,CRS,26469,13
CRS_R43756,CRS,12992,7
CRS_R43151,CRS,12308,7
CRS_RL32888,CRS,7922,4
CRS_R45189,CRS,8751,5
CRS_R43011,CRS,7833,4
CRS_RL33514,CRS,5951,3
CRS_RL32759,CRS,8270,5
CRS_R45421,CRS,7108,4
CRS_R41405,CRS,12880,7
CRS_R42557,CRS,3308,2
CRS_RL31415,CRS,10238,5
CRS_RL31386,CRS,8484,5
CRS_RL30315,CRS,11619,6
CRS_R41606,CRS,3130,2
CRS_R41315,CRS,10271,6
CRS_R41078,CRS,2716,2
CRS_RL31809,CRS,39181,20
CRS_R42834,CRS,10277,6
CRS_R44432,CRS,8647,5
CRS_RS22669,CRS,2502,2
CRS_R43196,CRS,12109,6
CRS_R42071,CRS,4624,3
CRS_R41475,CRS,6818,4
CRS_R44926,CRS,3896,2
CRS_R43953,CRS,12334,7
CRS_RL33571,CRS,10943,6
CRS_RL31010,CRS,6848,4
CRS_R43304,CRS,11595,6
CRS_R41492,CRS,10793,6
CRS_R44305,CRS,3296,2
CRS_R41266,CRS,9790,5
CRS_R41098,CRS,21878,11
CRS_R41528,CRS,7896,4
CRS_R41260,CRS,3812,2
CRS_R44955,CRS,9864,5
CRS_R41957,CRS,11631,6
CRS_R40711,CRS,9230,5
CRS_R40655,CRS,11241,6
CRS_R45292,CRS,7302,4
CRS_RL33229,CRS,4540,3
CRS_RS21091,CRS,1836,1
CRS_RL34540,CRS,38897,19
CRS_R40961,CRS,10562,6
CRS_R42998,CRS,14457,8
CRS_RL33945,CRS,8683,5
CRS_RL32745,CRS,24554,12
CRS_R42987,CRS,21912,11
CRS_RL33351,CRS,27768,14
CRS_R40646,CRS,20877,11
CRS_RL30850,CRS,5885,3
CRS_RL30506,CRS,41960,21
CRS_R41295,CRS,5872,3
CRS_RL32419,CRS,23023,12
CRS_RL33156,CRS,10445,6
CRS_RL31542,CRS,10701,6
CRS_RS22866,CRS,1687,1
CRS_R42651,CRS,15265,8
CRS_R43216,CRS,3428,2
CRS_R41285,CRS,39389,20
CRS_RL31547,CRS,9175,5
CRS_R42571,CRS,10958,6
CRS_R44248,CRS,9330,5
CRS_RL32994,CRS,8586,5
CRS_R40078,CRS,5047,3
CRS_R42871,CRS,3339,2
CRS_R44555,CRS,7693,4
CRS_RL32359,CRS,18878,10
CRS_R43753,CRS,8928,5
CRS_R40862,CRS,3702,2
CRS_R44440,CRS,2084,2
CRS_RS21981,CRS,6612,4
CRS_R42726,CRS,12565,7
CRS_R44783,CRS,10481,6
CRS_R44278,CRS,6801,4
CRS_RS22548,CRS,5226,3
CRS_R43413,CRS,16303,8
CRS_RL32369,CRS,6336,4
CRS_RL32438,CRS,10186,5
CRS_R42540,CRS,3532,2
CRS_R44619,CRS,7874,4
CRS_RL34559,CRS,7572,4
CRS_R43511,CRS,7922,4
CRS_R43747,CRS,2210,2
CRS_R43844,CRS,19746,10
CRS_R41251,CRS,11740,6
CRS_R44727,CRS,6791,4
CRS_R43931,CRS,6701,4
CRS_R44738,CRS,6300,4
CRS_R44326,CRS,8874,5
CRS_RL33219,CRS,10721,6
CRS_RL34666,CRS,5086,3
CRS_R44821,CRS,4176,3
CRS_RL32058,CRS,10443,6
CRS_97-1027,CRS,15231,8
CRS_RS22629,CRS,3172,2
CRS_R45198,CRS,23320,12
CRS_R41594,CRS,16239,8
CRS_R43930,CRS,13195,7
CRS_RL32379,CRS,16926,9
CRS_R43701,CRS,2315,2
CRS_R45203,CRS,14678,8
CRS_RL33260,CRS,9634,5
CRS_R43817,CRS,10296,6
CRS_R44687,CRS,3369,2
CRS_RL33656,CRS,12007,6
CRS_R40896,CRS,3204,2
CRS_R44287,CRS,18155,9
CRS_R42012,CRS,7252,4
CRS_R42583,CRS,12985,7
CRS_R44936,CRS,4626,3
CRS_R44105,CRS,7493,4
CRS_R44022,CRS,11406,6
CRS_R40565,CRS,5240,3
CRS_RS21619,CRS,2652,2
CRS_95-804,CRS,20163,10
CRS_RL32611,CRS,11111,6
CRS_RL33737,CRS,4692,3
CRS_RL34406,CRS,23160,12
CRS_R42329,CRS,5257,3
CRS_R40368,CRS,4108,3
CRS_97-1055,CRS,12279,6
CRS_R42448,CRS,12575,7
CRS_RS20717,CRS,2997,2
CRS_RS22613,CRS,1592,1
CRS_RS21978,CRS,3707,2
CRS_R43842,CRS,5857,3
CRS_RL34356,CRS,20398,10
CRS_R45179,CRS,13648,7
CRS_R44905,CRS,10690,6
CRS_R41444,CRS,5838,3
CRS_R41089,CRS,6383,4
CRS_R43836,CRS,11495,6
CRS_R44447,CRS,8077,4
CRS_R41196,CRS,65821,33
CRS_RL32801,CRS,6636,4
CRS_RL30120,CRS,21621,11
CRS_RS22738,CRS,3252,2
CRS_RL31653,CRS,4485,3
CRS_98-836,CRS,1361,1
CRS_R43714,CRS,11279,6
CRS_R40918,CRS,14487,8
CRS_R41187,CRS,19489,10
CRS_R45104,CRS,3242,2
CRS_RL33675,CRS,2144,2
CRS_R43785,CRS,14818,8
CRS_RS22363,CRS,3539,2
CRS_RL34424,CRS,13399,7
CRS_R42623,CRS,4335,3
CRS_RL32860,CRS,54721,27
CRS_R40168,CRS,10564,6
CRS_R41121,CRS,720,1
CRS_R43492,CRS,7101,4
CRS_RL32459,CRS,3801,2
CRS_RL32176,CRS,6181,4
CRS_R42127,CRS,6570,4
CRS_RL32487,CRS,15824,8
CRS_RS21125,CRS,2602,2
CRS_R44786,CRS,28192,14
CRS_R42363,CRS,8569,5
CRS_RL33303,CRS,37140,19
CRS_R44285,CRS,12369,7
CRS_RL34545,CRS,3663,2
CRS_RL32882,CRS,18299,9
CRS_RL34123,CRS,13505,7
CRS_R44868,CRS,8440,5
CRS_R40966,CRS,8245,5
CRS_R43613,CRS,3803,2
CRS_RL31307,CRS,19263,10
CRS_RL33020,CRS,25849,13
CRS_R43434,CRS,1079,1
CRS_RS20458,CRS,4328,3
CRS_RS21017,CRS,2370,2
CRS_R44837,CRS,3636,2
CRS_R40502,CRS,8889,5
CRS_RL34350,CRS,4633,3
CRS_R44401,CRS,7231,4
CRS_RS21703,CRS,3264,2
CRS_RL34546,CRS,15093,8
CRS_R40483,CRS,12459,7
CRS_R43070,CRS,8178,4
CRS_R41997,CRS,5412,3
CRS_R43607,CRS,8609,5
CRS_RL31866,CRS,437,1
CRS_R43003,CRS,28278,14
CRS_R44832,CRS,11270,6
CRS_R41221,CRS,16751,9
CRS_R44378,CRS,4765,3
CRS_R40929,CRS,12918,7
CRS_R44294,CRS,6401,4
CRS_RL33399,CRS,41459,21
CRS_RL33125,CRS,24594,13
CRS_RL32171,CRS,4854,3
CRS_RS20476,CRS,3061,2
CRS_R41455,CRS,5122,3
CRS_R42365,CRS,9102,5
CRS_R41880,CRS,7538,4
CRS_R44910,CRS,8833,5
CRS_R43726,CRS,4972,3
CRS_RL34511,CRS,10756,6
CRS_R43868,CRS,2358,2
CRS_R41343,CRS,10388,6
CRS_R43935,CRS,10750,6
CRS_R44325,CRS,1835,1
CRS_RL31745,CRS,4214,3
CRS_RL30918,CRS,8848,5
CRS_R44791,CRS,34840,18
CRS_R40621,CRS,8901,5
CRS_R45312,CRS,11076,6
CRS_R44836,CRS,5026,3
CRS_RS22536,CRS,2378,2
CRS_RL32747,CRS,13231,7
CRS_RS22631,CRS,2441,2
CRS_RS21729,CRS,1140,1
CRS_RL33692,CRS,7248,4
CRS_R41152,CRS,6823,4
CRS_RL33308,CRS,2253,2
CRS_RL33658,CRS,5842,3
CRS_R41562,CRS,6900,4
CRS_R44921,CRS,25589,13
CRS_RL31883,CRS,3438,2
CRS_R42004,CRS,4438,3
CRS_RS21655,CRS,10871,6
CRS_R42991,CRS,12551,7
CRS_RL32896,CRS,8281,5
CRS_R41982,CRS,40822,20
CRS_RL34037,CRS,4129,3
CRS_RL34597,CRS,6547,4
CRS_R41829,CRS,12721,7
CRS_R42888,CRS,4097,3
CRS_R40946,CRS,4365,3
CRS_RS22771,CRS,3162,2
CRS_RL32649,CRS,10573,6
CRS_R42895,CRS,14021,7
CRS_R43291,CRS,12458,7
CRS_RL34521,CRS,15440,8
CRS_R45305,CRS,5138,3
CRS_97-122,CRS,1753,1
CRS_R43161,CRS,4078,2
CRS_R41513,CRS,13838,7
CRS_R43576,CRS,3382,2
CRS_R44250,CRS,4796,3
CRS_R42398,CRS,7897,4
CRS_R43780,CRS,7446,4
CRS_R42141,CRS,6771,4
CRS_R42853,CRS,14375,8
CRS_R41358,CRS,7235,4
CRS_R43447,CRS,6905,4
CRS_R42767,CRS,21485,11
CRS_R43520,CRS,8442,5
CRS_R43125,CRS,7757,4
CRS_R41715,CRS,7449,4
CRS_R43232,CRS,5962,3
CRS_R42056,CRS,7094,4
CRS_R44759,CRS,16905,9
CRS_R43963,CRS,5408,3
CRS_R43961,CRS,7757,4
CRS_RS21846,CRS,2907,2
CRS_R43262,CRS,8947,5
CRS_RL34726,CRS,8305,5
CRS_R44897,CRS,27618,14
CRS_98-174,CRS,8668,5
CRS_RL34414,CRS,5609,3
CRS_R40889,CRS,9224,5
CRS_R43660,CRS,4270,3
CRS_R42052,CRS,3421,2
CRS_RL34031,CRS,10220,5
CRS_R45013,CRS,15014,8
CRS_RL32200,CRS,8800,5
CRS_R40585,CRS,15670,8
CRS_R41474,CRS,19891,10
CRS_R43855,CRS,5656,3
CRS_RL33655,CRS,7032,4
CRS_RL32483,CRS,7122,4
CRS_R44882,CRS,4844,3
CRS_R44956,CRS,7882,4
CRS_RS20147,CRS,2351,2
CRS_R44780,CRS,7847,4
CRS_RS22483,CRS,3628,2
CRS_R41775,CRS,7832,4
CRS_R44800,CRS,8851,5
CRS_R40084,CRS,21181,11
CRS_RL32522,CRS,4484,3
CRS_R44108,CRS,16585,9
CRS_RL32920,CRS,7283,4
CRS_RL31126,CRS,16070,8
CRS_R40581,CRS,11473,6
CRS_R41118,CRS,10396,6
CRS_R42011,CRS,12501,7
CRS_R44596,CRS,2558,2
CRS_97-896,CRS,2552,2
CRS_R43370,CRS,2118,2
CRS_RL30202,CRS,20681,11
CRS_RS20264,CRS,4487,3
CRS_R43490,CRS,7323,4
CRS_R45149,CRS,10420,6
CRS_RL33751,CRS,11934,6
CRS_R43260,CRS,19153,10
CRS_RS21412,CRS,3808,2
CRS_RS22819,CRS,4130,3
CRS_R42357,CRS,26030,13
CRS_RS22803,CRS,2320,2
CRS_RL32199,CRS,29558,15
CRS_98-288,CRS,683,1
CRS_R40989,CRS,31896,16
CRS_R45008,CRS,8572,5
CRS_R40412,CRS,9952,5
CRS_R41728,CRS,8714,5
CRS_R44209,CRS,10019,5
CRS_R43615,CRS,8734,5
CRS_R41438,CRS,9662,5
CRS_RS22454,CRS,4658,3
CRS_R40476,CRS,5182,3
CRS_RS22990,CRS,3906,2
CRS_RL34608,CRS,13746,7
CRS_R42948,CRS,28397,14
CRS_R42814,CRS,13577,7
CRS_RL33109,CRS,6565,4
CRS_RL32158,CRS,9481,5
CRS_R43608,CRS,21651,11
CRS_RL32488,CRS,38620,19
CRS_R42923,CRS,5281,3
CRS_RS22581,CRS,3031,2
CRS_RS21618,CRS,3673,2
CRS_R41991,CRS,4637,3
CRS_R42737,CRS,603,1
CRS_R42050,CRS,14084,7
CRS_RL34734,CRS,9339,5
CRS_R41965,CRS,19805,10
CRS_R43090,CRS,5443,3
CRS_RL34258,CRS,10028,5
CRS_R41033,CRS,7136,4
CRS_RL34662,CRS,4018,2
CRS_R43022,CRS,10574,6
CRS_R44661,CRS,7819,4
CRS_R44773,CRS,4659,3
CRS_RS22432,CRS,5464,3
CRS_98-756,CRS,1276,1
CRS_R42891,CRS,2602,2
CRS_R41509,CRS,7395,4
CRS_RL30210,CRS,7215,4
CRS_R43142,CRS,5718,3
CRS_R42484,CRS,10648,6
CRS_RL34089,CRS,12689,7
CRS_R42945,CRS,9803,5
CRS_R40733,CRS,13334,7
CRS_R45239,CRS,8215,5
CRS_R42766,CRS,8291,5
CRS_R43838,CRS,17386,9
CRS_R44479,CRS,26042,13
CRS_R44792,CRS,7745,4
CRS_R40852,CRS,9136,5
CRS_RL34520,CRS,5718,3
CRS_RS22529,CRS,3147,2
CRS_RL30566,CRS,13620,7
CRS_RS21128,CRS,8916,5
CRS_R45284,CRS,7578,4
CRS_RL31558,CRS,17907,9
CRS_RL31967,CRS,13839,7
CRS_RS21702,CRS,2777,2
CRS_R43945,CRS,6106,3
CRS_R41897,CRS,7639,4
CRS_RL34165,CRS,15675,8
CRS_RL32202,CRS,6892,4
CRS_RS22964,CRS,3000,2
CRS_R45256,CRS,12535,7
CRS_R41898,CRS,7322,4
CRS_RL32831,CRS,9696,5
CRS_RL30945,CRS,6442,4
CRS_RL33499,CRS,12025,6
CRS_R45306,CRS,14778,8
CRS_R43477,CRS,881,1
CRS_RL32925,CRS,12545,7
CRS_R41342,CRS,10721,6
CRS_RL34099,CRS,6835,4
CRS_RL33173,CRS,7375,4
CRS_RL31829,CRS,22557,12
CRS_RL33218,CRS,5423,3
CRS_R43127,CRS,8146,4
CRS_R42156,CRS,2724,2
CRS_R41126,CRS,3568,2
CRS_98-567,CRS,9684,5
CRS_R43217,CRS,7191,4
CRS_RS21643,CRS,3054,2
CRS_RS21968,CRS,25472,13
CRS_RL32945,CRS,14549,8
CRS_R43815,CRS,15723,8
CRS_R42884,CRS,8010,4
CRS_R40781,CRS,8518,5
CRS_R45217,CRS,16995,9
CRS_RL34493,CRS,11282,6
CRS_R41824,CRS,10071,5
CRS_R40178,CRS,5899,3
CRS_RL31591,CRS,5633,3
CRS_R45259,CRS,12008,6
CRS_R43884,CRS,1631,1
CRS_R44541,CRS,7811,4
CRS_R43982,CRS,2552,2
CRS_RL32178,CRS,12496,7
CRS_R44110,CRS,5043,3
CRS_RL33738,CRS,9012,5
CRS_RL31960,CRS,7431,4
CRS_R42586,CRS,12252,6
CRS_R44212,CRS,8334,5
CRS_RS21352,CRS,1464,1
CRS_R45105,CRS,10805,6
CRS_R40436,CRS,10514,6
CRS_R41063,CRS,15143,8
CRS_RL30662,CRS,5496,3
CRS_R42368,CRS,16811,9
CRS_RL34256,CRS,16782,9
CRS_97-865,CRS,1975,1
CRS_R45155,CRS,16395,9
CRS_R41458,CRS,15862,8
CRS_RL33267,CRS,13155,7
CRS_R44414,CRS,4820,3
CRS_R41433,CRS,2844,2
CRS_RL34268,CRS,17158,9
CRS_R41749,CRS,5568,3
CRS_R44698,CRS,4718,3
CRS_R41768,CRS,2582,2
CRS_R43329,CRS,9560,5
CRS_R45389,CRS,19661,10
CRS_R42459,CRS,6597,4
CRS_R45171,CRS,5263,3
CRS_R41201,CRS,14276,7
CRS_R40148,CRS,8131,4
CRS_RS22151,CRS,3015,2
CRS_RS22660,CRS,2719,2
CRS_R43401,CRS,3644,2
CRS_RL33349,CRS,10681,6
CRS_R44405,CRS,135,1
CRS_R40521,CRS,13587,7
CRS_R44083,CRS,5735,3
CRS_RS20860,CRS,3120,2
CRS_R44630,CRS,6440,4
CRS_RL30652,CRS,11564,6
CRS_R42377,CRS,9042,5
CRS_RL30605,CRS,762,1
CRS_RL32718,CRS,28657,14
CRS_RS22711,CRS,1752,1
CRS_R41978,CRS,5322,3
CRS_RL30318,CRS,7858,4
CRS_RS21820,CRS,3541,2
CRS_RS21892,CRS,1713,1
CRS_R43696,CRS,10025,5
CRS_RL33950,CRS,4204,3
CRS_RS21424,CRS,2770,2
CRS_R45025,CRS,20758,11
CRS_R45163,CRS,10108,5
CRS_RL33223,CRS,7795,4
CRS_R45085,CRS,2063,2
CRS_R40217,CRS,6337,4
CRS_RL32076,CRS,12498,7
CRS_R44652,CRS,3786,2
CRS_R41969,CRS,15428,8
CRS_R41535,CRS,5837,3
CRS_R44608,CRS,511,1
CRS_RL33165,CRS,7849,4
CRS_R42025,CRS,31770,16
CRS_R40211,CRS,4736,3
CRS_RS22923,CRS,1562,1
CRS_R40085,CRS,4466,3
CRS_R43117,CRS,10645,6
CRS_RL32932,CRS,2914,2
CRS_R43093,CRS,15388,8
CRS_RL33393,CRS,6611,4
CRS_RL33208,CRS,7279,4
CRS_RS22190,CRS,2040,1
CRS_R43296,CRS,7288,4
CRS_R41038,CRS,22371,11
CRS_R44831,CRS,7912,4
CRS_RS22522,CRS,2939,2
CRS_R41546,CRS,6801,4
CRS_R43384,CRS,4176,3
CRS_RL34169,CRS,7810,4
CRS_R41741,CRS,8951,5
CRS_RL34762,CRS,13294,7
CRS_R42701,CRS,9454,5
CRS_RL33805,CRS,5777,3
CRS_RS22060,CRS,3276,2
CRS_RL32167,CRS,6120,3
CRS_RL32218,CRS,18083,9
CRS_R44506,CRS,11941,6
CRS_R42139,CRS,23169,12
CRS_R40626,CRS,10973,6
CRS_RL32941,CRS,3451,2
CRS_RL33567,CRS,13899,7
CRS_RL32659,CRS,7700,4
CRS_R42690,CRS,9955,5
CRS_RL33248,CRS,9296,5
CRS_R43256,CRS,7220,4
CRS_RL34066,CRS,5505,3
CRS_R43856,CRS,5413,3
CRS_R44412,CRS,3418,2
CRS_R44870,CRS,3527,2
CRS_RL34036,CRS,7447,4
CRS_R44600,CRS,5369,3
CRS_R42893,CRS,7738,4
CRS_R41258,CRS,23975,12
CRS_R43944,CRS,39013,20
CRS_RL33963,CRS,8781,5
CRS_R44468,CRS,10313,6
CRS_RL33728,CRS,10350,6
CRS_R43222,CRS,7517,4
CRS_R42455,CRS,50459,25
CRS_RL33912,CRS,3169,2
CRS_R44335,CRS,4702,3
CRS_R40427,CRS,7905,4
CRS_R43924,CRS,3828,2
CRS_R43851,CRS,10305,6
CRS_R43099,CRS,2425,2
CRS_R44029,CRS,11545,6
CRS_R41220,CRS,2695,2
CRS_R43156,CRS,8702,5
CRS_RS20572,CRS,3230,2
CRS_R41946,CRS,17768,9
CRS_R44614,CRS,10052,5
CRS_R42813,CRS,5806,3
CRS_RL30981,CRS,17472,9
CRS_RL31991,CRS,4801,3
CRS_RL34509,CRS,17226,9
CRS_RS22979,CRS,4753,3
CRS_RL32270,CRS,14015,7
CRS_R40146,CRS,2924,2
CRS_RS22492,CRS,1672,1
CRS_RL34226,CRS,11910,6
CRS_RL30432,CRS,8627,5
CRS_R43994,CRS,3298,2
CRS_RL34093,CRS,11628,6
CRS_R45238,CRS,6969,4
CRS_RL34054,CRS,10275,6
CRS_RS22429,CRS,3136,2
CRS_RL30679,CRS,39695,20
CRS_R45142,CRS,8455,5
CRS_R44930,CRS,7756,4
CRS_RS20995,CRS,2257,2
CRS_RL33074,CRS,4602,3
CRS_RL33627,CRS,24026,12
CRS_R41988,CRS,7645,4
CRS_R45119,CRS,9826,5
CRS_R42467,CRS,13981,7
CRS_RL31669,CRS,5548,3
CRS_RL34638,CRS,3309,2
CRS_R43841,CRS,28133,14
CRS_R41345,CRS,7820,4
CRS_RL33123,CRS,10137,5
CRS_R44151,CRS,12844,7
CRS_R40525,CRS,11979,6
CRS_RL34507,CRS,4792,3
CRS_RL32371,CRS,15267,8
CRS_RL34112,CRS,9493,5
CRS_R44313,CRS,32658,16
CRS_R43297,CRS,7014,4
CRS_R44942,CRS,4908,3
CRS_RS21605,CRS,1236,1
CRS_R44754,CRS,8077,4
CRS_RL32096,CRS,11285,6
CRS_R42157,CRS,18666,10
CRS_RL32975,CRS,14848,8
CRS_RL33974,CRS,7563,4
CRS_RL32040,CRS,45458,23
CRS_R44356,CRS,7179,4
CRS_98-654,CRS,7355,4
CRS_R42376,CRS,8951,5
CRS_RL33803,CRS,9817,5
CRS_R40958,CRS,2727,2
CRS_RL32870,CRS,19762,10
CRS_R45069,CRS,7368,4
CRS_R41160,CRS,17971,9
CRS_RL33355,CRS,3937,2
CRS_RS22366,CRS,2838,2
CRS_RS21711,CRS,2154,2
CRS_R44473,CRS,10843,6
CRS_RL32774,CRS,7807,4
CRS_98-326,CRS,89150,44
CRS_RL32340,CRS,8152,4
CRS_R43867,CRS,11376,6
CRS_RL33615,CRS,12708,7
CRS_R43708,CRS,16890,9
CRS_R40150,CRS,7591,4
CRS_RL31208,CRS,9731,5
CRS_R44118,CRS,4588,3
CRS_R44128,CRS,9313,5
CRS_R43381,CRS,16347,8
CRS_RL33394,CRS,2952,2
CRS_RL34269,CRS,3599,2
CRS_R41441,CRS,4753,3
CRS_RS22380,CRS,4892,3
CRS_R44675,CRS,6733,4
CRS_R45337,CRS,6321,4
CRS_RL34305,CRS,5804,3
CRS_R40827,CRS,6290,4
CRS_R42483,CRS,4421,3
CRS_R41334,CRS,6527,4
CRS_R43212,CRS,2291,2
CRS_RS21857,CRS,5744,3
CRS_R45193,CRS,8432,5
CRS_R44529,CRS,2865,2
CRS_R44289,CRS,3690,2
CRS_98-748,CRS,1336,1
CRS_98-205,CRS,20541,11
CRS_R43617,CRS,4839,3
CRS_RL33958,CRS,12180,6
CRS_RS21716,CRS,2775,2
CRS_R42664,CRS,8584,5
CRS_R45301,CRS,18404,9
CRS_R43805,CRS,7238,4
CRS_R42716,CRS,6733,4
CRS_RS22829,CRS,4999,3
CRS_R44498,CRS,6524,4
CRS_RS21405,CRS,5903,3
CRS_R44849,CRS,10206,5
CRS_RL34388,CRS,41197,21
CRS_RL30206,CRS,37880,19
CRS_RL33297,CRS,3578,2
CRS_R41415,CRS,6930,4
CRS_R42107,CRS,10866,6
CRS_RL34589,CRS,8150,4
CRS_RS22485,CRS,2367,2
CRS_98-223,CRS,14760,8
CRS_RS21473,CRS,3134,2
CRS_R42774,CRS,18363,9
CRS_R41920,CRS,19190,10
CRS_RS21695,CRS,2971,2
CRS_RL33908,CRS,7316,4
CRS_RL33569,CRS,4080,2
CRS_R45162,CRS,18684,10
CRS_R44873,CRS,1275,1
CRS_RL32757,CRS,6853,4
CRS_RL34689,CRS,10824,6
CRS_RS21007,CRS,2792,2
CRS_R41974,CRS,15151,8
CRS_R42919,CRS,5513,3
CRS_RL34254,CRS,8807,5
CRS_RS22655,CRS,2575,2
CRS_RL33508,CRS,14121,7
CRS_R40496,CRS,14291,7
CRS_RL31274,CRS,9620,5
CRS_RL32198,CRS,3242,2
CRS_RL34004,CRS,51222,26
CRS_R41816,CRS,6041,3
CRS_R41557,CRS,3938,2
CRS_R43149,CRS,5460,3
CRS_RS20866,CRS,2176,2
CRS_R41531,CRS,5825,3
CRS_RL31621,CRS,12307,7
CRS_R42648,CRS,7981,4
CRS_RL34292,CRS,22535,12
CRS_RL32293,CRS,4014,2
CRS_97-690,CRS,15906,8
CRS_R41488,CRS,9380,5
CRS_R43824,CRS,13250,7
CRS_R44227,CRS,7006,4
CRS_R44082,CRS,15399,8
CRS_R42735,CRS,9268,5
CRS_RL32781,CRS,6185,4
CRS_R45032,CRS,5241,3
CRS_R42074,CRS,10476,6
CRS_R45074,CRS,13184,7
CRS_R41616,CRS,10459,6
CRS_R44524,CRS,10693,6
CRS_R45325,CRS,8376,5
CRS_R41570,CRS,10135,5
CRS_R42070,CRS,13263,7
CRS_RS22670,CRS,2704,2
CRS_RL34566,CRS,8811,5
CRS_R40031,CRS,13587,7
CRS_R40435,CRS,6933,4
CRS_R41273,CRS,5075,3
CRS_R44030,CRS,8169,4
CRS_RS22635,CRS,2289,2
CRS_R45188,CRS,4577,3
CRS_R43229,CRS,4362,3
CRS_R43463,CRS,6751,4
CRS_R44459,CRS,5784,3
CRS_RL33341,CRS,8824,5
CRS_RL33465,CRS,11139,6
CRS_R43120,CRS,7005,4
CRS_RL32725,CRS,19992,10
CRS_RL34310,CRS,8638,5
CRS_RL33581,CRS,8629,5
CRS_R42039,CRS,9000,5
CRS_R41217,CRS,6263,4
CRS_R43544,CRS,3626,2
CRS_R40887,CRS,16228,8
CRS_R43402,CRS,2456,2
CRS_RS21754,CRS,2421,2
CRS_R41545,CRS,4141,3
CRS_RL32866,CRS,5236,3
CRS_98-186,CRS,15813,8
CRS_RL31491,CRS,15721,8
CRS_R44929,CRS,6441,4
CRS_R44364,CRS,7464,4
CRS_RS22715,CRS,3209,2
CRS_R43886,CRS,6573,4
CRS_R44859,CRS,5440,3
CRS_R43146,CRS,7481,4
CRS_R41669,CRS,4497,3
CRS_RL34115,CRS,14712,8
CRS_R44235,CRS,8288,5
CRS_R44990,CRS,8338,5
CRS_RL30972,CRS,7231,4
CRS_R41818,CRS,6195,4
CRS_R43586,CRS,12941,7
CRS_RL33422,CRS,13410,7
CRS_R41416,CRS,73504,36
CRS_R45210,CRS,2239,2
CRS_R41280,CRS,4258,3
CRS_R44353,CRS,3208,2
CRS_RL30004,CRS,13603,7
CRS_95-724,CRS,10747,6
CRS_RS22871,CRS,5621,3
CRS_RL31311,CRS,27777,14
CRS_R42346,CRS,6953,4
CRS_98-207,CRS,8005,4
CRS_R43888,CRS,1488,1
CRS_R41169,CRS,15540,8
CRS_R40428,CRS,4596,3
CRS_R41651,CRS,13904,7
CRS_R43243,CRS,11572,6
CRS_RL30240,CRS,70353,35
CRS_R41648,CRS,6657,4
CRS_RL33821,CRS,12871,7
CRS_R43922,CRS,9974,5
CRS_RS22517,CRS,11413,6
CRS_R42595,CRS,11605,6
CRS_R42564,CRS,7558,4
CRS_RL33637,CRS,14539,8
CRS_RL34010,CRS,3965,2
CRS_R40052,CRS,1642,1
CRS_R44410,CRS,651,1
CRS_RL33037,CRS,41532,21
CRS_R43417,CRS,3229,2
CRS_R42883,CRS,14658,8
CRS_R44689,CRS,9128,5
CRS_RL31336,CRS,18042,9
CRS_RL33069,CRS,13523,7
CRS_R45107,CRS,3264,2
CRS_R42857,CRS,7880,4
CRS_RL34072,CRS,9926,5
CRS_R42337,CRS,24967,13
CRS_RL32965,CRS,8323,5
CRS_RS21396,CRS,976,1
CRS_RL32735,CRS,11641,6
CRS_R41105,CRS,1246,1
CRS_R43647,CRS,10547,6
CRS_R43265,CRS,4747,3
CRS_R44090,CRS,9201,5
CRS_RS20840,CRS,6099,3
CRS_RL34221,CRS,8067,4
CRS_RL33288,CRS,7952,4
CRS_R42999,CRS,7409,4
CRS_R41538,CRS,6096,3
CRS_R44758,CRS,1446,1
CRS_R42079,CRS,8318,5
CRS_RS22468,CRS,2760,2
CRS_R40735,CRS,4033,2
CRS_R41013,CRS,2578,2
CRS_R44362,CRS,6452,4
CRS_RS21774,CRS,3131,2
CRS_R41670,CRS,11966,6
CRS_R43460,CRS,9926,5
CRS_RL34081,CRS,3077,2
CRS_RL33672,CRS,8247,5
CRS_RL32343,CRS,5883,3
CRS_RL33691,CRS,6935,4
CRS_R41028,CRS,7218,4
CRS_R44979,CRS,11192,6
CRS_RL33181,CRS,15538,8
CRS_R42974,CRS,5676,3
CRS_R40942,CRS,18921,10
CRS_R44097,CRS,1343,1
CRS_RL33941,CRS,10018,5
CRS_95-307,CRS,4586,3
CRS_RS22815,CRS,3148,2
CRS_R43437,CRS,15092,8
CRS_RL34348,CRS,8562,5
CRS_R44768,CRS,7659,4
CRS_R45050,CRS,8703,5
CRS_RL31909,CRS,11777,6
CRS_R42512,CRS,13314,7
CRS_RS22731,CRS,2228,2
CRS_R41054,CRS,6110,3
CRS_R41746,CRS,3532,2
CRS_RL34534,CRS,9267,5
CRS_R45258,CRS,15116,8
CRS_RL30763,CRS,10734,6
CRS_RL33087,CRS,13118,7
CRS_R43799,CRS,32082,16
CRS_R45220,CRS,7065,4
CRS_R40504,CRS,9252,5
CRS_R44774,CRS,5766,3
CRS_R43416,CRS,13063,7
CRS_R41149,CRS,10045,5
CRS_R44180,CRS,11092,6
CRS_R44308,CRS,11301,6
CRS_R43476,CRS,6088,3
CRS_R42378,CRS,23018,12
CRS_RL31487,CRS,24461,12
CRS_R43702,CRS,14676,8
CRS_RL34634,CRS,2836,2
CRS_R43942,CRS,3834,2
CRS_R40978,CRS,11915,6
CRS_R40694,CRS,2888,2
CRS_RS20946,CRS,4037,2
CRS_R42748,CRS,6133,3
CRS_R43561,CRS,6234,4
CRS_R43715,CRS,8131,4
CRS_R40590,CRS,13970,7
CRS_RL33054,CRS,5537,3
CRS_R42603,CRS,5273,3
CRS_R41831,CRS,6878,4
CRS_R44349,CRS,10848,6
CRS_R40566,CRS,8732,5
CRS_R41628,CRS,4656,3
CRS_R44893,CRS,4299,3
CRS_R40110,CRS,6724,4
CRS_RL32808,CRS,12416,7
CRS_R43164,CRS,9246,5
CRS_RL32979,CRS,6701,4
CRS_R44843,CRS,6474,4
CRS_R42983,CRS,13931,7
CRS_R43669,CRS,29782,15
CRS_R44145,CRS,5167,3
CRS_RS22149,CRS,3139,2
CRS_R42114,CRS,25648,13
CRS_RL33663,CRS,12149,6
CRS_RL31766,CRS,3550,2
CRS_RL32811,CRS,21317,11
CRS_R41573,CRS,10492,6
CRS_RS22448,CRS,1665,1
CRS_97-856,CRS,7985,4
CRS_RL33764,CRS,15515,8
CRS_RS22967,CRS,9646,5
CRS_R42659,CRS,20788,11
CRS_RL34249,CRS,7856,4
CRS_RL31046,CRS,16833,9
CRS_RL34012,CRS,3127,2
CRS_R40970,CRS,60377,30
CRS_R45223,CRS,11840,6
CRS_RL33272,CRS,10591,6
CRS_R43346,CRS,5935,3
CRS_R40736,CRS,7536,4
CRS_RL31160,CRS,9107,5
CRS_RS22783,CRS,4726,3
CRS_R44267,CRS,3615,2
CRS_R42824,CRS,5937,3
CRS_R44220,CRS,7956,4
CRS_RS21712,CRS,2854,2
CRS_R41800,CRS,7946,4
CRS_RS21592,CRS,3477,2
CRS_RL30779,CRS,7966,4
CRS_R41929,CRS,10839,6
CRS_R45318,CRS,7690,4
CRS_R43860,CRS,12439,7
CRS_98-201,CRS,21774,11
CRS_97-71,CRS,3611,2
CRS_RS20811,CRS,3652,2
CRS_RL31555,CRS,49678,25
CRS_R44041,CRS,39632,20
CRS_RS22204,CRS,3758,2
CRS_RS21323,CRS,3572,2
CRS_R43424,CRS,3325,2
CRS_RL33650,CRS,10755,6
CRS_RL32136,CRS,8908,5
CRS_R42066,CRS,8518,5
CRS_RL33305,CRS,17197,9
CRS_R41958,CRS,6802,4
CRS_R42390,CRS,13732,7
CRS_R40127,CRS,11858,6
CRS_R43241,CRS,6450,4
CRS_RL32753,CRS,5881,3
CRS_R43969,CRS,3032,2
CRS_RL31663,CRS,9705,5
CRS_R40886,CRS,26094,13
CRS_R45024,CRS,9341,5
CRS_R44516,CRS,33290,17
CRS_RL34170,CRS,13589,7
CRS_R42047,CRS,6942,4
CRS_RS21416,CRS,2732,2
CRS_R43852,CRS,13359,7
CRS_R40183,CRS,6147,4
CRS_RL33365,CRS,11705,6
CRS_R43150,CRS,3153,2
CRS_RL33172,CRS,5280,3
CRS_RL31757,CRS,10240,5
CRS_RL33923,CRS,13182,7
CRS_RL32595,CRS,7537,4
CRS_98-282,CRS,3046,2
CRS_R44672,CRS,6050,3
CRS_R41460,CRS,27314,14
CRS_RL32949,CRS,7685,4
CRS_RL34189,CRS,15993,8
CRS_R42046,CRS,17587,9
CRS_R44463,CRS,5534,3
CRS_RL31595,CRS,4725,3
CRS_R44031,CRS,17045,9
CRS_RS22397,CRS,2609,2
CRS_R44451,CRS,4326,3
CRS_96-397,CRS,17470,9
CRS_R40690,CRS,7029,4
CRS_R44544,CRS,9640,5
CRS_RL34489,CRS,25751,13
CRS_RL32849,CRS,2781,2
CRS_RS22656,CRS,2386,2
CRS_RS22623,CRS,2437,2
CRS_R42381,CRS,3089,2
CRS_RL32877,CRS,6853,4
CRS_RL33625,CRS,2276,2
CRS_R43213,CRS,8085,4
CRS_R44224,CRS,9800,5
CRS_R42806,CRS,11420,6
CRS_R41148,CRS,1806,1
CRS_RL31830,CRS,8771,5
CRS_R42518,CRS,6201,4
CRS_R45158,CRS,5854,3
CRS_RL33042,CRS,15410,8
CRS_RL33956,CRS,9168,5
CRS_R43181,CRS,9766,5
CRS_R40628,CRS,5739,3
CRS_R42090,CRS,3931,2
CRS_R41062,CRS,4807,3
CRS_RL31357,CRS,13028,7
CRS_RL34558,CRS,16473,9
CRS_R40235,CRS,12736,7
CRS_RL34741,CRS,7642,4
CRS_R44869,CRS,7892,4
CRS_R43323,CRS,25181,13
CRS_R40943,CRS,62916,31
CRS_RL33488,CRS,3966,2
CRS_RS21121,CRS,3483,2
CRS_R43917,CRS,10780,6
CRS_R41069,CRS,3249,2
CRS_RL34640,CRS,6282,4
CRS_R45330,CRS,8380,5
CRS_R41718,CRS,9589,5
CRS_RL32839,CRS,7182,4
CRS_RS22663,CRS,5692,3
CRS_RL33975,CRS,20298,10
CRS_RL30502,CRS,35245,18
CRS_RS21542,CRS,3105,2
CRS_RS21831,CRS,3490,2
CRS_R42033,CRS,17048,9
CRS_RL34318,CRS,7891,4
CRS_R43092,CRS,13593,7
CRS_RL32796,CRS,8735,5
CRS_R45187,CRS,3419,2
CRS_RL33311,CRS,6228,4
CRS_R40876,CRS,3211,2
CRS_R44818,CRS,13699,7
CRS_R44744,CRS,7295,4
CRS_RS20139,CRS,2709,2
CRS_RS21383,CRS,1926,1
CRS_R43919,CRS,9152,5
CRS_R40669,CRS,27905,14
CRS_RL32321,CRS,23991,12
CRS_R40552,CRS,12842,7
CRS_R40665,CRS,2970,2
CRS_R40415,CRS,17331,9
CRS_RS20830,CRS,4039,2
CRS_R43398,CRS,6467,4
CRS_R41128,CRS,4905,3
CRS_R44315,CRS,7830,4
CRS_R40227,CRS,4658,3
CRS_RL31650,CRS,9666,5
CRS_R41552,CRS,18318,9
CRS_R45035,CRS,5830,3
CRS_R44807,CRS,17422,9
CRS_R43165,CRS,6338,4
CRS_RL34009,CRS,28943,15
CRS_R40467,CRS,10445,6
CRS_R44621,CRS,9625,5
CRS_R44181,CRS,7120,4
CRS_R40092,CRS,17786,9
CRS_RL33688,CRS,17501,9
CRS_RL34722,CRS,20532,11
CRS_RL34361,CRS,8076,4
CRS_RS22869,CRS,6076,3
CRS_R42975,CRS,6976,4
CRS_RL30205,CRS,19179,10
CRS_RL34670,CRS,11134,6
CRS_RL33077,CRS,6174,4
CRS_RS22576,CRS,2799,2
CRS_RL34087,CRS,19436,10
CRS_R42809,CRS,3631,2
CRS_R43835,CRS,3904,2
CRS_R41814,CRS,885,1
CRS_R41259,CRS,16959,9
CRS_R41675,CRS,13169,7
CRS_R41664,CRS,4262,3
CRS_RL30016,CRS,5809,3
CRS_RS22947,CRS,5268,3
CRS_RL33515,CRS,4612,3
CRS_R41975,CRS,6373,4
CRS_R42763,CRS,4859,3
CRS_R42681,CRS,5621,3
CRS_R43322,CRS,17442,9
CRS_R45316,CRS,14238,7
CRS_R40575,CRS,6452,4
CRS_R44461,CRS,10001,5
CRS_RL34576,CRS,4579,3
CRS_RL34266,CRS,9334,5
CRS_R40830,CRS,14066,7
CRS_RL30889,CRS,10055,5
CRS_RL31026,CRS,2971,2
CRS_R43892,CRS,9960,5
CRS_R42490,CRS,8308,5
CRS_R42582,CRS,19674,10
CRS_R42386,CRS,12102,6
CRS_RL33888,CRS,15209,8
CRS_RL33325,CRS,12669,7
CRS_R40216,CRS,8699,5
CRS_R43779,CRS,7435,4
CRS_R44573,CRS,11542,6
CRS_R43802,CRS,2605,2
CRS_R40745,CRS,30762,16
CRS_RL33611,CRS,37931,19
CRS_R45051,CRS,12335,7
CRS_RL33607,CRS,15012,8
CRS_RL30255,CRS,10418,6
CRS_R40823,CRS,3437,2
CRS_RL34317,CRS,25647,13
CRS_95-926,CRS,159,1
CRS_R42633,CRS,5148,3
CRS_RL34246,CRS,9220,5
CRS_RL30548,CRS,12269,6
CRS_R44409,CRS,6394,4
CRS_R42360,CRS,13096,7
CRS_RS22323,CRS,8933,5
CRS_R42017,CRS,14569,8
CRS_R43302,CRS,14230,7
CRS_R43258,CRS,20222,10
CRS_RL34612,CRS,12866,7
CRS_R43201,CRS,25441,13
CRS_RL34725,CRS,16984,9
CRS_RL32189,CRS,10513,6
CRS_R44337,CRS,8253,5
CRS_R40612,CRS,15927,8
CRS_RL33828,CRS,26342,13
CRS_R42016,CRS,8246,5
CRS_RS22754,CRS,1622,1
CRS_R42532,CRS,8079,4
CRS_RL33111,CRS,5143,3
CRS_RS22855,CRS,12163,6
CRS_RL31600,CRS,16065,8
CRS_R40176,CRS,3133,2
CRS_RS21164,CRS,3724,2
CRS_R42965,CRS,15726,8
CRS_RL32154,CRS,12434,7
CRS_RL32944,CRS,11255,6
CRS_RL33552,CRS,12429,7
CRS_RL33505,CRS,8072,4
CRS_R42950,CRS,5964,3
CRS_R41861,CRS,33905,17
CRS_R44522,CRS,7861,4
CRS_R42569,CRS,16518,9
CRS_R43141,CRS,5217,3
CRS_RL34641,CRS,11683,6
CRS_97-645,CRS,16134,8
CRS_R40770,CRS,9258,5
CRS_RL33900,CRS,35227,18
CRS_R44896,CRS,6920,4
CRS_RS22188,CRS,1510,1
CRS_RS21337,CRS,1946,1
CRS_R40157,CRS,7702,4
CRS_R44826,CRS,3939,2
CRS_R41241,CRS,6432,4
CRS_R44329,CRS,5945,3
CRS_RL31789,CRS,16522,9
CRS_R44681,CRS,22246,11
CRS_RL33915,CRS,12762,7
CRS_R43498,CRS,11033,6
CRS_R43845,CRS,4793,3
CRS_R42054,CRS,4819,3
CRS_R41398,CRS,10582,6
CRS_R42336,CRS,12734,7
CRS_R41534,CRS,9913,5
CRS_RL33624,CRS,10255,6
CRS_R41322,CRS,6883,4
CRS_R42327,CRS,12707,7
CRS_R42696,CRS,5666,3
CRS_R44046,CRS,21719,11
CRS_RS22458,CRS,3138,2
CRS_R41854,CRS,6500,4
CRS_R44676,CRS,8030,4
CRS_R43816,CRS,15690,8
CRS_R42575,CRS,5991,3
CRS_RL32337,CRS,18807,10
CRS_R44006,CRS,5034,3
CRS_RL33247,CRS,17951,9
CRS_R41208,CRS,12603,7
CRS_RL33657,CRS,8536,5
CRS_R40819,CRS,3762,2
CRS_R44174,CRS,1873,1
CRS_R42762,CRS,16258,8
CRS_RS22572,CRS,3221,2
CRS_R43981,CRS,5787,3
CRS_R44292,CRS,15433,8
CRS_RS20722,CRS,3220,2
CRS_R42770,CRS,12414,7
CRS_R45067,CRS,4387,3
CRS_R42631,CRS,5260,3
CRS_R44794,CRS,4677,3
CRS_R44701,CRS,16058,8
CRS_R43830,CRS,2996,2
CRS_R42095,CRS,12139,6
CRS_RL32657,CRS,4616,3
CRS_R43972,CRS,22071,11
CRS_R40758,CRS,7197,4
CRS_R42848,CRS,17176,9
CRS_RL34561,CRS,11716,6
CRS_RL34080,CRS,9599,5
CRS_RL34094,CRS,4541,3
CRS_R41747,CRS,3311,2
CRS_R40592,CRS,4914,3
CRS_RL33586,CRS,2879,2
CRS_RL34145,CRS,8848,5
CRS_R41107,CRS,10772,6
CRS_R42825,CRS,7051,4
CRS_R41934,CRS,11015,6
CRS_R44775,CRS,25100,13
CRS_R43980,CRS,11770,6
CRS_RL32884,CRS,11609,6
CRS_R44984,CRS,13772,7
CRS_R40182,CRS,3947,2
CRS_R43791,CRS,8969,5
CRS_R41249,CRS,5205,3
CRS_R42019,CRS,8978,5
CRS_R43057,CRS,6541,4
CRS_R43718,CRS,4273,3
CRS_R44740,CRS,3525,2
CRS_R42642,CRS,13033,7
CRS_R44827,CRS,6062,3
CRS_R42405,CRS,13669,7
CRS_R43312,CRS,8571,5
CRS_R42068,CRS,5328,3
CRS_RL34419,CRS,12117,6
CRS_R41927,CRS,18201,9
CRS_R41143,CRS,13909,7
CRS_R44104,CRS,11539,6
CRS_R44015,CRS,11826,6
CRS_RL30470,CRS,8681,5
CRS_R44716,CRS,14241,7
CRS_RS22462,CRS,3213,2
CRS_R42755,CRS,10423,6
CRS_R41698,CRS,2892,2
CRS_95-416,CRS,4452,3
CRS_RL31408,CRS,10368,6
CRS_R41431,CRS,35541,18
CRS_RS22440,CRS,2648,2
CRS_R40701,CRS,14196,7
CRS_RS22281,CRS,2028,1
CRS_R44878,CRS,1868,1
CRS_R42584,CRS,13479,7
CRS_RL32746,CRS,12180,6
CRS_R44256,CRS,13189,7
CRS_RS20185,CRS,2645,2
CRS_RL34409,CRS,3943,2
CRS_RL34279,CRS,8816,5
CRS_RL33849,CRS,14838,8
CRS_RL32347,CRS,11427,6
CRS_RS22827,CRS,2266,2
CRS_RL34217,CRS,16329,8
CRS_RL33800,CRS,16245,8
CRS_R42932,CRS,6472,4
CRS_R41785,CRS,6763,4
CRS_R41686,CRS,5130,3
CRS_RL34461,CRS,46259,23
CRS_RL33188,CRS,4897,3
CRS_RL34588,CRS,13207,7
CRS_R40897,CRS,6188,4
CRS_RS22030,CRS,20671,11
CRS_RL32982,CRS,7438,4
CRS_R45201,CRS,1139,1
CRS_RL31478,CRS,17043,9
CRS_R42343,CRS,2891,2
CRS_95-712,CRS,2643,2
CRS_RL32625,CRS,5367,3
CRS_R41336,CRS,14979,8
CRS_R41520,CRS,5109,3
CRS_RS22409,CRS,2883,2
CRS_R42440,CRS,37426,19
CRS_R41294,CRS,3256,2
CRS_R42736,CRS,15443,8
CRS_RL34022,CRS,17860,9
CRS_R43301,CRS,4074,2
CRS_RL33927,CRS,18503,10
CRS_R40917,CRS,5621,3
CRS_RL30802,CRS,13602,7
CRS_R42032,CRS,10827,6
CRS_R40135,CRS,15997,8
CRS_R40945,CRS,11584,6
CRS_R42091,CRS,4545,3
CRS_R45400,CRS,12969,7
CRS_RL31625,CRS,6679,4
CRS_R44155,CRS,7907,4
CRS_R41420,CRS,5324,3
CRS_RL31808,CRS,44723,22
CRS_R43571,CRS,51762,26
CRS_R40432,CRS,7469,4
CRS_R42099,CRS,7691,4
CRS_R44348,CRS,13355,7
CRS_RS22453,CRS,2878,2
CRS_R40538,CRS,2334,2
CRS_R41727,CRS,5630,3
CRS_R43328,CRS,9799,5
CRS_R43630,CRS,3529,2
CRS_R43664,CRS,3390,2
CRS_R40180,CRS,3729,2
CRS_R44437,CRS,9563,5
CRS_R44196,CRS,20997,11
CRS_RS22497,CRS,2880,2
CRS_RL33245,CRS,4349,3
CRS_R44475,CRS,9588,5
CRS_RL33299,CRS,8526,5
CRS_R41324,CRS,14441,8
CRS_RL33783,CRS,3560,2
CRS_R42372,CRS,8375,5
CRS_R43418,CRS,10264,6
CRS_R43828,CRS,2654,2
CRS_RL33408,CRS,13654,7
CRS_R44839,CRS,18793,10
CRS_R41244,CRS,3668,2
CRS_R43788,CRS,20988,11
CRS_R43635,CRS,15407,8
CRS_R41243,CRS,8661,5
CRS_R44481,CRS,7045,4
CRS_R40825,CRS,4289,3
CRS_R41681,CRS,1816,1
CRS_R41254,CRS,24568,12
CRS_R44123,CRS,8317,5
CRS_R41390,CRS,3749,2
CRS_RL32754,CRS,22584,12
CRS_R41937,CRS,2343,2
CRS_R44856,CRS,9125,5
CRS_RL32324,CRS,15090,8
CRS_R41985,CRS,22912,12
CRS_RL31351,CRS,11151,6
CRS_RS22811,CRS,3235,2
CRS_RS22167,CRS,2020,1
CRS_RL32840,CRS,10744,6
CRS_RL30975,CRS,6194,4
CRS_RL34592,CRS,20783,11
CRS_R45113,CRS,15467,8
CRS_R43394,CRS,7105,4
CRS_R42542,CRS,4781,3
CRS_RL33707,CRS,7449,4
CRS_R40096,CRS,11151,6
CRS_R42140,CRS,7034,4
CRS_RL32453,CRS,6516,4
CRS_R44215,CRS,15962,8
CRS_RL33836,CRS,22119,11
CRS_R41290,CRS,14629,8
CRS_R43694,CRS,2633,2
CRS_R41637,CRS,5473,3
CRS_RL34643,CRS,6470,4
CRS_R44662,CRS,20344,10
CRS_R40233,CRS,27744,14
CRS_95-1135,CRS,9254,5
CRS_R45416,CRS,11361,6
CRS_R41007,CRS,16788,9
CRS_R44764,CRS,2596,2
CRS_RL33599,CRS,14157,7
CRS_R44712,CRS,5823,3
CRS_RL33250,CRS,5734,3
CRS_RL34746,CRS,18870,10
CRS_RS22706,CRS,2170,2
CRS_R42988,CRS,8120,4
CRS_R44502,CRS,36719,18
CRS_RL31861,CRS,9566,5
CRS_RL32244,CRS,7083,4
CRS_R42674,CRS,3521,2
CRS_R41357,CRS,6605,4
CRS_RL30759,CRS,9537,5
CRS_RL33670,CRS,8762,5
CRS_R43343,CRS,9001,5
CRS_RS22218,CRS,2749,2
CRS_R42859,CRS,9394,5
CRS_RL33890,CRS,7659,4
CRS_RL32260,CRS,10399,6
CRS_R40113,CRS,9687,5
CRS_RS20958,CRS,1763,1
CRS_RS22652,CRS,3210,2
CRS_R44107,CRS,1327,1
CRS_RL31236,CRS,11897,6
CRS_R43383,CRS,10652,6
CRS_RS22345,CRS,4085,2
CRS_RL33517,CRS,5460,3
CRS_R41891,CRS,6709,4
CRS_RL31948,CRS,7016,4
CRS_R44229,CRS,10887,6
CRS_RS22851,CRS,2081,2
CRS_R43632,CRS,3299,2
CRS_98-871,CRS,9737,5
CRS_RL33907,CRS,10399,6
CRS_R42328,CRS,23858,12
CRS_RS21176,CRS,1909,1
CRS_RL32806,CRS,24741,13
CRS_R41286,CRS,3388,2
CRS_R44756,CRS,4467,3
CRS_RL32906,CRS,4283,3
CRS_R43941,CRS,21677,11
CRS_R42632,CRS,10000,5
CRS_RS20826,CRS,3679,2
CRS_R45009,CRS,6321,4
CRS_RS22780,CRS,1404,1
CRS_R40831,CRS,37504,19
CRS_RL34043,CRS,3324,2
CRS_R44503,CRS,12584,7
CRS_R41310,CRS,3652,2
CRS_RL32073,CRS,11751,6
CRS_RL34046,CRS,13556,7
CRS_RL34632,CRS,7456,4
CRS_RS21688,CRS,2527,2
CRS_R43651,CRS,6490,4
CRS_RL34701,CRS,14271,7
CRS_R43426,CRS,8100,4
CRS_RL32492,CRS,3082,2
CRS_R44586,CRS,7291,4
CRS_R41779,CRS,8954,5
CRS_RL30304,CRS,14784,8
CRS_R45453,CRS,4110,3
CRS_R41671,CRS,13748,7
CRS_RL32360,CRS,13573,7
CRS_R45440,CRS,6153,4
CRS_R45264,CRS,6501,4
CRS_R41839,CRS,3429,2
CRS_R41138,CRS,9109,5
CRS_R44691,CRS,18888,10
CRS_RL31688,CRS,39537,20
CRS_R41761,CRS,21014,11
CRS_RL34491,CRS,1079,1
CRS_98-938,CRS,7760,4
CRS_RL33416,CRS,7066,4
CRS_R42325,CRS,7859,4
CRS_RS22709,CRS,3930,2
CRS_R41971,CRS,28119,14
CRS_RL33861,CRS,9355,5
CRS_RL34239,CRS,1470,1
CRS_RL33286,CRS,3833,2
CRS_R44023,CRS,12164,6
CRS_R41810,CRS,9032,5
CRS_RL33636,CRS,14151,7
CRS_RS21714,CRS,3155,2
CRS_R42756,CRS,4656,3
CRS_RL34652,CRS,6492,4
CRS_R44122,CRS,7944,4
CRS_RL34063,CRS,11014,6
CRS_R42626,CRS,7393,4
CRS_R40462,CRS,4531,3
CRS_RS20985,CRS,2613,2
CRS_R44755,CRS,4316,3
CRS_R43014,CRS,20446,10
CRS_RL33976,CRS,17825,9
CRS_RL31599,CRS,5782,3
CRS_R40697,CRS,2549,2
CRS_RL33558,CRS,22657,12
CRS_R41473,CRS,30026,15
CRS_R42387,CRS,10656,6
CRS_RL30273,CRS,10572,6
CRS_R44627,CRS,9291,5
CRS_R45302,CRS,8009,4
CRS_RS22852,CRS,3694,2
CRS_R41495,CRS,12197,6
CRS_R42493,CRS,14295,7
CRS_R41179,CRS,8437,5
CRS_RL33270,CRS,4976,3
CRS_R45253,CRS,6062,3
CRS_R42713,CRS,8791,5
CRS_RL34223,CRS,6630,4
CRS_R45207,CRS,14199,7
CRS_RL32680,CRS,13398,7
CRS_R44158,CRS,8322,5
CRS_R42576,CRS,5700,3
CRS_RL31957,CRS,40660,20
CRS_R44069,CRS,6576,4
CRS_R41325,CRS,33639,17
CRS_R44845,CRS,14193,7
CRS_RL31686,CRS,5942,3
CRS_R44404,CRS,5007,3
CRS_R41703,CRS,1072,1
CRS_R44303,CRS,7284,4
CRS_R44710,CRS,7691,4
CRS_R43954,CRS,5373,3
CRS_RS21293,CRS,4349,3
CRS_RL34294,CRS,12347,7
CRS_R41228,CRS,7876,4
CRS_R45173,CRS,7637,4
CRS_R44914,CRS,10747,6
CRS_R43155,CRS,7590,4
CRS_R42993,CRS,8119,4
CRS_RL34016,CRS,12506,7
CRS_RL32683,CRS,2365,2
CRS_RL30764,CRS,5761,3
CRS_R41754,CRS,12186,6
CRS_R41867,CRS,12349,7
CRS_R44079,CRS,1504,1
CRS_RL31407,CRS,18738,10
CRS_RL33771,CRS,12229,6
CRS_RS20550,CRS,3036,2
CRS_R42585,CRS,7767,4
CRS_R42111,CRS,3472,2
CRS_R44605,CRS,5250,3
CRS_R42530,CRS,10743,6
CRS_R41955,CRS,3339,2
CRS_RS21372,CRS,12317,7
CRS_R44299,CRS,18016,9
CRS_RL33335,CRS,8773,5
CRS_RS22175,CRS,1868,1
CRS_R43072,CRS,4310,3
CRS_RS20388,CRS,2823,2
CRS_R42085,CRS,10020,5
CRS_RL34445,CRS,12154,6
CRS_R42410,CRS,27991,14
CRS_RL31005,CRS,43018,22
CRS_R42478,CRS,2732,2
CRS_R41609,CRS,4117,3
CRS_R40225,CRS,32038,16
CRS_R43631,CRS,8830,5
CRS_RL33780,CRS,8302,5
CRS_R45005,CRS,5069,3
CRS_R41633,CRS,15465,8
CRS_R41913,CRS,2802,2
CRS_RL31911,CRS,3970,2
CRS_R44032,CRS,5356,3
CRS_RS20762,CRS,2927,2
CRS_R40122,CRS,20620,11
CRS_R40924,CRS,17216,9
CRS_R43215,CRS,19732,10
CRS_RS22223,CRS,4352,3
CRS_RL30440,CRS,4617,3
CRS_RL33535,CRS,3167,2
CRS_R42404,CRS,5422,3
CRS_R42791,CRS,5937,3
CRS_RS21004,CRS,1971,1
CRS_RL33063,CRS,8429,5
CRS_RL34333,CRS,8427,5
CRS_R42985,CRS,39112,20
CRS_R40175,CRS,5272,3
CRS_RS21827,CRS,4665,3
CRS_RL32821,CRS,16759,9
CRS_RS20918,CRS,567,1
CRS_RL33677,CRS,17170,9
CRS_RL31057,CRS,9691,5
CRS_RL31115,CRS,20121,10
CRS_R42660,CRS,4378,3
CRS_R43397,CRS,1566,1
CRS_RL34583,CRS,5371,3
CRS_R43202,CRS,5431,3
CRS_R42431,CRS,6645,4
CRS_R41855,CRS,19803,10
CRS_R42326,CRS,6120,3
CRS_R44903,CRS,10992,6
CRS_RL34569,CRS,8922,5
CRS_R43840,CRS,3947,2
CRS_RL32187,CRS,3055,2
CRS_R45313,CRS,4194,3
CRS_R45303,CRS,10143,5
CRS_R40080,CRS,6322,4
CRS_RL30804,CRS,12575,7
CRS_RL32268,CRS,7239,4
CRS_RL31517,CRS,12711,7
CRS_R45090,CRS,10684,6
CRS_R44483,CRS,9259,5
CRS_R44884,CRS,10029,5
CRS_RL33166,CRS,27774,14
CRS_RL31906,CRS,6907,4
CRS_RL34595,CRS,10457,6
CRS_R44523,CRS,6174,4
CRS_RL34646,CRS,4677,3
CRS_R43496,CRS,12282,6
CRS_R43829,CRS,10021,5
CRS_97-1057,CRS,32209,16
CRS_R41868,CRS,5293,3
CRS_RL32666,CRS,5224,3
CRS_RL30520,CRS,6063,3
CRS_R45015,CRS,6520,4
CRS_R43801,CRS,11634,6
CRS_RL31811,CRS,45006,22
CRS_R40786,CRS,5467,3
CRS_RL30877,CRS,6450,4
CRS_R42393,CRS,12244,6
CRS_RL30461,CRS,5606,3
CRS_RS22785,CRS,1081,1
CRS_R40836,CRS,10937,6
CRS_R44527,CRS,3683,2
CRS_R42323,CRS,17193,9
CRS_RL33411,CRS,3764,2
CRS_RL34696,CRS,27195,14
CRS_RS22887,CRS,2507,2
CRS_RL31367,CRS,20148,10
CRS_R43979,CRS,17559,9
CRS_R42010,CRS,14386,8
CRS_R43999,CRS,18835,10
CRS_R45314,CRS,17727,9
CRS_R41896,CRS,30421,15
CRS_R44510,CRS,5913,3
CRS_RL32672,CRS,5317,3
CRS_R43330,CRS,10173,5
CRS_R43163,CRS,3631,2
CRS_R44726,CRS,3005,2
CRS_RL31986,CRS,30035,15
CRS_RL34497,CRS,10754,6
CRS_R42868,CRS,22632,12
CRS_R42065,CRS,4174,3
CRS_R40841,CRS,16405,9
CRS_R42366,CRS,4075,2
CRS_R43259,CRS,9600,5
CRS_R43247,CRS,13101,7
CRS_RL34194,CRS,18072,9
CRS_RL33213,CRS,3066,2
CRS_RL32950,CRS,8837,5
CRS_R42460,CRS,9446,5
CRS_R40243,CRS,4483,3
CRS_RS21683,CRS,1832,1
CRS_R44603,CRS,12544,7
CRS_R43000,CRS,17919,9
CRS_RS22792,CRS,1459,1
CRS_R43803,CRS,8099,4
CRS_R42822,CRS,8325,5
CRS_R44690,CRS,6050,3
CRS_R42391,CRS,7493,4
CRS_RL33589,CRS,4462,3
CRS_R43211,CRS,10791,6
CRS_R43178,CRS,7907,4
CRS_RL33887,CRS,5036,3
CRS_R42553,CRS,10971,6
CRS_R43064,CRS,16916,9
CRS_R41801,CRS,10085,5
CRS_R44594,CRS,12655,7
CRS_RL32352,CRS,17346,9
CRS_RL33576,CRS,18629,10
CRS_RL30149,CRS,5358,3
CRS_RL32907,CRS,6459,4
CRS_RL32927,CRS,9770,5
CRS_R45448,CRS,7406,4
CRS_RL31431,CRS,4812,3
CRS_RL33146,CRS,11919,6
CRS_R42385,CRS,3822,2
CRS_R42504,CRS,16482,9
CRS_R43349,CRS,5725,3
CRS_R41209,CRS,6978,4
CRS_R43637,CRS,2224,2
CRS_R43335,CRS,5239,3
CRS_RL30143,CRS,34792,17
CRS_RL33779,CRS,13154,7
CRS_R43385,CRS,6352,4
CRS_R41340,CRS,39702,20
CRS_R40756,CRS,10562,6
CRS_RL33542,CRS,11344,6
CRS_RL33565,CRS,15957,8
CRS_RL32905,CRS,29666,15
CRS_RL32493,CRS,26194,13
CRS_RL32566,CRS,20420,10
CRS_R43677,CRS,8402,5
CRS_R44610,CRS,6916,4
CRS_R40772,CRS,21036,11
CRS_R43102,CRS,2939,2
CRS_RL33548,CRS,48271,24
CRS_R44424,CRS,5651,3
CRS_RL33644,CRS,9252,5
CRS_R44562,CRS,5372,3
CRS_RL31446,CRS,47540,24
CRS_R40810,CRS,12811,7
CRS_RS20748,CRS,3998,2
CRS_R44395,CRS,62668,31
CRS_R41140,CRS,20933,11
CRS_R42944,CRS,10757,6
CRS_RL33476,CRS,12794,7
CRS_R41711,CRS,3404,2
CRS_RL32094,CRS,10987,6
CRS_R42942,CRS,6460,4
CRS_RL32142,CRS,33103,17
CRS_R41368,CRS,14011,7
CRS_RL34526,CRS,18603,10
CRS_98-194,CRS,32751,16
CRS_R43110,CRS,28563,14
CRS_R41235,CRS,3699,2
CRS_R42732,CRS,7135,4
CRS_RL32571,CRS,19475,10
CRS_R44723,CRS,12566,7
CRS_R45291,CRS,3258,2
CRS_RL31696,CRS,8697,5
CRS_RL33802,CRS,7026,4
CRS_R41944,CRS,6003,3
CRS_R44199,CRS,8021,4
CRS_R45269,CRS,2042,1
CRS_RL34752,CRS,593,1
CRS_R43200,CRS,5016,3
CRS_R40106,CRS,4690,3
CRS_R44057,CRS,12672,7
CRS_RL34222,CRS,6917,4
CRS_RL34339,CRS,11883,6
CRS_R45216,CRS,8531,5
CRS_R41044,CRS,4920,3
CRS_R44300,CRS,11559,6
CRS_RS22219,CRS,2607,2
CRS_R43015,CRS,8138,4
CRS_R40529,CRS,2431,2
CRS_R43712,CRS,7296,4
CRS_RL31278,CRS,60575,30
CRS_R43002,CRS,4874,3
CRS_R42517,CRS,11133,6
CRS_RL34326,CRS,16424,9
CRS_RL33175,CRS,3175,2
CRS_R41344,CRS,3212,2
CRS_RL30938,CRS,10326,6
CRS_R44713,CRS,9542,5
CRS_RL33544,CRS,21618,11
CRS_R42754,CRS,8379,5
CRS_R40849,CRS,28355,14
CRS_R45174,CRS,7598,4
CRS_RL32851,CRS,8730,5
CRS_R42481,CRS,19337,10
CRS_R42986,CRS,12243,6
CRS_R44388,CRS,10023,5
CRS_R41977,CRS,4667,3
CRS_RL34637,CRS,5810,3
CRS_R44137,CRS,5959,3
CRS_RS21907,CRS,2123,2
CRS_R40009,CRS,6531,4
CRS_R41466,CRS,4195,3
CRS_RL32301,CRS,24942,13
CRS_R41904,CRS,4268,3
CRS_R44963,CRS,4204,3
CRS_RS21706,CRS,1777,1
CRS_R43455,CRS,11024,6
CRS_R43227,CRS,4130,3
CRS_RL32496,CRS,37049,19
CRS_R42746,CRS,7189,4
CRS_R45042,CRS,4193,3
CRS_98-666,CRS,3810,2
CRS_R42757,CRS,4293,3
CRS_RL32751,CRS,6625,4
CRS_RL34365,CRS,8662,5
CRS_R44379,CRS,3536,2
CRS_RL32252,CRS,13860,7
CRS_R42741,CRS,16548,9
CRS_R42954,CRS,6683,4
CRS_R41197,CRS,14543,8
CRS_R41986,CRS,11644,6
CRS_RL33545,CRS,17380,9
CRS_R44261,CRS,6021,3
CRS_RL33990,CRS,11010,6
CRS_R45403,CRS,13526,7
CRS_R40676,CRS,1545,1
CRS_R45434,CRS,12141,6
CRS_RL30792,CRS,4083,2
CRS_RL34201,CRS,14969,8
CRS_R41384,CRS,14534,8
CRS_R41682,CRS,12459,7
CRS_R41481,CRS,25096,13
CRS_95-387,CRS,11282,6
CRS_RL33232,CRS,5714,3
CRS_R43295,CRS,2130,2
CRS_R40784,CRS,8811,5
CRS_R44226,CRS,3017,2
CRS_R40740,CRS,13003,7
CRS_RS21659,CRS,2991,2
CRS_R45413,CRS,4537,3
CRS_R40806,CRS,8552,5
CRS_R41355,CRS,29833,15
CRS_RL32486,CRS,11925,6
CRS_R40659,CRS,5956,3
CRS_RL30213,CRS,13817,7
CRS_RL30959,CRS,8668,5
CRS_R42769,CRS,4463,3
CRS_RS22959,CRS,1904,1
CRS_R41914,CRS,23194,12
CRS_96-452,CRS,5326,3
CRS_RL31772,CRS,13220,7
CRS_R43207,CRS,13120,7
CRS_R40422,CRS,4800,3
CRS_RL34302,CRS,12253,6
CRS_RS21768,CRS,3679,2
CRS_RL33392,CRS,7449,4
CRS_R41840,CRS,9815,5
CRS_RL34552,CRS,12260,6
CRS_RL33643,CRS,8414,5
CRS_RL34051,CRS,18259,9
CRS_R44666,CRS,12332,7
CRS_R40582,CRS,11706,6
CRS_R43154,CRS,3916,2
CRS_R43037,CRS,20033,10
CRS_R43858,CRS,33562,17
CRS_RS21508,CRS,2125,2
CRS_98-1006,CRS,10615,6
CRS_RS22246,CRS,1167,1
CRS_RL31512,CRS,10337,6
CRS_RL31697,CRS,15822,8
CRS_R43446,CRS,27965,14
CRS_R43629,CRS,7934,4
CRS_R42777,CRS,5467,3
CRS_RL32924,CRS,25036,13
CRS_R40159,CRS,7565,4
CRS_R42761,CRS,4378,3
CRS_R41023,CRS,31966,16
CRS_R43130,CRS,14789,8
CRS_R44012,CRS,3273,2
CRS_R44892,CRS,6984,4
CRS_R44197,CRS,3541,2
CRS_R44112,CRS,2603,2
CRS_R42589,CRS,16702,9
CRS_RL32253,CRS,4214,3
CRS_R43887,CRS,4546,3
CRS_RL31689,CRS,7219,4
CRS_R42145,CRS,14110,7
CRS_RL32172,CRS,10794,6
CRS_R42864,CRS,23914,12
CRS_RL34450,CRS,4997,3
CRS_R41725,CRS,12470,7
CRS_R41981,CRS,5374,3
CRS_RL31406,CRS,24608,13
CRS_R45052,CRS,6695,4
CRS_RL34613,CRS,15482,8
CRS_R42663,CRS,11817,6
CRS_RL32967,CRS,4291,3
CRS_R41967,CRS,3186,2
CRS_R41848,CRS,6258,4
CRS_R44126,CRS,16402,9
CRS_RL31851,CRS,12162,6
CRS_RL33826,CRS,10693,6
CRS_RL34204,CRS,27928,14
CRS_R40466,CRS,8658,5
CRS_R41386,CRS,10133,5
CRS_RL33698,CRS,62623,31
CRS_RL33855,CRS,14455,8
CRS_RS22971,CRS,2540,2
CRS_R44751,CRS,11586,6
CRS_R41782,CRS,2477,2
CRS_RL33017,CRS,10251,6
CRS_R42480,CRS,15483,8
CRS_R44789,CRS,1955,1
CRS_R44189,CRS,15551,8
CRS_R41183,CRS,9468,5
CRS_R41766,CRS,5613,3
CRS_RL34490,CRS,9131,5
CRS_R44359,CRS,5468,3
CRS_R40215,CRS,1462,1
CRS_R44164,CRS,3112,2
CRS_R45123,CRS,6509,4
CRS_R42477,CRS,13146,7
CRS_RS22676,CRS,2437,2
CRS_RS21462,CRS,3033,2
CRS_R40551,CRS,10300,6
CRS_R40160,CRS,11550,6
CRS_RS20934,CRS,3314,2
CRS_R42521,CRS,6037,3
CRS_R42977,CRS,13793,7
CRS_R41434,CRS,5347,3
CRS_RS22019,CRS,1737,1
CRS_R41043,CRS,11778,6
CRS_R42933,CRS,8941,5
CRS_R43974,CRS,2584,2
CRS_R43717,CRS,5759,3
CRS_R42652,CRS,3135,2
CRS_R41291,CRS,20812,11
CRS_RL31448,CRS,12799,7
CRS_R40242,CRS,17988,9
CRS_R41253,CRS,2702,2
CRS_RS22097,CRS,3562,2
CRS_R43289,CRS,4938,3
CRS_RL30798,CRS,60516,30
CRS_R45033,CRS,9646,5
CRS_R41684,CRS,3034,2
CRS_RL32761,CRS,2647,2
CRS_RS21554,CRS,2068,2
CRS_R43678,CRS,5503,3
CRS_RL34007,CRS,5584,3
CRS_R40764,CRS,6243,4
CRS_RL34121,CRS,11316,6
CRS_RL32044,CRS,28949,15
CRS_R44899,CRS,12877,7
CRS_RL33491,CRS,6158,4
CRS_RS22687,CRS,2662,2
CRS_R43749,CRS,8982,5
CRS_R40645,CRS,14904,8
CRS_RL33025,CRS,13730,7
CRS_R42592,CRS,10812,6
CRS_R44020,CRS,2559,2
CRS_RL34023,CRS,18501,10
CRS_R40801,CRS,46659,23
CRS_R40751,CRS,6823,4
CRS_R42765,CRS,6007,3
CRS_R40613,CRS,12933,7
CRS_R43087,CRS,23803,12
CRS_R42081,CRS,4603,3
CRS_R42503,CRS,6686,4
CRS_R45010,CRS,6961,4
CRS_R43086,CRS,29800,15
CRS_RL32937,CRS,4273,3
CRS_R41895,CRS,5491,3
CRS_R40724,CRS,10377,6
CRS_R44342,CRS,7680,4
CRS_R44673,CRS,7365,4
CRS_R41139,CRS,3491,2
CRS_R44417,CRS,205,1
CRS_RL31979,CRS,13593,7
CRS_R42596,CRS,5513,3
CRS_RL32834,CRS,4349,3
CRS_RL30252,CRS,15353,8
CRS_RS22862,CRS,3040,2
CRS_RS21409,CRS,2424,2
CRS_RL34423,CRS,5749,3
CRS_R43039,CRS,2921,2
CRS_R43340,CRS,8819,5
CRS_RL31886,CRS,7445,4
CRS_RL34536,CRS,5867,3
CRS_R44301,CRS,8239,5
CRS_R41869,CRS,14124,7
CRS_98-928,CRS,4598,3
CRS_95-602,CRS,10085,5
CRS_RL34352,CRS,3037,2
CRS_R41537,CRS,5825,3
CRS_R43928,CRS,6772,4
CRS_R42364,CRS,3208,2
CRS_RL30718,CRS,3377,2
CRS_RL33322,CRS,28529,14
CRS_R45073,CRS,23433,12
CRS_RL33083,CRS,16725,9
CRS_RL31993,CRS,12438,7
CRS_RL34106,CRS,11099,6
CRS_RL33575,CRS,13136,7
CRS_RL31146,CRS,7696,4
CRS_RL32141,CRS,1846,1
CRS_R41165,CRS,6142,3
CRS_R45243,CRS,10662,6
CRS_R40514,CRS,17815,9
CRS_R40728,CRS,15957,8
CRS_R41445,CRS,8579,5
CRS_R41478,CRS,15126,8
CRS_RL31712,CRS,3243,2
CRS_R41354,CRS,8649,5
CRS_R41347,CRS,13011,7
CRS_R40785,CRS,22943,12
CRS_RL32669,CRS,8165,4
CRS_RL33578,CRS,13016,7
CRS_R42354,CRS,5169,3
CRS_RL33033,CRS,19886,10
CRS_RL34560,CRS,8649,5
CRS_RL32684,CRS,6027,3
CRS_RL32885,CRS,44696,22
CRS_R40130,CRS,15008,8
CRS_R44881,CRS,10117,5
CRS_R42782,CRS,5965,3
CRS_R45083,CRS,19593,10
CRS_RL32695,CRS,3285,2
CRS_RL33903,CRS,14092,7
CRS_RL31972,CRS,2714,2
CRS_R43017,CRS,5167,3
CRS_RS22940,CRS,1927,1
CRS_R42996,CRS,13512,7
CRS_RL34086,CRS,11396,6
CRS_R41447,CRS,4048,2
CRS_98-368,CRS,3645,2
CRS_RS22768,CRS,3464,2
CRS_R40737,CRS,13956,7
CRS_R41248,CRS,2924,2
CRS_R44232,CRS,5783,3
CRS_R42964,CRS,3495,2
CRS_R40944,CRS,5397,3
CRS_RS20786,CRS,2481,2
CRS_RL33743,CRS,12011,6
CRS_RS22566,CRS,2865,2
CRS_RL32173,CRS,8127,4
CRS_R45115,CRS,31108,16
CRS_R41363,CRS,10711,6
CRS_R42353,CRS,4485,3
CRS_RL33489,CRS,8748,5
CRS_R41767,CRS,6561,4
CRS_R42373,CRS,8194,5
CRS_R41735,CRS,8107,4
CRS_R41404,CRS,11224,6
CRS_R41099,CRS,7240,4
CRS_R43814,CRS,6230,4
CRS_R41216,CRS,15640,8
CRS_RL31943,CRS,6079,3
CRS_R45136,CRS,20790,11
CRS_R40494,CRS,16170,8
CRS_RS20115,CRS,2138,2
CRS_R43255,CRS,4454,3
CRS_RS21794,CRS,2895,2
CRS_R41299,CRS,8659,5
CRS_RL34287,CRS,9236,5
CRS_RL32105,CRS,4076,2
CRS_R43042,CRS,2855,2
CRS_RL31916,CRS,542,1
CRS_RL32012,CRS,8688,5
CRS_RL32624,CRS,9517,5
CRS_R44392,CRS,2792,2
CRS_R42867,CRS,5275,3
CRS_R40828,CRS,5759,3
CRS_RL33760,CRS,46336,23
CRS_RS22772,CRS,1883,1
CRS_R45205,CRS,11915,6
CRS_R42399,CRS,8992,5
CRS_R41694,CRS,5386,3
CRS_97-1025,CRS,38558,19
CRS_R44535,CRS,2048,1
CRS_RS22837,CRS,2916,2
CRS_RS22845,CRS,3026,2
CRS_R45304,CRS,12139,6
CRS_R40421,CRS,8442,5
CRS_R44580,CRS,13200,7
CRS_RS22184,CRS,2247,2
CRS_R45192,CRS,5419,3
CRS_RL33894,CRS,23645,12
CRS_R41646,CRS,9799,5
CRS_RL32229,CRS,8030,4
CRS_RL34519,CRS,6756,4
CRS_R44864,CRS,3896,2
CRS_R45084,CRS,6324,4
CRS_R43450,CRS,18802,10
CRS_R43985,CRS,8892,5
CRS_RS22621,CRS,3843,2
CRS_R42818,CRS,9375,5
CRS_R42865,CRS,10202,5
CRS_RS20301,CRS,13210,7
CRS_R41483,CRS,9915,5
CRS_RL31339,CRS,31278,16
CRS_R44634,CRS,7112,4
CRS_R40892,CRS,42432,21
CRS_RL33679,CRS,19371,10
CRS_R41501,CRS,49931,25
CRS_R45139,CRS,4403,3
CRS_R43364,CRS,5677,3
CRS_RS22762,CRS,1782,1
CRS_RS20465,CRS,1912,1
CRS_R41210,CRS,38549,19
CRS_R41424,CRS,12838,7
CRS_R40813,CRS,6696,4
CRS_RS21816,CRS,2888,2
CRS_R43210,CRS,8108,4
CRS_R44848,CRS,10608,6
CRS_R41661,CRS,8540,5
CRS_RL33830,CRS,13843,7
CRS_RL32450,CRS,16751,9
CRS_RS22674,CRS,1360,1
CRS_RL34764,CRS,4025,2
CRS_RL32922,CRS,16315,8
CRS_R42574,CRS,4619,3
CRS_R44532,CRS,22987,12
CRS_RL33598,CRS,10009,5
CRS_RL33442,CRS,9520,5
CRS_R43598,CRS,7771,4
CRS_R40798,CRS,1556,1
CRS_R45012,CRS,8207,5
CRS_R45208,CRS,3556,2
CRS_RL30235,CRS,7007,4
CRS_RL33693,CRS,9780,5
CRS_R44828,CRS,8484,5
CRS_R44615,CRS,9225,5
CRS_R43106,CRS,6230,4
CRS_R44669,CRS,4753,3
CRS_R44812,CRS,11719,6
CRS_R42820,CRS,9776,5
CRS_R44940,CRS,7314,4
CRS_R41936,CRS,7762,4
CRS_R41298,CRS,13030,7
CRS_R44213,CRS,6543,4
CRS_R41440,CRS,8930,5
CRS_R44441,CRS,1864,1
CRS_R40189,CRS,3018,2
CRS_RL33417,CRS,4438,3
CRS_R43597,CRS,9258,5
CRS_R42951,CRS,6782,4
CRS_RL34137,CRS,7288,4
CRS_RL32964,CRS,5729,3
CRS_R42098,CRS,5282,3
CRS_RS20425,CRS,3562,2
CRS_RS20846,CRS,3782,2
CRS_R44060,CRS,2890,2
CRS_RL33135,CRS,6158,4
CRS_R40698,CRS,3480,2
CRS_RL33258,CRS,11038,6
CRS_R42613,CRS,18446,10
CRS_R44281,CRS,10737,6
CRS_R41250,CRS,39960,20
CRS_R41229,CRS,2421,2
CRS_98-486,CRS,6954,4
CRS_R42338,CRS,20586,11
CRS_RS22767,CRS,2801,2
CRS_R44067,CRS,3917,2
CRS_R40988,CRS,7297,4
CRS_R41453,CRS,574,1
CRS_R45186,CRS,20740,11
CRS_RL34440,CRS,14341,8
CRS_R44419,CRS,16552,9
CRS_RL30699,CRS,9997,5
CRS_RL32737,CRS,22594,12
CRS_R45029,CRS,5897,3
CRS_RL34712,CRS,10702,6
CRS_R43190,CRS,14840,8
CRS_R42856,CRS,9347,5
CRS_RL31312,CRS,15158,8
CRS_R44004,CRS,11078,6
CRS_R43849,CRS,1369,1
CRS_RS22607,CRS,3609,2
CRS_R43479,CRS,5605,3
CRS_RL32309,CRS,53001,26
CRS_R41323,CRS,6925,4
CRS_RS22294,CRS,1978,1
CRS_RL31676,CRS,14936,8
CRS_R42601,CRS,9350,5
CRS_RL34714,CRS,3951,2
CRS_R40448,CRS,8875,5
CRS_RS22081,CRS,2137,2
CRS_RS21824,CRS,1692,1
CRS_R40753,CRS,7236,4
CRS_RL33781,CRS,3726,2
CRS_R41435,CRS,8541,5
CRS_R44208,CRS,15681,8
CRS_RS22028,CRS,2736,2
CRS_R40484,CRS,7656,4
CRS_RL33330,CRS,3570,2
CRS_R43221,CRS,12516,7
CRS_R41871,CRS,1680,1
CRS_RL34547,CRS,3186,2
CRS_R40636,CRS,8951,5
CRS_RL33346,CRS,22754,12
CRS_R44617,CRS,4544,3
CRS_RL31002,CRS,38677,19
CRS_R44141,CRS,7987,4
CRS_R41786,CRS,12410,7
CRS_R43742,CRS,10998,6
CRS_97-86,CRS,2247,2
CRS_R40495,CRS,12120,6
CRS_R44507,CRS,8337,5
CRS_RL33344,CRS,14676,8
CRS_RL34130,CRS,3102,2
CRS_R43298,CRS,12808,7
CRS_RL31011,CRS,20095,10
CRS_R41653,CRS,5403,3
CRS_R40185,CRS,15625,8
CRS_RL33792,CRS,13094,7
CRS_RL33846,CRS,5726,3
CRS_R40821,CRS,22049,11
CRS_R44975,CRS,7572,4
CRS_RS22880,CRS,2965,2
CRS_RL33666,CRS,8966,5
CRS_RS22358,CRS,2843,2
CRS_RL31032,CRS,13384,7
CRS_R41626,CRS,2465,2
CRS_R40533,CRS,8694,5
CRS_RL34474,CRS,17819,9
CRS_R42995,CRS,6078,3
CRS_RL34308,CRS,8932,5
CRS_R42358,CRS,7345,4
CRS_R41312,CRS,5503,3
CRS_R40984,CRS,11922,6
CRS_R42590,CRS,4572,3
CRS_RL33551,CRS,26721,14
CRS_R41825,CRS,5742,3
CRS_RL31775,CRS,6526,4
CRS_RL31959,CRS,4903,3
CRS_R44039,CRS,3953,2
CRS_R43191,CRS,14077,7
CRS_RL34068,CRS,12768,7
CRS_RS20095,CRS,2210,2
CRS_R42786,CRS,9044,5
CRS_R40835,CRS,7195,4
CRS_RL33364,CRS,6212,4
CRS_R44195,CRS,2580,2
CRS_RL31867,CRS,4963,3
CRS_RL33703,CRS,11213,6
CRS_R45077,CRS,6686,4
CRS_RL33563,CRS,8162,4
CRS_RS21920,CRS,2796,2
CRS_R44722,CRS,6440,4
CRS_RL32115,CRS,15513,8
CRS_R45110,CRS,9290,5
CRS_R43088,CRS,2429,2
CRS_RL33420,CRS,24109,12
CRS_RL33858,CRS,9901,5
CRS_R41035,CRS,7678,4
CRS_R40792,CRS,3034,2
CRS_R45405,CRS,13782,7
CRS_RL31316,CRS,10964,6
CRS_RL34342,CRS,5227,3
CRS_R43821,CRS,6175,4
CRS_RL32011,CRS,4261,3
CRS_RL31500,CRS,9199,5
CRS_R44694,CRS,9899,5
CRS_R41631,CRS,5010,3
CRS_RS22644,CRS,2872,2
CRS_97-722,CRS,14526,8
CRS_R42432,CRS,6869,4
CRS_R42805,CRS,9617,5
CRS_R43567,CRS,42011,21
CRS_R41643,CRS,4873,3
CRS_R41237,CRS,22185,11
CRS_RL33748,CRS,24896,13
CRS_R43391,CRS,10934,6
CRS_95-964,CRS,12060,6
CRS_RS22624,CRS,2363,2
CRS_R40453,CRS,4850,3
CRS_R42500,CRS,12562,7
CRS_RL32273,CRS,9411,5
CRS_R43445,CRS,2922,2
CRS_RL34691,CRS,4980,3
CRS_RL34188,CRS,2971,2
CRS_RS22638,CRS,2734,2
CRS_R43929,CRS,6022,3
CRS_RS22872,CRS,2373,2
CRS_RL32700,CRS,5329,3
CRS_RL33834,CRS,18542,10
CRS_R44658,CRS,6334,4
CRS_R41693,CRS,6891,4
CRS_R42341,CRS,18682,10
CRS_RL32677,CRS,10230,5
CRS_R41349,CRS,15500,8
CRS_R45275,CRS,17187,9
CRS_R40543,CRS,21632,11
CRS_RS21690,CRS,2335,2
CRS_R40649,CRS,32012,16
CRS_RL33623,CRS,16089,8
CRS_RS22044,CRS,2704,2
CRS_RL32694,CRS,10770,6
CRS_R44455,CRS,14312,7
CRS_R40451,CRS,17990,9
CRS_RL34162,CRS,18741,10
CRS_R44371,CRS,8246,5
CRS_RS22696,CRS,2431,2
CRS_RL34510,CRS,13378,7
CRS_R40456,CRS,5553,3
CRS_R44659,CRS,3883,2
CRS_RL32515,CRS,7274,4
CRS_R42116,CRS,11833,6
CRS_R45028,CRS,1378,1
CRS_RL34639,CRS,41632,21
CRS_R44415,CRS,5646,3
CRS_R44003,CRS,21521,11
CRS_RL30732,CRS,14573,8
CRS_R44352,CRS,10640,6
CRS_RL30886,CRS,5483,3
CRS_RL31786,CRS,8123,4
CRS_R44002,CRS,4310,3
CRS_R42093,CRS,7618,4
CRS_R43690,CRS,6033,3
CRS_RL32014,CRS,54436,27
CRS_R44205,CRS,5084,3
CRS_RL30591,CRS,4340,3
CRS_RL31740,CRS,40704,20
CRS_R43464,CRS,3272,2
CRS_97-552,CRS,3167,2
CRS_R42509,CRS,9134,5
CRS_RS22930,CRS,1982,1
CRS_R40238,CRS,6527,4
CRS_R43680,CRS,10242,6
CRS_RL31263,CRS,2174,2
CRS_RL34206,CRS,12512,7
CRS_R44373,CRS,10169,5
CRS_RL31286,CRS,6502,4
CRS_R42783,CRS,6660,4
CRS_97-223,CRS,13166,7
CRS_R40861,CRS,7000,4
CRS_RL30513,CRS,11958,6
CRS_RL34599,CRS,15627,8
CRS_R44958,CRS,5635,3
CRS_R44655,CRS,20645,11
CRS_R42147,CRS,18715,10
CRS_R41599,CRS,4860,3
CRS_R45414,CRS,6822,4
CRS_R44470,CRS,9439,5
CRS_R42587,CRS,4979,3
CRS_RL33528,CRS,7559,4
CRS_RS21562,CRS,2170,2
CRS_R43970,CRS,3990,2
CRS_RL32918,CRS,9051,5
CRS_R44760,CRS,2501,2
CRS_RS20365,CRS,2689,2
CRS_R41672,CRS,4640,3
CRS_RS22975,CRS,2116,2
CRS_RS22941,CRS,4765,3
CRS_RL34296,CRS,13897,7
CRS_R42106,CRS,1590,1
CRS_R41750,CRS,19886,10
CRS_RL34528,CRS,7734,4
CRS_R43558,CRS,10590,6
CRS_R41144,CRS,18513,10
CRS_R44731,CRS,7787,4
CRS_R40808,CRS,4925,3
CRS_RL32147,CRS,8482,5
CRS_R40681,CRS,8236,5
CRS_R42640,CRS,3820,2
CRS_R41082,CRS,10342,6
CRS_RL31837,CRS,28967,15
CRS_R44886,CRS,4653,3
CRS_R42662,CRS,2529,2
CRS_R41864,CRS,10821,6
CRS_R40699,CRS,12598,7
CRS_R40617,CRS,13278,7
CRS_R41536,CRS,16751,9
CRS_R40455,CRS,2171,2
CRS_R41844,CRS,2655,2
CRS_R40152,CRS,6828,4
CRS_R42018,CRS,10057,5
CRS_R41417,CRS,5584,3
CRS_R44548,CRS,6224,4
CRS_R40111,CRS,5768,3
CRS_R43609,CRS,7644,4
CRS_R42089,CRS,8622,5
CRS_R43762,CRS,20531,11
CRS_RL32452,CRS,3346,2
CRS_R44429,CRS,9032,5
CRS_94-970,CRS,73931,37
CRS_R44153,CRS,6324,4
CRS_RL32775,CRS,15683,8
CRS_RL32872,CRS,9361,5
CRS_RL34362,CRS,16013,8
CRS_R40477,CRS,6688,4
CRS_R42526,CRS,17940,9
CRS_R42009,CRS,3200,2
CRS_RL32969,CRS,12099,6
CRS_RL33153,CRS,64246,32
CRS_R45251,CRS,6271,4
CRS_RS22236,CRS,3817,2
CRS_RL33222,CRS,10881,6
CRS_R40229,CRS,7446,4
CRS_R43336,CRS,7761,4
CRS_RS22535,CRS,2934,2
CRS_RL33814,CRS,35588,18
CRS_RL32072,CRS,9143,5
CRS_RS21297,CRS,8900,5
CRS_R43115,CRS,8243,5
CRS_R43686,CRS,7589,4
CRS_RL33973,CRS,5238,3
CRS_R40488,CRS,11309,6
CRS_RL34618,CRS,20714,11
CRS_R44480,CRS,14775,8
CRS_R42747,CRS,10123,5
CRS_RL33142,CRS,19964,10
CRS_RL34151,CRS,7498,4
CRS_RL34542,CRS,10129,5
CRS_RL33280,CRS,10371,6
CRS_RL32748,CRS,8420,5
CRS_R41164,CRS,2523,2
CRS_R43452,CRS,8812,5
CRS_R44260,CRS,10329,6
CRS_R42892,CRS,3068,2
CRS_R42960,CRS,7206,4
CRS_RL34205,CRS,16095,8
CRS_RS22776,CRS,2894,2
CRS_RS22742,CRS,3243,2
CRS_R44889,CRS,10979,6
CRS_R40181,CRS,7886,4
CRS_RL34660,CRS,3265,2
CRS_R41719,CRS,3498,2
CRS_R40134,CRS,3624,2
CRS_RL33383,CRS,8096,4
CRS_RL33170,CRS,4380,3
CRS_R43242,CRS,12870,7
CRS_RL34372,CRS,3014,2
CRS_RL33634,CRS,9593,5
CRS_R41878,CRS,19977,10
CRS_R42836,CRS,4128,3
CRS_RL34772,CRS,15457,8
CRS_RL32758,CRS,12136,6
CRS_R44876,CRS,16381,8
CRS_R43988,CRS,12612,7
CRS_R41373,CRS,12736,7
CRS_RS22552,CRS,3087,2
CRS_R44633,CRS,17118,9
CRS_R41608,CRS,14142,7
CRS_RL32614,CRS,3884,2
CRS_RL34216,CRS,5393,3
CRS_R41141,CRS,12443,7
CRS_R43882,CRS,31167,16
CRS_R41306,CRS,33393,17
CRS_RL32294,CRS,23847,12
CRS_R43024,CRS,51680,26
CRS_R45141,CRS,13328,7
CRS_R41173,CRS,7165,4
CRS_R41935,CRS,6801,4
CRS_RL34071,CRS,18151,9
CRS_RL34554,CRS,4119,3
CRS_R41939,CRS,8176,4
CRS_R43018,CRS,4274,3
CRS_R45257,CRS,3126,2
CRS_RS22844,CRS,2533,2
CRS_R44064,CRS,5386,3
CRS_RL33332,CRS,33603,17
CRS_R41077,CRS,4920,3
CRS_R43316,CRS,6787,4
CRS_RL33957,CRS,7095,4
CRS_96-769,CRS,4535,3
CRS_R42833,CRS,25881,13
CRS_R45014,CRS,6949,4
CRS_RL33000,CRS,24151,12
CRS_R44010,CRS,4385,3
CRS_R41586,CRS,6675,4
CRS_R42108,CRS,8840,5
CRS_R44025,CRS,5994,3
CRS_R43359,CRS,7084,4
CRS_R44959,CRS,7511,4
CRS_RL34548,CRS,9113,5
CRS_R41745,CRS,13252,7
CRS_97-936,CRS,2927,2
CRS_R42049,CRS,3620,2
CRS_RL33021,CRS,8478,5
CRS_RS20900,CRS,1368,1
CRS_RL30335,CRS,18027,9
CRS_R44496,CRS,4816,3
CRS_R43225,CRS,4500,3
CRS_RL32090,CRS,27203,14
CRS_R44355,CRS,2601,2
CRS_RL33587,CRS,13425,7
CRS_R40210,CRS,20266,10
CRS_R40418,CRS,11949,6
CRS_R42852,CRS,25016,13
CRS_R44790,CRS,4878,3
CRS_RS22310,CRS,2580,2
CRS_RL33103,CRS,7177,4
CRS_RL34120,CRS,10538,6
CRS_R40593,CRS,6084,3
CRS_R44517,CRS,5958,3
CRS_R41544,CRS,6280,4
CRS_RL30648,CRS,12714,7
CRS_RS22678,CRS,2218,2
CRS_R42549,CRS,2899,2
CRS_R41992,CRS,9636,5
CRS_RL32191,CRS,16788,9
CRS_R43028,CRS,5059,3
CRS_98-670,CRS,3065,2
CRS_RL30862,CRS,11279,6
CRS_RS21353,CRS,3329,2
CRS_R45419,CRS,6982,4
CRS_R42579,CRS,12850,7
CRS_RL32394,CRS,20101,10
CRS_R43900,CRS,16836,9
CRS_RS22341,CRS,3205,2
CRS_R45252,CRS,3563,2
CRS_RL32102,CRS,2780,2
CRS_R42142,CRS,13057,7
CRS_R43111,CRS,6116,3
CRS_RL33180,CRS,27866,14
CRS_R40518,CRS,12529,7
CRS_RL30755,CRS,13186,7
CRS_RL31501,CRS,17640,9
CRS_RL34003,CRS,18357,9
CRS_RL34024,CRS,17851,9
CRS_R41303,CRS,10457,6
CRS_RL32641,CRS,12723,7
CRS_RL32898,CRS,12546,7
CRS_RL32005,CRS,4439,3
CRS_R43230,CRS,390,1
CRS_R44007,CRS,7111,4
CRS_RL33659,CRS,18645,10
CRS_R43019,CRS,10260,6
CRS_R44598,CRS,12819,7
CRS_R41003,CRS,14598,8
CRS_RL32499,CRS,11207,6
CRS_RL33049,CRS,16123,8
CRS_R44114,CRS,6651,4
CRS_R44823,CRS,18417,9
CRS_R41427,CRS,9823,5
CRS_R42340,CRS,6739,4
CRS_R43453,CRS,5376,3
CRS_R41071,CRS,11902,6
CRS_R43073,CRS,25168,13
CRS_RS21234,CRS,3296,2
CRS_R40248,CRS,32945,17
CRS_RS22472,CRS,3073,2
CRS_R41990,CRS,4134,3
CRS_R40475,CRS,11493,6
CRS_R40779,CRS,4104,3
CRS_R44995,CRS,8701,5
CRS_R44188,CRS,8748,5
CRS_RS21842,CRS,5822,3
CRS_RL32395,CRS,12144,6
CRS_R41297,CRS,5232,3
CRS_RL34750,CRS,9465,5
CRS_RL31870,CRS,15740,8
CRS_RS22309,CRS,1245,1
CRS_R42682,CRS,4109,3
CRS_RS22516,CRS,4083,2
CRS_R43119,CRS,8547,5
CRS_R42379,CRS,8922,5
CRS_R45088,CRS,8480,5
CRS_RL34323,CRS,7000,4
CRS_R44538,CRS,12311,7
CRS_R40992,CRS,8597,5
CRS_RL33808,CRS,7307,4
CRS_RL32717,CRS,5678,3
CRS_R43716,CRS,8828,5
CRS_R41879,CRS,13612,7
CRS_R41230,CRS,3722,2
CRS_R43461,CRS,3889,2
CRS_R45329,CRS,3164,2
CRS_R43474,CRS,2043,1
CRS_RL34056,CRS,6199,4
CRS_RL33044,CRS,6158,4
CRS_RL34020,CRS,7662,4
CRS_R41542,CRS,9722,5
CRS_R45279,CRS,7016,4
CRS_RL32790,CRS,6126,3
CRS_R43473,CRS,5068,3
CRS_RL31956,CRS,18236,9
CRS_RL33765,CRS,3219,2
CRS_RL30507,CRS,11237,6
CRS_R44785,CRS,29151,15
CRS_R44542,CRS,10355,6
CRS_RS21988,CRS,3462,2
CRS_R44842,CRS,3113,2
CRS_RL31871,CRS,9710,5
CRS_RL34598,CRS,13434,7
CRS_RL31936,CRS,6666,4
CRS_R42369,CRS,5431,3
CRS_R41687,CRS,10015,5
CRS_R43776,CRS,6571,4
CRS_R43965,CRS,12884,7
CRS_R40437,CRS,4007,2
CRS_RL33437,CRS,5399,3
CRS_RL32411,CRS,19186,10
CRS_RL31425,CRS,14185,7
CRS_R41617,CRS,59073,29
CRS_R44489,CRS,42057,21
CRS_R40599,CRS,10909,6
CRS_R40549,CRS,7767,4
CRS_RS22838,CRS,3287,2
CRS_RL30806,CRS,33158,17
CRS_R40136,CRS,4103,3
CRS_R41102,CRS,4383,3
CRS_RL32548,CRS,10213,5
CRS_R42968,CRS,2953,2
CRS_RL32162,CRS,13499,7
CRS_R40480,CRS,6222,4
CRS_R43032,CRS,3657,2
CRS_R40797,CRS,11212,6
CRS_R42112,CRS,15612,8
CRS_R44061,CRS,6888,4
CRS_R45297,CRS,7054,4
CRS_RS22914,CRS,2871,2
CRS_RL30725,CRS,5390,3
CRS_R41641,CRS,12909,7
CRS_R44486,CRS,1304,1
CRS_RL30731,CRS,3838,2
CRS_R44778,CRS,34715,17
CRS_R43946,CRS,2691,2
CRS_R43013,CRS,5076,3
CRS_RL31623,CRS,25654,13
CRS_RL33101,CRS,811,1
CRS_R44960,CRS,7969,4
CRS_R41375,CRS,11395,6
CRS_R44784,CRS,24346,12
CRS_R44202,CRS,9413,5
CRS_RL31149,CRS,8147,4
CRS_R42654,CRS,6619,4
CRS_R43345,CRS,11305,6
CRS_RS21948,CRS,2883,2
CRS_RL34048,CRS,19932,10
CRS_RS22442,CRS,2531,2
CRS_RL33647,CRS,5314,3
CRS_R42876,CRS,10846,6
CRS_R44552,CRS,9826,5
CRS_RL33680,CRS,5327,3
CRS_R40531,CRS,27907,14
CRS_RL31807,CRS,24070,12
CRS_R40898,CRS,50143,25
CRS_R41161,CRS,29669,15
CRS_R44721,CRS,6780,4
CRS_RS22643,CRS,2857,2
CRS_R42475,CRS,8545,5
CRS_R41486,CRS,3732,2
CRS_R40955,CRS,9313,5
CRS_95-875,CRS,2937,2
CRS_R41987,CRS,9353,5
CRS_R41079,CRS,8844,5
CRS_R44469,CRS,5180,3
CRS_R44446,CRS,27807,14
CRS_R44396,CRS,3307,2
CRS_R42835,CRS,5752,3
CRS_RL33263,CRS,13422,7
CRS_R40761,CRS,6747,4
CRS_R43363,CRS,5346,3
CRS_R43313,CRS,9720,5
CRS_R40457,CRS,22034,11
CRS_RL33601,CRS,3420,2
CRS_RL30541,CRS,14979,8
CRS_RL32792,CRS,7476,4
CRS_98-210,CRS,9744,5
CRS_R44259,CRS,3767,2
CRS_RL34541,CRS,13176,7
CRS_98-485,CRS,24005,12
CRS_RL32442,CRS,10603,6
CRS_RL33114,CRS,5102,3
CRS_R40205,CRS,9290,5
CRS_R40726,CRS,6565,4
CRS_RL33319,CRS,11695,6
CRS_R43925,CRS,7014,4
CRS_R40956,CRS,13861,7
CRS_R43991,CRS,8346,5
CRS_RL33966,CRS,2435,2
CRS_RL32552,CRS,5236,3
CRS_R42546,CRS,19521,10
CRS_R43706,CRS,12548,7
CRS_R44711,CRS,7070,4
CRS_R43789,CRS,4082,2
CRS_R42015,CRS,5921,3
CRS_R43927,CRS,5564,3
CRS_R42670,CRS,14779,8
CRS_R40097,CRS,10138,5
CRS_R42962,CRS,14424,8
CRS_R41758,CRS,4007,2
CRS_RL32397,CRS,17315,9
CRS_RL33561,CRS,4926,3
CRS_R40754,CRS,9786,5
CRS_R40731,CRS,11936,6
CRS_R41094,CRS,4224,3
CRS_R43623,CRS,10256,6
CRS_R41656,CRS,12671,7
CRS_R41828,CRS,4124,3
CRS_RL33529,CRS,52971,26
CRS_RS21339,CRS,1219,1
CRS_RL32893,CRS,43012,22
CRS_R41743,CRS,11600,6
CRS_RS22983,CRS,6079,3
CRS_R41507,CRS,11767,6
CRS_RL33902,CRS,8209,5
CRS_R43831,CRS,4021,2
CRS_RL34041,CRS,4188,3
CRS_RL34152,CRS,10142,5
CRS_RS20764,CRS,13898,7
CRS_RL33367,CRS,5690,3
CRS_RL32959,CRS,5606,3
CRS_R40986,CRS,14075,7
CRS_R41524,CRS,4072,2
CRS_R44088,CRS,22851,12
CRS_R44406,CRS,187,1
CRS_R40165,CRS,7206,4
CRS_RL34716,CRS,3565,2
CRS_R43728,CRS,4309,3
CRS_R42123,CRS,8876,5
CRS_98-594,CRS,12963,7
CRS_R43671,CRS,23756,12
CRS_R44038,CRS,6590,4
CRS_RS22079,CRS,9127,5
CRS_RL34166,CRS,10846,6
CRS_RL33224,CRS,4451,3
CRS_R41674,CRS,7955,4
CRS_R45157,CRS,14682,8
CRS_R44457,CRS,2292,2
CRS_R45408,CRS,6731,4
CRS_RL30472,CRS,14254,7
CRS_R41624,CRS,3024,2
CRS_RL34156,CRS,4193,3
CRS_RL30526,CRS,2774,2
CRS_R44748,CRS,3655,2
CRS_RL32764,CRS,22020,11
CRS_R41497,CRS,5262,3
CRS_RL30024,CRS,8351,5
CRS_R44793,CRS,13575,7
CRS_R44053,CRS,6336,4
CRS_RL33192,CRS,16026,8
CRS_RL33356,CRS,4918,3
CRS_RS20798,CRS,2744,2
CRS_RL33757,CRS,5719,3
CRS_R44583,CRS,1247,1
CRS_R41029,CRS,9396,5
CRS_R41200,CRS,5964,3
CRS_R41060,CRS,15870,8
CRS_RS20672,CRS,4272,3
CRS_RL33100,CRS,9534,5
CRS_R41307,CRS,44576,22
CRS_RL33171,CRS,10876,6
CRS_RL31889,CRS,7500,4
CRS_R44361,CRS,6974,4
CRS_RL33867,CRS,5416,3
CRS_R40940,CRS,5197,3
CRS_R41222,CRS,5395,3
CRS_R40866,CRS,2858,2
CRS_RL33105,CRS,11406,6
CRS_R42389,CRS,11855,6
CRS_RL34674,CRS,3072,2
CRS_R41426,CRS,9496,5
CRS_R42874,CRS,8257,5
CRS_RL33492,CRS,6511,4
CRS_R44271,CRS,13652,7
CRS_R43214,CRS,11277,6
CRS_RL34531,CRS,9376,5
CRS_RL32952,CRS,26458,13
CRS_RL34687,CRS,13047,7
CRS_98-64,CRS,4304,3
CRS_R42956,CRS,22681,12
CRS_R43339,CRS,15608,8
CRS_RL34227,CRS,4393,3
CRS_R42881,CRS,16359,8
CRS_R41739,CRS,4117,3
CRS_RL31102,CRS,20001,10
CRS_R44274,CRS,10260,6
CRS_RL32030,CRS,6309,4
CRS_R42536,CRS,27004,14
CRS_R43035,CRS,20201,10
CRS_R42023,CRS,10109,5
CRS_R42122,CRS,6262,4
CRS_R41024,CRS,6516,4
CRS_R41491,CRS,7408,4
CRS_RS22773,CRS,1953,1
CRS_RL34186,CRS,30268,15
CRS_RL31831,CRS,3570,2
CRS_RS22266,CRS,2782,2
CRS_R40967,CRS,5247,3
CRS_RL31404,CRS,35818,18
CRS_RL33755,CRS,15384,8
CRS_RL31243,CRS,10667,6
CRS_R42955,CRS,8723,5
CRS_R44703,CRS,4659,3
CRS_R44134,CRS,6943,4
CRS_R43685,CRS,14931,8
CRS_96-395,CRS,2817,2
CRS_RL34011,CRS,40034,20
CRS_RL33948,CRS,6723,4
CRS_98-738,CRS,14633,8
CRS_RL31543,CRS,17210,9
CRS_R43091,CRS,14261,7
CRS_R41330,CRS,9137,5
CRS_R40125,CRS,4410,3
CRS_R44398,CRS,9486,5
CRS_R44551,CRS,15538,8
CRS_R41157,CRS,11691,6
CRS_R40509,CRS,5330,3
CRS_R43765,CRS,4123,3
CRS_R42841,CRS,5566,3
CRS_R40639,CRS,9331,5
CRS_R40158,CRS,11885,6
CRS_R44887,CRS,5845,3
CRS_98-212,CRS,16030,8
CRS_R40844,CRS,16571,9
CRS_R43114,CRS,24739,13
CRS_R43618,CRS,18613,10
CRS_RL34470,CRS,16134,8
CRS_R45241,CRS,3540,2
CRS_R40550,CRS,3997,2
CRS_R41155,CRS,2465,2
CRS_R43067,CRS,16864,9
CRS_R43948,CRS,8434,5
CRS_RL34633,CRS,5355,3
CRS_R44016,CRS,5070,3
CRS_R41276,CRS,2920,2
CRS_R41994,CRS,2936,2
CRS_R44310,CRS,2786,2
CRS_RL32897,CRS,5692,3
CRS_R44847,CRS,41431,21
CRS_R41856,CRS,23445,12
CRS_R43051,CRS,4214,3
CRS_RL32948,CRS,17758,9
CRS_R40634,CRS,2514,2
CRS_RL34553,CRS,2537,2
CRS_R44244,CRS,13772,7
CRS_R44945,CRS,823,1
CRS_RL33577,CRS,9203,5
CRS_97-290,CRS,7370,4
CRS_R43406,CRS,45013,22
CRS_R42042,CRS,6979,4
CRS_R40982,CRS,4228,3
CRS_RL34215,CRS,9670,5
CRS_RL34029,CRS,4975,3
CRS_R40498,CRS,4123,3
CRS_R42649,CRS,1813,1
CRS_RL31534,CRS,7281,4
CRS_R42826,CRS,10912,6
CRS_RS22506,CRS,4449,3
CRS_RS21055,CRS,3293,2
CRS_R41493,CRS,12875,7
CRS_RL34332,CRS,9917,5
CRS_R42778,CRS,3094,2
CRS_R44109,CRS,1442,1
CRS_R43569,CRS,12705,7
CRS_R44514,CRS,9843,5
CRS_RS22444,CRS,2886,2
CRS_R41242,CRS,8705,5
CRS_R41422,CRS,3643,2
CRS_RL32935,CRS,11430,6
CRS_R43926,CRS,62067,31
CRS_R41979,CRS,3722,2
CRS_RL34667,CRS,1313,1
CRS_R43898,CRS,7342,4
CRS_R45219,CRS,2159,2
CRS_RS21442,CRS,1970,1
CRS_RL33983,CRS,5908,3
CRS_RS22168,CRS,4498,3
CRS_RL31269,CRS,5286,3
CRS_R42743,CRS,10323,6
CRS_R40583,CRS,9354,5
CRS_R41383,CRS,2946,2
CRS_R41799,CRS,1338,1
CRS_R40890,CRS,2414,2
CRS_RS20991,CRS,1350,1
CRS_R44318,CRS,8416,5
CRS_RL33678,CRS,7426,4
CRS_RL31554,CRS,8259,5
CRS_RL33252,CRS,821,1
CRS_RL33161,CRS,5746,3
CRS_RL30740,CRS,12422,7
CRS_RL31658,CRS,12881,7
CRS_R44089,CRS,9797,5
CRS_RS22749,CRS,6889,4
CRS_R43798,CRS,8895,5
CRS_R43176,CRS,16289,8
CRS_R41709,CRS,10145,5
CRS_RL34047,CRS,2720,2
CRS_RL32606,CRS,6089,3
CRS_R43581,CRS,14514,8
CRS_RL31832,CRS,16942,9
CRS_RL33532,CRS,21993,11
CRS_RL34594,CRS,13671,7
CRS_R42931,CRS,4872,3
CRS_RL34157,CRS,17566,9
CRS_R40076,CRS,7763,4
CRS_RS22013,CRS,4540,3
CRS_RL34582,CRS,11493,6
CRS_R45265,CRS,10933,6
CRS_94-459,CRS,3040,2
CRS_R44182,CRS,10466,6
CRS_RS20593,CRS,2250,2
CRS_RL32530,CRS,10073,5
CRS_RL32021,CRS,25609,13
CRS_RL31007,CRS,15700,8
CRS_98-170,CRS,11611,6
CRS_RS22867,CRS,1522,1
CRS_RL31264,CRS,6991,4
CRS_R40198,CRS,4017,2
CRS_RL34315,CRS,7588,4
CRS_RL31624,CRS,10672,6
CRS_R41720,CRS,4870,3
CRS_RL30613,CRS,19961,10
CRS_R44890,CRS,12587,7
CRS_R43757,CRS,11741,6
CRS_R41817,CRS,26621,13
CRS_R43588,CRS,2619,2
CRS_RS21868,CRS,2102,2
CRS_R41282,CRS,19273,10
CRS_R44834,CRS,867,1
CRS_R44312,CRS,5705,3
CRS_RL32629,CRS,9034,5
CRS_R45086,CRS,2138,2
CRS_RL31392,CRS,7198,4
CRS_R42823,CRS,15668,8
CRS_RL33012,CRS,7974,4
CRS_RL33812,CRS,10492,6
CRS_R45183,CRS,7464,4
CRS_RL30253,CRS,11381,6
CRS_R42811,CRS,25029,13
CRS_RL32726,CRS,24231,12
CRS_R43076,CRS,12344,7
CRS_RL31673,CRS,11077,6
CRS_R40705,CRS,21012,11
CRS_RL30785,CRS,14373,8
CRS_RL33209,CRS,4806,3
CRS_RS22211,CRS,3255,2
CRS_R43720,CRS,9472,5
CRS_RL31865,CRS,11843,6
CRS_R44985,CRS,6065,3
CRS_RL33468,CRS,12181,6
CRS_RL33119,CRS,19390,10
CRS_R40567,CRS,38800,19
CRS_R41579,CRS,3191,2
CRS_R43825,CRS,1762,1
CRS_R42124,CRS,14386,8
CRS_RL34422,CRS,7539,4
CRS_RL30416,CRS,7664,4
CRS_RL34124,CRS,8807,5
CRS_RL32551,CRS,11353,6
CRS_R43905,CRS,16573,9
CRS_R42862,CRS,5144,3
CRS_R42643,CRS,5929,3
CRS_RL30043,CRS,7509,4
CRS_RS22881,CRS,2500,2
CRS_RS21165,CRS,932,1
CRS_RS22658,CRS,5371,3
CRS_R41995,CRS,6749,4
CRS_R42524,CRS,10828,6
CRS_RL34225,CRS,6186,4
CRS_RL33321,CRS,9778,5
CRS_R41203,CRS,10194,5
CRS_RL32484,CRS,13313,7
CRS_RS22344,CRS,4398,3
CRS_R44526,CRS,5074,3
CRS_R43665,CRS,5598,3
CRS_R44816,CRS,6099,3
CRS_RL32797,CRS,14597,8
CRS_RS21338,CRS,3443,2
CRS_RL31447,CRS,6023,3
CRS_RL32721,CRS,7199,4
CRS_R41733,CRS,40191,20
CRS_R44932,CRS,3735,2
CRS_R44838,CRS,4511,3
CRS_RL32863,CRS,39112,20
CRS_R44671,CRS,3323,2
CRS_RL32842,CRS,63187,31
CRS_R41484,CRS,19366,10
CRS_RL31401,CRS,8438,5
CRS_R40240,CRS,7833,4
CRS_RS22339,CRS,2886,2
CRS_RS20837,CRS,3223,2
CRS_RS21668,CRS,2109,2
CRS_RL31411,CRS,5906,3
CRS_R41081,CRS,4369,3
CRS_R41742,CRS,5796,3
CRS_RL34668,CRS,6319,4
CRS_R44453,CRS,6710,4
CRS_R45087,CRS,5227,3
CRS_R43859,CRS,1582,1
CRS_RL31753,CRS,5291,3
CRS_RL33265,CRS,6202,4
CRS_R41170,CRS,7138,4
CRS_RS21326,CRS,3099,2
CRS_R43167,CRS,7370,4
CRS_R43321,CRS,3456,2
CRS_R43223,CRS,3409,2
CRS_R44663,CRS,7377,4
CRS_RL34584,CRS,10119,5
CRS_RL30074,CRS,3905,2
CRS_R43254,CRS,8779,5
CRS_R42683,CRS,9276,5
CRS_RL33603,CRS,7517,4
CRS_RS22618,CRS,3798,2
CRS_R41350,CRS,12811,7
CRS_R42487,CRS,3179,2
CRS_RL34477,CRS,3721,2
CRS_R40938,CRS,36078,18
CRS_R41372,CRS,2761,2
CRS_R41673,CRS,18578,10
CRS_RL32057,CRS,10006,5
CRS_RL34161,CRS,27296,14
CRS_R45023,CRS,13526,7
CRS_R43469,CRS,7265,4
CRS_R43030,CRS,9894,5
CRS_RL34069,CRS,11818,6
CRS_R41206,CRS,11792,6
CRS_RL33377,CRS,7780,4
CRS_R40853,CRS,7640,4
CRS_R44693,CRS,4282,3
CRS_R40507,CRS,11792,6
CRS_R45391,CRS,6515,4
CRS_RS21903,CRS,2772,2
CRS_RL32271,CRS,4327,3
CRS_R42103,CRS,6430,4
CRS_RS22697,CRS,1713,1
CRS_R45442,CRS,13185,7
CRS_RL32312,CRS,10216,5
CRS_RS21815,CRS,2861,2
CRS_RL33687,CRS,2689,2
CRS_RL32873,CRS,8223,5
CRS_R44653,CRS,9182,5
CRS_RL33226,CRS,2452,2
CRS_R41885,CRS,8786,5
CRS_R43147,CRS,41944,21
CRS_RL32258,CRS,4408,3
CRS_R45206,CRS,9797,5
CRS_R40374,CRS,19857,10
CRS_RL34575,CRS,14535,8
CRS_R40614,CRS,12432,7
CRS_R42958,CRS,10985,6
CRS_RL31334,CRS,7437,4
CRS_97-780,CRS,5191,3
CRS_RS22681,CRS,2628,2
CRS_R43575,CRS,5942,3
CRS_R40443,CRS,15453,8
CRS_RL32631,CRS,6273,4
CRS_RL34247,CRS,6918,4
CRS_RS22713,CRS,3946,2
CRS_R41610,CRS,5574,3
CRS_RL32829,CRS,11399,6
CRS_94-834,CRS,1602,1
CRS_R41808,CRS,16737,9
CRS_R40909,CRS,4538,3
CRS_RL30840,CRS,21040,11
CRS_R45175,CRS,4027,2
CRS_R43226,CRS,4956,3
CRS_RL31551,CRS,3215,2
CRS_R44127,CRS,3324,2
CRS_RL32616,CRS,6325,4
CRS_RL34462,CRS,4623,3
CRS_RL32114,CRS,15956,8
CRS_RL34436,CRS,7148,4
CRS_R43995,CRS,9502,5
CRS_R44035,CRS,37459,19
CRS_R43869,CRS,3447,2
CRS_R40489,CRS,7212,4
CRS_RL31882,CRS,4669,3
CRS_RL31630,CRS,5744,3
CRS_R41691,CRS,11545,6
CRS_98-958,CRS,8642,5
CRS_R43703,CRS,2783,2
CRS_R43338,CRS,8237,5
CRS_R42057,CRS,17302,9
CRS_R41245,CRS,6565,4
CRS_RL34568,CRS,19781,10
CRS_R42519,CRS,7717,4
CRS_R45128,CRS,5063,3
CRS_R41039,CRS,24132,12
CRS_R43537,CRS,9469,5
CRS_94-511,CRS,3846,2
CRS_R43309,CRS,8597,5
CRS_R45394,CRS,16912,9
CRS_R40486,CRS,10580,6
CRS_RS21812,CRS,4077,2
CRS_RS21029,CRS,3983,2
CRS_RL33582,CRS,9532,5
CRS_R45404,CRS,7549,4
CRS_R43784,CRS,15197,8
CRS_R44485,CRS,21226,11
CRS_RL34476,CRS,33164,17
CRS_RL34430,CRS,13937,7
CRS_R43405,CRS,3702,2
CRS_R45153,CRS,19499,10
CRS_R43865,CRS,6257,4
CRS_RL30395,CRS,4799,3
CRS_RL32544,CRS,8866,5
CRS_R45409,CRS,4525,3
CRS_R43403,CRS,9925,5
CRS_RS22521,CRS,3279,2
CRS_RL32561,CRS,12633,7
CRS_R41027,CRS,9582,5
CRS_R43748,CRS,5988,3
CRS_R42036,CRS,17043,9
CRS_RL34753,CRS,4674,3
CRS_RL33470,CRS,39022,20
CRS_RL34636,CRS,2016,1
CRS_R42332,CRS,5419,3
CRS_RL34500,CRS,8309,5
CRS_RL33015,CRS,11149,6
CRS_R43261,CRS,4109,3
CRS_RL33991,CRS,8280,5
CRS_RL33749,CRS,16010,8
CRS_RL34301,CRS,6359,4
CRS_R44846,CRS,12864,7
CRS_R42443,CRS,22760,12
CRS_98-19,CRS,8284,5
CRS_RL31053,CRS,16954,9
CRS_R42771,CRS,23235,12
CRS_RL32303,CRS,23514,12
CRS_R45081,CRS,11473,6
CRS_RS21886,CRS,3427,2
CRS_R41301,CRS,4035,2
CRS_RL33793,CRS,20479,10
CRS_R40147,CRS,17141,9
CRS_R40054,CRS,12046,6
CRS_RL33485,CRS,3041,2
CRS_R41464,CRS,32071,16
CRS_R40907,CRS,11844,6
CRS_RL31864,CRS,9802,5
CRS_R41838,CRS,9013,5
CRS_R43731,CRS,15485,8
CRS_R42126,CRS,6357,4
CRS_R43144,CRS,16832,9
CRS_RL33430,CRS,11655,6
CRS_RL30751,CRS,11636,6
CRS_R42563,CRS,12427,7
CRS_R41850,CRS,7201,4
CRS_R45116,CRS,6564,4
CRS_R40618,CRS,10343,6
CRS_RS21585,CRS,3163,2
CRS_R44962,CRS,19550,10
CRS_RL32165,CRS,21714,11
CRS_R40559,CRS,3861,2
CRS_R43839,CRS,6910,4
CRS_R41612,CRS,8890,5
CRS_RL30011,CRS,55518,28
CRS_R41713,CRS,10857,6
CRS_R42866,CRS,5162,3
CRS_RL31443,CRS,17464,9
CRS_RS22802,CRS,2077,2
CRS_R40712,CRS,13151,7
CRS_R43633,CRS,7046,4
CRS_R42073,CRS,8668,5
CRS_R41989,CRS,17205,9
CRS_R40230,CRS,10866,6
CRS_R40747,CRS,12596,7
CRS_R43071,CRS,9843,5
CRS_RL33159,CRS,6142,3
CRS_RL34717,CRS,11124,6
CRS_R42428,CRS,10423,6
CRS_R44390,CRS,14996,8
CRS_R44978,CRS,8583,5
CRS_R43697,CRS,10076,5
CRS_RL33740,CRS,18437,10
CRS_R41625,CRS,76322,38
CRS_R43966,CRS,11247,6
CRS_RL32237,CRS,9519,5
CRS_R40512,CRS,9453,5
CRS_RL33640,CRS,36377,18
CRS_R42551,CRS,4610,3
CRS_RL34203,CRS,17387,9
CRS_RL30225,CRS,7603,4
CRS_R42075,CRS,15292,8
CRS_RS21855,CRS,6986,4
CRS_R43294,CRS,6416,4
CRS_R43699,CRS,9584,5
CRS_RL34006,CRS,8911,5
CRS_R43735,CRS,7596,4
CRS_RL33160,CRS,4780,3
CRS_R40788,CRS,11832,6
CRS_RL31872,CRS,26922,14
CRS_R41194,CRS,6955,4
CRS_R44433,CRS,9736,5
CRS_RL33407,CRS,54963,27
CRS_RL33881,CRS,9664,5
CRS_R44664,CRS,13281,7
CRS_R42451,CRS,5666,3
CRS_R43570,CRS,4172,3
CRS_RL30410,CRS,13937,7
CRS_RS22807,CRS,2629,2
CRS_RS22745,CRS,2647,2
CRS_R42502,CRS,3587,2
CRS_RS21921,CRS,3117,2
CRS_RL32990,CRS,10818,6
CRS_R41613,CRS,23480,12
CRS_RL32929,CRS,27719,14
CRS_RL32511,CRS,14572,8
CRS_95-519,CRS,11708,6
CRS_R41175,CRS,7527,4
CRS_RL32951,CRS,3683,2
CRS_R42727,CRS,11613,6
CRS_RL33194,CRS,28555,14
CRS_RL34735,CRS,11131,6
CRS_R41117,CRS,6847,4
CRS_R42395,CRS,43282,22
CRS_R43069,CRS,1001,1
CRS_RL33163,CRS,11898,6
CRS_RL31666,CRS,7154,4
CRS_R45322,CRS,7491,4
CRS_R41549,CRS,5791,3
CRS_RL33257,CRS,5261,3
CRS_RL32422,CRS,17006,9
CRS_RL30415,CRS,5195,3
CRS_97-746,CRS,6179,4
CRS_R44513,CRS,12725,7
CRS_R43133,CRS,3348,2
CRS_R42990,CRS,3818,2
CRS_RS21469,CRS,2202,2
CRS_R43864,CRS,8739,5
CRS_RL30567,CRS,5504,3
CRS_RL34655,CRS,6605,4
CRS_R43854,CRS,5876,3
CRS_RL34241,CRS,4649,3
CRS_R43723,CRS,5392,3
CRS_R42457,CRS,6930,4
CRS_R45200,CRS,2290,2
CRS_R40190,CRS,14187,7
CRS_RL32159,CRS,6658,4
CRS_RL34150,CRS,10337,6
CRS_RS22490,CRS,2584,2
CRS_RL33009,CRS,12630,7
CRS_RL34212,CRS,5028,3
CRS_RL34624,CRS,8527,5
CRS_R43812,CRS,15082,8
CRS_98-235,CRS,4849,3
CRS_RL34621,CRS,15016,8
CRS_R43367,CRS,13508,7
CRS_R42506,CRS,7563,4
CRS_RL33256,CRS,22304,11
CRS_R44276,CRS,9250,5
CRS_RL31726,CRS,21736,11
CRS_R44043,CRS,6053,3
CRS_R40948,CRS,1831,1
CRS_R41781,CRS,10416,6
CRS_RL34002,CRS,8853,5
CRS_R44162,CRS,2868,2
CRS_RS21331,CRS,2704,2
CRS_RS22972,CRS,3066,2
CRS_RL33961,CRS,3677,2
CRS_RS22808,CRS,2342,2
CRS_R43737,CRS,5023,3
CRS_RL32093,CRS,4593,3
CRS_R40245,CRS,5386,3
CRS_R40812,CRS,5844,3
CRS_RL33511,CRS,10015,5
CRS_R44252,CRS,15572,8
CRS_R44948,CRS,25354,13
CRS_RL34654,CRS,27281,14
CRS_RS22794,CRS,3061,2
CRS_R40903,CRS,6731,4
CRS_R43947,CRS,3477,2
CRS_R43989,CRS,12681,7
CRS_98-810,CRS,8707,5
CRS_RL31759,CRS,14121,7
CRS_RS22538,CRS,2476,2
CRS_RL32693,CRS,11085,6
CRS_RL32583,CRS,5141,3
CRS_R43308,CRS,10383,6
CRS_R40759,CRS,5448,3
CRS_RS22796,CRS,4792,3
CRS_R44574,CRS,10231,5
CRS_R42351,CRS,10964,6
CRS_R44425,CRS,5374,3
CRS_RL34456,CRS,13185,7
CRS_R45450,CRS,9190,5
CRS_R43105,CRS,15754,8
CRS_RL31313,CRS,9812,5
CRS_R41086,CRS,14704,8
CRS_RL34286,CRS,5058,3
CRS_RL33993,CRS,19524,10
CRS_R41872,CRS,8896,5
CRS_R43739,CRS,5804,3
CRS_R45393,CRS,10844,6
CRS_R42069,CRS,5085,3
CRS_RL33141,CRS,11165,6
CRS_RL32306,CRS,43481,22
CRS_RL32603,CRS,10438,6
CRS_RS22099,CRS,3113,2
CRS_RL33214,CRS,5679,3
CRS_RS22571,CRS,1307,1
CRS_R42496,CRS,11012,6
CRS_R41408,CRS,8976,5
CRS_RL34767,CRS,10003,5
CRS_R41341,CRS,12191,6
CRS_RL32809,CRS,22954,12
CRS_R41080,CRS,6138,3
CRS_R44938,CRS,7598,4
CRS_RL34656,CRS,8270,5
CRS_RS21606,CRS,3430,2
CRS_R45079,CRS,14817,8
CRS_RL32594,CRS,13262,7
CRS_RL33916,CRS,33184,17
CRS_98-305,CRS,1065,1
CRS_R40854,CRS,11321,6
CRS_R40906,CRS,13911,7
CRS_RL32041,CRS,898,1
CRS_R42028,CRS,6853,4
CRS_R42749,CRS,9317,5
CRS_RL32926,CRS,10541,6
CRS_RS22936,CRS,2888,2
CRS_RS21118,CRS,4652,3
CRS_RL33030,CRS,33629,17
CRS_R40738,CRS,2592,2
CRS_R43790,CRS,6488,4
CRS_RS20737,CRS,3573,2
CRS_R45038,CRS,5721,3
CRS_R41145,CRS,12931,7
CRS_R40223,CRS,8291,5
CRS_R44563,CRS,12989,7
CRS_R43466,CRS,12061,6
CRS_RL31309,CRS,33246,17
CRS_R41005,CRS,15101,8
CRS_RS22452,CRS,952,1
CRS_RL31495,CRS,11855,6
CRS_R45401,CRS,15274,8
CRS_RL31654,CRS,12883,7
CRS_RL34092,CRS,38231,19
CRS_RL31012,CRS,16199,8
CRS_RL30719,CRS,20047,10
CRS_R40516,CRS,7885,4
CRS_R41225,CRS,6470,4
CRS_RL33523,CRS,13488,7
CRS_RL31289,CRS,9532,5
CRS_R41275,CRS,8805,5
CRS_R42609,CRS,6863,4
CRS_RS21237,CRS,2808,2
CRS_R41938,CRS,10113,5
CRS_R43721,CRS,4229,3
CRS_RL31990,CRS,11923,6
CRS_R45229,CRS,11131,6
CRS_RL34721,CRS,34437,17
CRS_R43604,CRS,16226,8
CRS_R41780,CRS,12337,7
CRS_R45308,CRS,9266,5
CRS_R44808,CRS,9469,5
CRS_RL32120,CRS,5602,3
CRS_RS21510,CRS,3440,2
CRS_RS22789,CRS,3512,2
CRS_RL34494,CRS,8061,4
CRS_R43768,CRS,10658,6
CRS_RS22327,CRS,2570,2
CRS_R44482,CRS,4400,3
CRS_RS22361,CRS,6031,3
CRS_RL31955,CRS,11817,6
CRS_R40142,CRS,5865,3
CRS_RL32663,CRS,6859,4
CRS_RL33709,CRS,10145,5
CRS_R45430,CRS,12639,7
CRS_RL34035,CRS,10439,6
CRS_R41984,CRS,10223,5
CRS_RS21598,CRS,8572,5
CRS_R43698,CRS,5875,3
CRS_R44980,CRS,5529,3
CRS_R42573,CRS,5248,3
CRS_R45170,CRS,3011,2
CRS_R41875,CRS,4954,3
CRS_RL32023,CRS,5976,3
CRS_RL32104,CRS,6953,4
CRS_RS20517,CRS,2962,2
CRS_R41162,CRS,9749,5
CRS_R44696,CRS,3095,2
CRS_R43368,CRS,9082,5
CRS_RL33877,CRS,42107,21
CRS_R41463,CRS,9857,5
CRS_R41067,CRS,6511,4
CRS_R42961,CRS,26081,13
CRS_R45049,CRS,11912,6
CRS_R41469,CRS,4048,2
CRS_RL30294,CRS,41513,21
CRS_RS22583,CRS,5116,3
CRS_R43695,CRS,13939,7
CRS_RL34018,CRS,3220,2
CRS_R44111,CRS,2919,2
CRS_RS22499,CRS,2300,2
CRS_RL34524,CRS,7188,4
CRS_R44320,CRS,13876,7
CRS_RS22443,CRS,2981,2
CRS_RL32307,CRS,26840,14
CRS_R40941,CRS,6753,4
CRS_R44824,CRS,17773,9
CRS_RS22673,CRS,1901,1
CRS_RL33462,CRS,5116,3
CRS_R42851,CRS,4818,3
CRS_R40730,CRS,11389,6
CRS_R42819,CRS,6417,4
CRS_RL34415,CRS,15830,8
CRS_R44330,CRS,3417,2
CRS_RL33469,CRS,10212,5
CRS_R40974,CRS,4488,3
CRS_RL31296,CRS,12473,7
CRS_RL34067,CRS,2412,2
CRS_R42700,CRS,7547,4
CRS_R40689,CRS,7508,4
CRS_R44282,CRS,10158,5
CRS_R41548,CRS,8168,4
CRS_R43589,CRS,8589,5
CRS_RL32593,CRS,9597,5
CRS_R41812,CRS,3117,2
CRS_R44298,CRS,5811,3
CRS_RL34468,CRS,7257,4
CRS_RL33931,CRS,2443,2
CRS_RS20522,CRS,4125,3
CRS_R43622,CRS,5788,3
CRS_RL32254,CRS,19052,10
CRS_RL32421,CRS,6190,4
CRS_R41737,CRS,10699,6
CRS_RL30914,CRS,10304,6
CRS_RL33824,CRS,10175,5
CRS_RL34437,CRS,2392,2
CRS_RL32259,CRS,22010,11
CRS_RL31301,CRS,22066,11
CRS_R42691,CRS,5374,3
CRS_RL34134,CRS,26057,13
CRS_R41432,CRS,10107,5
CRS_RL30967,CRS,11719,6
CRS_R45270,CRS,5856,3
CRS_R42982,CRS,19106,10
CRS_R42731,CRS,11010,6
CRS_R41331,CRS,3418,2
CRS_R43066,CRS,2027,1
CRS_R41470,CRS,5218,3
CRS_R41278,CRS,63109,31
CRS_RL33253,CRS,11046,6
CRS_RL34665,CRS,14330,7
CRS_RS20553,CRS,2808,2
CRS_RL34050,CRS,9016,5
CRS_R45339,CRS,5649,3
CRS_R41516,CRS,11463,6
CRS_R43897,CRS,10431,6
CRS_R43524,CRS,6762,4
CRS_R42525,CRS,39206,20
CRS_RL34135,CRS,15812,8
CRS_R40848,CRS,9739,5
CRS_R42705,CRS,12690,7
CRS_RL32322,CRS,44625,22
CRS_R42143,CRS,25111,13
CRS_R42728,CRS,6992,4
CRS_RL34176,CRS,8130,4
CRS_R40416,CRS,3581,2
CRS_RL34602,CRS,5475,3
CRS_R42608,CRS,2927,2
CRS_R44927,CRS,9352,5
CRS_R40947,CRS,6149,4
CRS_R42471,CRS,10755,6
CRS_R43764,CRS,13116,7
CRS_R40171,CRS,4290,3
CRS_R43252,CRS,8058,4
CRS_R41316,CRS,7505,4
CRS_R41125,CRS,6849,4
CRS_RL31460,CRS,6355,4
CRS_R45031,CRS,10082,5
CRS_RS22543,CRS,2032,1
CRS_R41842,CRS,22959,12
CRS_RL33076,CRS,9374,5
CRS_RS22926,CRS,1703,1
CRS_R45202,CRS,10352,6
CRS_RL32564,CRS,10032,5
CRS_R43331,CRS,3867,2
CRS_R42558,CRS,33387,17
CRS_RL32891,CRS,5357,3
CRS_RL33550,CRS,10364,6
CRS_R45427,CRS,11633,6
CRS_RL33970,CRS,10773,6
CRS_R45282,CRS,2971,2
CRS_R41436,CRS,10422,6
CRS_RL33526,CRS,6715,4
CRS_RL34486,CRS,8873,5
CRS_RL32540,CRS,15388,8
CRS_R42464,CRS,6874,4
CRS_RS22314,CRS,2110,2
CRS_R41477,CRS,11811,6
CRS_RL33445,CRS,10730,6
CRS_RL34327,CRS,6071,3
CRS_R44247,CRS,4313,3
CRS_RL33885,CRS,7261,4
CRS_R41511,CRS,14122,7
CRS_R44186,CRS,10740,6
CRS_R43186,CRS,2762,2
CRS_RL32662,CRS,21923,11
CRS_RL30900,CRS,11931,6
CRS_95-710,CRS,6923,4
CRS_98-253,CRS,4216,3
CRS_RL34707,CRS,6189,4
CRS_R42491,CRS,7216,4
CRS_R42407,CRS,6945,4
CRS_RS21341,CRS,2537,2
CRS_R40829,CRS,3123,2
CRS_R44093,CRS,6502,4
CRS_RL33008,CRS,12105,6
CRS_R41846,CRS,4963,3
CRS_RL34465,CRS,13935,7
CRS_RL34555,CRS,4501,3
CRS_R43023,CRS,7811,4
CRS_97-579,CRS,3925,2
CRS_R45267,CRS,3251,2
CRS_94-261,CRS,20073,10
CRS_RL33776,CRS,17840,9
CRS_RL33334,CRS,12145,6
CRS_RS22482,CRS,2724,2
CRS_RL33664,CRS,3722,2
CRS_RL34044,CRS,4097,3
CRS_RL31432,CRS,12140,6
CRS_R44999,CRS,6645,4
CRS_R43740,CRS,4548,3
CRS_R43820,CRS,11249,6
CRS_RS22022,CRS,3010,2
CRS_RL34738,CRS,11261,6
CRS_R44811,CRS,5531,3
CRS_R44911,CRS,5947,3
CRS_RL32227,CRS,15913,8
CRS_R44304,CRS,16354,8
CRS_R41574,CRS,2855,2
CRS_R41843,CRS,7708,4
CRS_R44047,CRS,7636,4
CRS_R43351,CRS,13754,7
CRS_R42646,CRS,14176,7
CRS_R41847,CRS,7362,4
CRS_RL30512,CRS,24626,13
CRS_RS21625,CRS,19622,10
CRS_RS22717,CRS,1807,1
CRS_RL33590,CRS,18252,9
CRS_R43599,CRS,8468,5
CRS_RL32177,CRS,3634,2
CRS_RL32071,CRS,15364,8
CRS_R44996,CRS,37378,19
CRS_RL33324,CRS,7876,4
CRS_R41578,CRS,9885,5
CRS_RL31718,CRS,7837,4
CRS_R41642,CRS,14747,8
CRS_R41257,CRS,9985,5
CRS_RS21529,CRS,1944,1
CRS_RL33073,CRS,10186,5
CRS_R40805,CRS,13561,7
CRS_R44579,CRS,1998,1
CRS_R41532,CRS,10974,6
CRS_R40672,CRS,32261,16
CRS_RL30341,CRS,44142,22
CRS_R45254,CRS,13397,7
CRS_R42925,CRS,10695,6
CRS_RS22026,CRS,3061,2
CRS_R45455,CRS,4678,3
CRS_R41304,CRS,6999,4
CRS_RL32240,CRS,18041,9
CRS_RL33178,CRS,9908,5
CRS_R41683,CRS,6506,4
CRS_RL33395,CRS,13580,7
CRS_RS22801,CRS,2186,2
CRS_R41830,CRS,3786,2
CRS_R42644,CRS,46613,23
CRS_R44943,CRS,8733,5
CRS_R44386,CRS,6330,4
CRS_RL31410,CRS,4276,3
CRS_RL30563,CRS,14664,8
CRS_R40648,CRS,16423,9
CRS_RL32878,CRS,4927,3
CRS_R40098,CRS,18929,10
CRS_RL33461,CRS,23500,12
CRS_RL31787,CRS,16940,9
CRS_R44049,CRS,2788,2
CRS_RL33290,CRS,10194,5
CRS_R41763,CRS,14580,8
CRS_RS20173,CRS,3279,2
CRS_R44802,CRS,4314,3
CRS_R40221,CRS,13388,7
CRS_R43808,CRS,46022,23
CRS_R44970,CRS,5075,3
CRS_R43745,CRS,7205,4
CRS_R41771,CRS,2858,2
CRS_R41047,CRS,8090,4
CRS_R45319,CRS,8878,5
CRS_RL32194,CRS,7979,4
CRS_R44221,CRS,11356,6
CRS_RL34141,CRS,10643,6
CRS_R43369,CRS,7269,4
CRS_R45447,CRS,7386,4
CRS_R44640,CRS,6376,4
CRS_R43239,CRS,32656,16
CRS_RS22777,CRS,2373,2
CRS_RL31750,CRS,28697,15
CRS_R43203,CRS,6135,3
CRS_RL33534,CRS,16509,9
CRS_R44376,CRS,12773,7
CRS_R40074,CRS,4686,3
CRS_RL34281,CRS,16899,9
CRS_R40789,CRS,15225,8
CRS_R41837,CRS,4100,3
CRS_R43614,CRS,5470,3
CRS_R44331,CRS,5870,3
CRS_RL34651,CRS,9865,5
CRS_R41700,CRS,15458,8
CRS_R44853,CRS,3343,2
CRS_RL33453,CRS,40808,20
CRS_RL30498,CRS,14848,8
CRS_RL34097,CRS,35765,18
CRS_RL32514,CRS,4403,3
CRS_R42324,CRS,3063,2
CRS_RL33433,CRS,4123,3
CRS_R43266,CRS,6051,3
CRS_R43510,CRS,15272,8
CRS_R45156,CRS,5716,3
CRS_R44558,CRS,4885,3
CRS_R42830,CRS,1108,1
CRS_R43582,CRS,8973,5
CRS_98-892,CRS,11061,6
CRS_R43766,CRS,14040,7
CRS_R44063,CRS,6567,4
CRS_R42669,CRS,3857,2
CRS_RS22369,CRS,2181,2
CRS_RL33579,CRS,17099,9
CRS_RL34570,CRS,52318,26
CRS_RL34680,CRS,14974,8
CRS_R41317,CRS,11867,6
CRS_RL32139,CRS,16406,9
CRS_R43612,CRS,12192,6
CRS_R40206,CRS,5054,3
CRS_97-868,CRS,17313,9
CRS_R41296,CRS,8855,5
CRS_R44103,CRS,9977,5
CRS_R40641,CRS,19353,10
CRS_R42548,CRS,8238,5
CRS_RL32864,CRS,6748,4
CRS_RL34237,CRS,18996,10
CRS_R43480,CRS,4076,2
CRS_RL33436,CRS,17532,9
CRS_R42048,CRS,6071,3
CRS_RL33920,CRS,49230,25
CRS_RL31812,CRS,14024,7
CRS_RL34523,CRS,39471,20
CRS_RL30551,CRS,12193,6
CRS_RS22897,CRS,1382,1
CRS_R44880,CRS,9592,5
CRS_R42077,CRS,31929,16
CRS_RL31634,CRS,11800,6
CRS_R44231,CRS,10581,6
CRS_R40442,CRS,2779,2
CRS_R43853,CRS,1457,1
CRS_R41127,CRS,10775,6
CRS_RL34432,CRS,4637,3
CRS_R40580,CRS,5636,3
CRS_R40710,CRS,28880,15
CRS_R42943,CRS,6845,4
CRS_RL33648,CRS,6580,4
CRS_R43084,CRS,6145,4
CRS_RL34533,CRS,6181,4
CRS_R44928,CRS,8056,4
CRS_R43173,CRS,9592,5
CRS_R42785,CRS,20861,11
CRS_RS22931,CRS,4028,2
CRS_RL31793,CRS,8529,5
CRS_RL33838,CRS,5811,3
CRS_R44575,CRS,14379,8
CRS_R41949,CRS,12815,7
CRS_R43180,CRS,9802,5
CRS_R44521,CRS,5162,3
CRS_R40439,CRS,5479,3
CRS_R44685,CRS,2203,2
CRS_R40449,CRS,15647,8
CRS_RL33711,CRS,6550,4
CRS_R40856,CRS,30313,15
CRS_RL33148,CRS,7793,4
CRS_RS22790,CRS,2362,2
CRS_RL34231,CRS,4090,2
CRS_R43425,CRS,1834,1
CRS_R42966,CRS,8059,4
CRS_RL31790,CRS,4500,3
CRS_R45402,CRS,1783,1
CRS_R43148,CRS,9875,5
CRS_R41090,CRS,8840,5
CRS_R41952,CRS,36559,18
CRS_RL33863,CRS,16811,9
CRS_R44591,CRS,5472,3
CRS_RL30653,CRS,6738,4
CRS_R42007,CRS,5648,3
CRS_R45387,CRS,5464,3
CRS_R43827,CRS,10503,6
CRS_RL31579,CRS,7229,4
CRS_RL32274,CRS,7678,4
CRS_R45277,CRS,5320,3
CRS_RS20258,CRS,2106,2
CRS_RL32953,CRS,4372,3
CRS_R42788,CRS,6925,4
CRS_R44582,CRS,16890,9
CRS_RS22770,CRS,3232,2
CRS_R43912,CRS,2893,2
CRS_R40141,CRS,3448,2
CRS_RS21630,CRS,2040,1
CRS_RL34248,CRS,14049,7
CRS_R42839,CRS,7433,4
CRS_RL34421,CRS,11411,6
CRS_R42560,CRS,15315,8
CRS_R41190,CRS,5531,3
CRS_R42486,CRS,3674,2
CRS_R44341,CRS,23361,12
CRS_RL33620,CRS,8812,5
CRS_R44206,CRS,3201,2
CRS_RS22588,CRS,4343,3
CRS_RL33530,CRS,34464,17
CRS_R44394,CRS,9903,5
CRS_RS22758,CRS,2595,2
CRS_R42879,CRS,4242,3
CRS_RS22763,CRS,18903,10
CRS_R44163,CRS,5163,3
CRS_R41996,CRS,9464,5
CRS_RL32388,CRS,12098,6
CRS_R40749,CRS,11418,6
CRS_RL33309,CRS,3079,2
CRS_RS22518,CRS,4697,3
CRS_RS22512,CRS,1688,1
CRS_RL32302,CRS,17167,9
CRS_RL32844,CRS,6688,4
CRS_R43219,CRS,7577,4
CRS_R43729,CRS,5738,3
CRS_RL34199,CRS,13065,7
CRS_RL33860,CRS,7194,4
CRS_R45048,CRS,13381,7
CRS_RS20569,CRS,3003,2
CRS_R42388,CRS,9822,5
CRS_R41618,CRS,2907,2
CRS_RL34387,CRS,76215,38
CRS_R45286,CRS,7484,4
CRS_RL31134,CRS,7929,4
CRS_R42026,CRS,6330,4
CRS_RL33869,CRS,10294,6
CRS_RL30790,CRS,9111,5
CRS_RS22764,CRS,2471,2
CRS_RS22584,CRS,2081,2
CRS_R40900,CRS,32813,17
CRS_R40767,CRS,8441,5
CRS_R43231,CRS,7259,4
CRS_R40606,CRS,17819,9
CRS_R42687,CRS,3484,2
CRS_RS22982,CRS,3351,2
CRS_R43594,CRS,10050,5
CRS_RS21761,CRS,3740,2
CRS_R41335,CRS,2388,2
CRS_R40834,CRS,23279,12
CRS_RL30272,CRS,10540,6
CRS_RL33412,CRS,24914,13
CRS_R40478,CRS,743,1
CRS_R43320,CRS,22899,12
CRS_R44143,CRS,3190,2
CRS_94-953,CRS,9464,5
CRS_R43441,CRS,5121,3
CRS_R41640,CRS,6840,4
CRS_RL33539,CRS,16598,9
CRS_RL31308,CRS,18786,10
CRS_R42370,CRS,10495,6
CRS_RL32110,CRS,12977,7
CRS_R42554,CRS,8514,5
CRS_RL31284,CRS,932,1
CRS_R40544,CRS,10813,6
CRS_R44509,CRS,8762,5
CRS_RS20792,CRS,1200,1
CRS_R40707,CRS,15057,8
CRS_R41849,CRS,6178,4
CRS_R44969,CRS,13051,7
CRS_RL34603,CRS,5942,3
CRS_RL32938,CRS,5795,3
CRS_R43880,CRS,13989,7
CRS_R43847,CRS,2828,2
CRS_RL32186,CRS,27588,14
CRS_RL33763,CRS,9902,5
CRS_RS22951,CRS,3229,2
CRS_R44947,CRS,8621,5
CRS_RL31813,CRS,8831,5
CRS_R41104,CRS,11256,6
CRS_R43083,CRS,8194,5
CRS_R42437,CRS,4447,3
CRS_RL34556,CRS,8296,5
CRS_R40485,CRS,5471,3
CRS_97-291,CRS,3339,2
CRS_RS21984,CRS,7215,4
CRS_RL33292,CRS,9889,5
CRS_R40184,CRS,1925,1
CRS_RL31822,CRS,9857,5
CRS_R44216,CRS,10385,6
CRS_R43648,CRS,11707,6
CRS_R44776,CRS,8807,5
CRS_R45263,CRS,5683,3
CRS_RL33762,CRS,8865,5
CRS_RL30234,CRS,14902,8
CRS_RL33294,CRS,2138,2
CRS_R40685,CRS,31471,16
CRS_RL34163,CRS,13411,7
CRS_RL33240,CRS,3208,2
CRS_RL34394,CRS,37932,19
CRS_R41539,CRS,599,1
CRS_R45449,CRS,16956,9
CRS_RL33340,CRS,75468,37
CRS_R40468,CRS,4087,2
CRS_RL34708,CRS,4614,3
CRS_R41022,CRS,5512,3
CRS_RS22580,CRS,562,1
CRS_R40540,CRS,6737,4
CRS_RL30935,CRS,6266,4
CRS_R43074,CRS,9194,5
CRS_RL32210,CRS,3786,2
CRS_RL33177,CRS,2498,2
CRS_R40851,CRS,11200,6
CRS_R40939,CRS,9857,5
CRS_R42008,CRS,52019,26
CRS_R43251,CRS,8703,5
CRS_R41893,CRS,5382,3
CRS_RL34697,CRS,3641,2
CRS_RL34426,CRS,4814,3
CRS_R41757,CRS,2148,2
CRS_R45121,CRS,2111,2
CRS_R42776,CRS,4296,3
CRS_R44588,CRS,27347,14
CRS_R43767,CRS,10724,6
CRS_R44682,CRS,2290,2
CRS_R41503,CRS,9745,5
CRS_R44466,CRS,9646,5
CRS_RL34604,CRS,14897,8
CRS_RL30484,CRS,6193,4
CRS_97-139,CRS,58672,29
CRS_R40693,CRS,11637,6
CRS_R42003,CRS,5100,3
CRS_RL31265,CRS,10672,6
CRS_RL30896,CRS,19509,10
CRS_R41706,CRS,27531,14
CRS_95-709,CRS,2837,2
CRS_R44421,CRS,6671,4
CRS_R45044,CRS,9735,5
CRS_R44113,CRS,4413,3
CRS_RS22686,CRS,2576,2
CRS_R40983,CRS,5510,3
CRS_RL33568,CRS,4656,3
CRS_R41261,CRS,6138,3
CRS_RL32509,CRS,5162,3
CRS_R41313,CRS,5611,3
CRS_R40846,CRS,8065,4
CRS_R41236,CRS,6178,4
CRS_R40959,CRS,599,1
CRS_RL34395,CRS,10086,5
CRS_R41905,CRS,8548,5
CRS_98-311,CRS,4120,3
CRS_R43727,CRS,9441,5
CRS_R40656,CRS,7291,4
CRS_R44993,CRS,5962,3
CRS_RL32876,CRS,7175,4
CRS_RS22491,CRS,1699,1
CRS_R43065,CRS,4800,3
CRS_RS21404,CRS,3314,2
CRS_R45350,CRS,12258,6
CRS_R42593,CRS,11379,6
CRS_RL32131,CRS,5587,3
CRS_R44566,CRS,8969,5
CRS_R40513,CRS,3255,2
CRS_R43443,CRS,5166,3
CRS_RL33038,CRS,5899,3
CRS_R44707,CRS,6846,4
CRS_RL34577,CRS,26521,13
CRS_RL32091,CRS,4298,3
CRS_RL33600,CRS,14835,8
CRS_97-736,CRS,2692,2
CRS_R41764,CRS,8580,5
CRS_R41980,CRS,2939,2
CRS_R44254,CRS,9054,5
CRS_RL32276,CRS,7040,4
CRS_R43098,CRS,13648,7
CRS_RS22900,CRS,3049,2
CRS_R41738,CRS,4827,3
CRS_R44597,CRS,6927,4
CRS_R45344,CRS,16162,8
CRS_RL33986,CRS,9791,5
CRS_RS22351,CRS,1900,1
CRS_RL30505,CRS,21879,11
CRS_98-379,CRS,2169,2
CRS_RL31374,CRS,1766,1
CRS_R44609,CRS,15425,8
CRS_R42750,CRS,5172,3
CRS_R44782,CRS,15877,8
CRS_R44214,CRS,9021,5
CRS_R41053,CRS,12249,6
CRS_R42997,CRS,6825,4
CRS_RL34482,CRS,49251,25
CRS_R41726,CRS,11725,6
CRS_RS22920,CRS,2373,2
CRS_R43145,CRS,10022,5
CRS_R45036,CRS,17903,9
CRS_R41756,CRS,4222,3
CRS_R40932,CRS,5193,3
CRS_97-615,CRS,18818,10
CRS_R44119,CRS,5933,3
CRS_RL33686,CRS,3623,2
CRS_RL34631,CRS,8718,5
CRS_R40118,CRS,12707,7
CRS_R40445,CRS,5861,3
CRS_R42096,CRS,4683,3
CRS_R41167,CRS,8355,5
CRS_RL31381,CRS,10287,6
CRS_RL34274,CRS,9509,5
CRS_RS20490,CRS,2459,2
CRS_RL32655,CRS,16170,8
CRS_R45293,CRS,68134,34
CRS_R44695,CRS,8211,5
CRS_RL30371,CRS,9293,5
CRS_R41714,CRS,5227,3
CRS_R40511,CRS,13549,7
CRS_RS20787,CRS,3372,2
CRS_RS22230,CRS,2182,2
CRS_RL34319,CRS,7337,4
CRS_R42040,CRS,15657,8
CRS_R41074,CRS,4673,3
CRS_R44050,CRS,5176,3
CRS_R43332,CRS,15484,8
CRS_R40588,CRS,5914,3
CRS_RS22578,CRS,1916,1
CRS_RS22905,CRS,2029,1
CRS_RL30006,CRS,11092,6
CRS_RL33909,CRS,14300,7
CRS_RS21123,CRS,3457,2
CRS_R41959,CRS,13873,7
CRS_R44709,CRS,8536,5
CRS_R45298,CRS,6573,4
CRS_RL31242,CRS,5084,3
CRS_RL34628,CRS,5135,3
CRS_R44219,CRS,14650,8
CRS_R43472,CRS,10293,6
CRS_R44714,CRS,3469,2
CRS_R40090,CRS,4643,3
CRS_RL34606,CRS,20056,10
CRS_RL33715,CRS,4336,3
CRS_R44476,CRS,4667,3
CRS_R42136,CRS,22830,12
CRS_RS22888,CRS,4568,3
CRS_RL32587,CRS,8864,5
CRS_RL32855,CRS,6189,4
CRS_RL33947,CRS,15965,8
CRS_RL31687,CRS,17084,9
CRS_RL34579,CRS,6847,4
CRS_RL33998,CRS,39493,20
CRS_R42552,CRS,7727,4
CRS_RL33490,CRS,12654,7
CRS_R45164,CRS,15962,8
CRS_RL34147,CRS,9486,5
CRS_R42449,CRS,4578,3
CRS_R40931,CRS,5090,3
CRS_RL31681,CRS,4439,3
CRS_R43719,CRS,7191,4
CRS_R43794,CRS,5266,3
CRS_RL33995,CRS,24830,13
CRS_R41902,CRS,5761,3
CRS_RL32233,CRS,90743,45
CRS_RS21591,CRS,2680,2
CRS_R41430,CRS,10450,6
CRS_R42779,CRS,660,1
CRS_R41328,CRS,4554,3
CRS_RS21532,CRS,8295,5
CRS_R42678,CRS,14973,8
CRS_R40607,CRS,13692,7
CRS_RL34057,CRS,4694,3
CRS_R42641,CRS,5242,3
CRS_RL32651,CRS,8522,5
CRS_R41379,CRS,9364,5
CRS_RL33914,CRS,4661,3
CRS_RL32123,CRS,7373,4
CRS_R41045,CRS,3368,2
CRS_R44150,CRS,13043,7
CRS_R43936,CRS,9077,5
CRS_RS21324,CRS,2288,2
CRS_R44467,CRS,3371,2
CRS_R42684,CRS,3684,2
CRS_R44965,CRS,7783,4
CRS_RL32819,CRS,13898,7
CRS_R40742,CRS,14973,8
CRS_R40246,CRS,8813,5
CRS_R43187,CRS,6290,4
CRS_RS21664,CRS,3237,2
CRS_RL33262,CRS,12594,7
CRS_RS21654,CRS,3081,2
CRS_RL33968,CRS,2811,2
CRS_R45053,CRS,6976,4
CRS_R43682,CRS,8841,5
CRS_R41446,CRS,15129,8
CRS_RL32517,CRS,9705,5
CRS_R42738,CRS,1283,1
CRS_RS22056,CRS,3968,2
CRS_RL33190,CRS,8224,5
CRS_RL33246,CRS,9574,5
CRS_RL34487,CRS,6623,4
CRS_R44781,CRS,8148,4
CRS_RL34108,CRS,9393,5
CRS_R40163,CRS,5342,3
CRS_R42829,CRS,14241,7
CRS_RL30243,CRS,7003,4
CRS_RS22948,CRS,4664,3
CRS_R42380,CRS,22621,12
CRS_R41051,CRS,10008,5
CRS_R43857,CRS,6273,4
CRS_RL32204,CRS,50087,25
CRS_R41972,CRS,6522,4
CRS_RS21709,CRS,3580,2
CRS_R45348,CRS,5992,3
CRS_R42624,CRS,22737,12
CRS_R44062,CRS,6650,4
CRS_RL31570,CRS,5422,3
CRS_98-758,CRS,1563,1
CRS_R42461,CRS,8609,5
CRS_RL30230,CRS,13200,7
CRS_RL33844,CRS,10157,5
CRS_RS21519,CRS,3675,2
CRS_R43175,CRS,20374,10
CRS_R43670,CRS,7038,4
CRS_R42863,CRS,14119,7
CRS_RL33842,CRS,10682,6
CRS_RL33977,CRS,12929,7
CRS_R42698,CRS,4540,3
CRS_R41826,CRS,9606,5
CRS_RL30635,CRS,8930,5
CRS_RL31540,CRS,8934,5
CRS_R44840,CRS,10729,6
CRS_R40915,CRS,5145,3
CRS_R44858,CRS,9543,5
CRS_R42014,CRS,11364,6
CRS_RS21772,CRS,2681,2
CRS_R44554,CRS,7303,4
CRS_R43193,CRS,4741,3
CRS_RL32092,CRS,12283,6
CRS_R44798,CRS,9874,5
CRS_RS21689,CRS,762,1
CRS_R41533,CRS,15545,8
CRS_R44102,CRS,11076,6
CRS_R43136,CRS,6630,4
CRS_RL33989,CRS,5873,3
CRS_RL33543,CRS,15591,8
CRS_R43025,CRS,13900,7
CRS_R41212,CRS,7586,4
CRS_RS20678,CRS,3476,2
CRS_R44545,CRS,8395,5
CRS_R43478,CRS,9949,5
CRS_RL33274,CRS,5950,3
CRS_RL32580,CRS,13329,7
CRS_RL33206,CRS,8534,5
CRS_R45300,CRS,12571,7
CRS_RL34586,CRS,9125,5
CRS_RL32966,CRS,7047,4
CRS_R42665,CRS,14986,8
CRS_R40119,CRS,9625,5
CRS_R42396,CRS,5170,3
CRS_R44377,CRS,12170,6
CRS_RS22863,CRS,4257,3
CRS_RS20933,CRS,519,1
CRS_RS21745,CRS,3555,2
CRS_RL34557,CRS,7088,4
CRS_R43627,CRS,9568,5
CRS_R43045,CRS,23208,12
CRS_RS22622,CRS,1669,1
CRS_R41156,CRS,33456,17
CRS_R41734,CRS,5890,3
CRS_RL32056,CRS,41525,21
CRS_RS22856,CRS,3118,2
CRS_R43540,CRS,7556,4
CRS_R40554,CRS,17598,9
CRS_RL33091,CRS,5905,3
CRS_R41382,CRS,8314,5
CRS_RS21387,CRS,2707,2
CRS_R43043,CRS,9234,5
CRS_R42742,CRS,10687,6
CRS_RS21213,CRS,2848,2
CRS_R43016,CRS,5783,3
CRS_RS22955,CRS,26779,14
CRS_RL33721,CRS,6540,4
CRS_R42520,CRS,19401,10
CRS_RL33110,CRS,32695,16
CRS_RL34240,CRS,11881,6
CRS_RS22858,CRS,1245,1
CRS_RS22839,CRS,2996,2
CRS_RL34116,CRS,5426,3
CRS_R43089,CRS,3047,2
CRS_R43639,CRS,10664,6
CRS_R45037,CRS,4946,3
CRS_RS21732,CRS,2758,2
CRS_R43795,CRS,2293,2
CRS_R41305,CRS,15397,8
CRS_R41667,CRS,21810,11
CRS_R43539,CRS,8215,5
CRS_RL33729,CRS,20248,10
CRS_RS22509,CRS,3078,2
CRS_R44210,CRS,10160,5
CRS_R41774,CRS,3785,2
CRS_RL33182,CRS,8395,5
CRS_R45078,CRS,8436,5
CRS_R44861,CRS,694,1
CRS_R44645,CRS,8794,5
CRS_R42588,CRS,15780,8
CRS_RS22928,CRS,2998,2
CRS_R41163,CRS,15544,8
CRS_RL34581,CRS,1037,1
CRS_R40631,CRS,6518,4
CRS_RL33189,CRS,11337,6
CRS_R44456,CRS,4558,3
CRS_RL33925,CRS,1199,1
CRS_RL34184,CRS,5658,3
CRS_RS21464,CRS,2895,2
CRS_R41639,CRS,11401,6
CRS_R41321,CRS,4415,3
CRS_R40675,CRS,5830,3
CRS_RL32957,CRS,5615,3
CRS_R45423,CRS,38804,19
CRS_R42600,CRS,10116,5
CRS_RL30878,CRS,12379,7
CRS_RL32241,CRS,2678,2
CRS_R44647,CRS,7850,4
CRS_RL33315,CRS,32405,16
CRS_RS21218,CRS,3469,2
CRS_R42555,CRS,12940,7
CRS_RL34744,CRS,8301,5
CRS_RL34039,CRS,9412,5
CRS_R40838,CRS,20659,11
CRS_RL34413,CRS,2893,2
CRS_R40515,CRS,5914,3
CRS_R41561,CRS,26049,13
CRS_RL34288,CRS,3439,2
CRS_RS22659,CRS,3134,2
CRS_RS21666,CRS,4552,3
CRS_RL33504,CRS,7091,4
CRS_R41264,CRS,7437,4
CRS_R41696,CRS,16499,9
CRS_R44277,CRS,3704,2
CRS_97-618,CRS,5644,3
CRS_R40460,CRS,5173,3
CRS_R41333,CRS,8481,5
CRS_R44207,CRS,10740,6
CRS_R44293,CRS,8556,5
CRS_RL31633,CRS,9471,5
CRS_R44302,CRS,14473,8
CRS_RL31946,CRS,35513,18
CRS_RL34140,CRS,14497,8
CRS_R43654,CRS,5401,3
CRS_R45137,CRS,9080,5
CRS_R44799,CRS,8873,5
CRS_R42511,CRS,5742,3
CRS_RL33279,CRS,12208,6
CRS_R43310,CRS,104,1
CRS_RS21835,CRS,2248,2
CRS_R41293,CRS,11489,6
CRS_R41137,CRS,5440,3
CRS_RS21113,CRS,3765,2
CRS_RS21364,CRS,4486,3
CRS_RS22331,CRS,2746,2
CRS_RL34270,CRS,10203,5
CRS_RL32362,CRS,11597,6
CRS_R41954,CRS,12517,7
CRS_R44321,CRS,22960,12
CRS_RL32275,CRS,10926,6
CRS_RS22921,CRS,2919,2
CRS_R45017,CRS,11557,6
CRS_95-717,CRS,13738,7
CRS_R44700,CRS,2268,2
CRS_R41442,CRS,11909,6
CRS_RL32495,CRS,23147,12
CRS_R40177,CRS,10118,5
CRS_R44354,CRS,7222,4
CRS_R44612,CRS,7112,4
CRS_R41890,CRS,39581,20
CRS_RS22183,CRS,3649,2
CRS_RL33622,CRS,9871,5
CRS_R44651,CRS,8868,5
CRS_R42061,CRS,7774,4
CRS_R45191,CRS,3271,2
CRS_RL32728,CRS,6449,4
CRS_RL34502,CRS,8993,5
CRS_RS22689,CRS,3772,2
CRS_RS22163,CRS,11153,6
CRS_R44436,CRS,11759,6
CRS_RS21294,CRS,3376,2
CRS_R43559,CRS,7638,4
CRS_RS22843,CRS,4316,3
CRS_RL31065,CRS,9421,5
CRS_96-264,CRS,5753,3
CRS_R40914,CRS,27409,14
CRS_R41314,CRS,5615,3
CRS_R40725,CRS,18618,10
CRS_R41395,CRS,9063,5
CRS_R45154,CRS,12035,6
CRS_R42657,CRS,7231,4
CRS_RL33320,CRS,9643,5
CRS_R44034,CRS,8291,5
CRS_R41142,CRS,10680,6
CRS_RL33936,CRS,9993,5
CRS_R45209,CRS,6257,4
CRS_R44988,CRS,4878,3
CRS_RL33460,CRS,29660,15
CRS_R44665,CRS,6418,4
CRS_98-211,CRS,16909,9
CRS_RL32099,CRS,7440,4
CRS_R42430,CRS,12618,7
CRS_RL33527,CRS,8196,5
CRS_RS20088,CRS,7075,4
CRS_R44347,CRS,7072,4
CRS_RL32185,CRS,5524,3
CRS_RL30957,CRS,40428,20
CRS_RL30244,CRS,13080,7
CRS_R42889,CRS,11282,6
CRS_98-67,CRS,18606,10
CRS_RL34101,CRS,18705,10
CRS_98-42,CRS,7721,4
CRS_RL30952,CRS,25321,13
CRS_R43387,CRS,25276,13
CRS_R43895,CRS,5137,3
CRS_RL34363,CRS,14387,8
CRS_R43169,CRS,14497,8
CRS_RL32417,CRS,4213,3
CRS_R40197,CRS,3912,2
CRS_RL32534,CRS,6916,4
CRS_R40763,CRS,1791,1
CRS_RL32212,CRS,14692,8
CRS_R40891,CRS,1244,1
CRS_RL34578,CRS,10890,6
CRS_R44567,CRS,8282,5
CRS_RS22318,CRS,3092,2
CRS_R43188,CRS,7815,4
CRS_R40218,CRS,22706,12
CRS_RL33753,CRS,32729,16
CRS_RS20221,CRS,2523,2
CRS_RL34335,CRS,5595,3
CRS_R42559,CRS,26189,13
CRS_R43184,CRS,10819,6
CRS_RL33878,CRS,14162,7
CRS_RL34262,CRS,17277,9
CRS_R40077,CRS,6395,4
CRS_R43399,CRS,9862,5
CRS_R41011,CRS,2832,2
CRS_R40595,CRS,4784,3
CRS_RL33484,CRS,7663,4
CRS_R43908,CRS,8385,5
CRS_RL32245,CRS,7893,4
CRS_R44813,CRS,8388,5
CRS_RL33807,CRS,11485,6
CRS_RS22299,CRS,4754,3
CRS_RL33932,CRS,4271,3
CRS_R41866,CRS,9903,5
CRS_R43408,CRS,4944,3
CRS_R43573,CRS,12798,7
CRS_R40471,CRS,9197,5
CRS_RL32460,CRS,4389,3
CRS_RS22120,CRS,3592,2
CRS_RS20210,CRS,7641,4
CRS_RL34263,CRS,5768,3
CRS_R41813,CRS,12408,7
CRS_R42854,CRS,4703,3
CRS_RL33774,CRS,9918,5
CRS_RL33273,CRS,7727,4
CRS_R42843,CRS,4564,3
CRS_R44422,CRS,8893,5
CRS_RL34441,CRS,9150,5
CRS_RS20785,CRS,1985,1
CRS_R44646,CRS,5081,3
CRS_R43471,CRS,9616,5
CRS_RL31384,CRS,16387,9
CRS_R40684,CRS,10037,5
CRS_R41722,CRS,10152,5
CRS_R41267,CRS,13325,7
CRS_R40001,CRS,8178,4
CRS_R45320,CRS,14416,8
CRS_R45007,CRS,14921,8
CRS_93-931,CRS,4738,3
CRS_R44366,CRS,10443,6
CRS_R43027,CRS,5544,3
CRS_R43932,CRS,4573,3
CRS_R41391,CRS,7012,4
CRS_RL34191,CRS,9798,5
CRS_RL34398,CRS,15901,8
CRS_R42980,CRS,14556,8
CRS_RL32710,CRS,7661,4
CRS_RL33851,CRS,6986,4
CRS_R43004,CRS,12407,7
CRS_RL31954,CRS,28650,14
CRS_R43162,CRS,3408,2
CRS_R42618,CRS,13876,7
CRS_R43085,CRS,4867,3
CRS_RL33782,CRS,8484,5
CRS_RL33810,CRS,6586,4
CRS_RL31767,CRS,8382,5
CRS_RS20916,CRS,2629,2
CRS_R41874,CRS,12715,7
CRS_RL34128,CRS,13051,7
CRS_R41540,CRS,9971,5
CRS_R43909,CRS,2546,2
CRS_R41543,CRS,6341,4
CRS_RL30344,CRS,7159,4
CRS_R44488,CRS,4782,3
CRS_R42629,CRS,4545,3
CRS_RL34277,CRS,3569,2
CRS_RS20607,CRS,1084,1
CRS_RS21482,CRS,2416,2
CRS_RL30207,CRS,10738,6
CRS_R41034,CRS,8297,5
CRS_RL33421,CRS,8182,4
CRS_RL33635,CRS,20145,10
CRS_RL34731,CRS,8086,4
CRS_RS22006,CRS,1613,1
CRS_R40523,CRS,7736,4
CRS_R45180,CRS,13541,7
CRS_RL32585,CRS,11673,6
CRS_R43095,CRS,4962,3
CRS_R41701,CRS,6070,3
CRS_RS22705,CRS,2528,2
CRS_RL34377,CRS,3261,2
CRS_RL33090,CRS,4862,3
CRS_R40709,CRS,8552,5
CRS_RL32607,CRS,6354,4
CRS_RL33938,CRS,7848,4
CRS_R40670,CRS,8407,5
CRS_RS21342,CRS,2009,1
CRS_R41910,CRS,11731,6
CRS_R43638,CRS,3861,2
CRS_RL34252,CRS,5835,3
CRS_RL34345,CRS,9606,5
CRS_RS21288,CRS,3045,2
CRS_RS22666,CRS,3126,2
CRS_RL34627,CRS,3534,2
CRS_RL33254,CRS,11688,6
CRS_RL32314,CRS,6268,4
CRS_97-619,CRS,27682,14
CRS_R44430,CRS,3079,2
CRS_RL34452,CRS,7484,4
CRS_R41523,CRS,8682,5
CRS_RL30638,CRS,6885,4
CRS_RL34551,CRS,9748,5
CRS_RL34483,CRS,7125,4
CRS_RL30051,CRS,7693,4
CRS_RS21314,CRS,2837,2
CRS_RL32068,CRS,6286,4
CRS_RL33667,CRS,16211,8
CRS_R41832,CRS,31298,16
CRS_R45181,CRS,8798,5
CRS_R40875,CRS,2583,2
CRS_RL34306,CRS,7682,4
CRS_RL33819,CRS,44777,22
CRS_95-797,CRS,16025,8
CRS_RL31657,CRS,10907,6
CRS_R44989,CRS,14726,8
CRS_RS22319,CRS,2336,2
CRS_97-826,CRS,3306,2
CRS_RS21899,CRS,2590,2
CRS_R41678,CRS,2896,2
CRS_RL33396,CRS,5597,3
CRS_RL31116,CRS,21355,11
CRS_RS22675,CRS,2769,2
CRS_RS22879,CRS,3460,2
CRS_RL32703,CRS,8822,5
CRS_RL31306,CRS,43903,22
CRS_RS20131,CRS,1599,1
CRS_R40752,CRS,15569,8
CRS_R41623,CRS,2541,2
CRS_R44581,CRS,8915,5
CRS_94-166,CRS,28080,14
CRS_RL34347,CRS,5902,3
CRS_R44080,CRS,6753,4
CRS_R41634,CRS,11433,6
CRS_RL33048,CRS,14244,7
CRS_R40657,CRS,6705,4
CRS_R44814,CRS,11291,6
CRS_R42537,CRS,8444,5
CRS_RL32342,CRS,13041,7
CRS_R41271,CRS,1519,1
CRS_R44534,CRS,9073,5
CRS_R42803,CRS,3242,2
CRS_R42406,CRS,4236,3
CRS_R44613,CRS,12554,7
CRS_RL31707,CRS,4371,3
CRS_R40602,CRS,24605,13
CRS_R43730,CRS,9521,5
CRS_R40790,CRS,5664,3
CRS_RL31260,CRS,26668,14
CRS_RL32311,CRS,45384,23
CRS_R43564,CRS,8171,4
CRS_RS22708,CRS,5805,3
CRS_RL32989,CRS,4509,3
CRS_RL33185,CRS,37721,19
CRS_R43021,CRS,4813,3
CRS_R41284,CRS,13750,7
CRS_R42498,CRS,34260,17
CRS_R44547,CRS,6286,4
CRS_RS21349,CRS,9785,5
CRS_R42053,CRS,21246,11
CRS_RL31362,CRS,10616,6
CRS_R42753,CRS,17374,9
CRS_R44560,CRS,7030,4
CRS_RL34742,CRS,97334,48
CRS_R40493,CRS,16221,8
CRS_R41556,CRS,9810,5
CRS_R45343,CRS,12462,7
CRS_RL33946,CRS,16032,8
CRS_R42957,CRS,6345,4
CRS_RL33939,CRS,2730,2
CRS_R41822,CRS,6394,4
CRS_RL34593,CRS,10202,5
CRS_RL31025,CRS,15627,8
CRS_R41064,CRS,9971,5
CRS_R45278,CRS,7423,4
CRS_RS22172,CRS,3379,2
CRS_R44622,CRS,9186,5
CRS_R40151,CRS,19583,10
CRS_RL33873,CRS,6309,4
CRS_RS21202,CRS,5600,3
CRS_R42812,CRS,3371,2
CRS_R41252,CRS,3861,2
CRS_R44237,CRS,3550,2
CRS_R41919,CRS,7466,4
CRS_RL31970,CRS,9157,5
CRS_RL31201,CRS,10591,6
CRS_RL33502,CRS,7165,4
CRS_RL30743,CRS,5457,3
CRS_R40969,CRS,3857,2
CRS_RS22733,CRS,1979,1
CRS_RL33616,CRS,6600,4
CRS_R43079,CRS,19257,10
CRS_R40155,CRS,14806,8
CRS_R44951,CRS,8115,4
CRS_RL32279,CRS,5380,3
CRS_R43060,CRS,10812,6
CRS_RL33409,CRS,12483,7
CRS_RS21507,CRS,4885,3
CRS_R44564,CRS,15262,8
CRS_RS22493,CRS,6624,4
CRS_RL32528,CRS,8886,5
CRS_R44133,CRS,2778,2
CRS_RL30365,CRS,6343,4
CRS_RL34580,CRS,13290,7
CRS_RL34088,CRS,8603,5
CRS_R41423,CRS,10567,6
CRS_RL32822,CRS,5973,3
CRS_RL30510,CRS,7467,4
CRS_R43192,CRS,18026,9
CRS_RL34105,CRS,31962,16
CRS_R41827,CRS,7602,4
CRS_RL32161,CRS,8457,5
CRS_RL33573,CRS,24284,12
CRS_R44117,CRS,31066,16
CRS_R43366,CRS,8247,5
CRS_RL31975,CRS,8942,5
CRS_RL33215,CRS,20910,11
CRS_R40874,CRS,2801,2
CRS_RS22579,CRS,1737,1
CRS_R45212,CRS,4657,3
CRS_R43826,CRS,9904,5
CRS_R44374,CRS,3038,2
CRS_R44280,CRS,9006,5
CRS_RS20777,CRS,1384,1
CRS_R41112,CRS,9475,5
CRS_RS21049,CRS,13319,7
CRS_R45159,CRS,15142,8
CRS_R40193,CRS,55313,28
CRS_R43901,CRS,14051,7
CRS_R40800,CRS,9301,5
CRS_RS22392,CRS,2237,2
CRS_R42349,CRS,9851,5
CRS_RL30533,CRS,16914,9
CRS_R44393,CRS,3689,2
CRS_R43833,CRS,9579,5
CRS_RL34518,CRS,8567,5
CRS_R45080,CRS,4311,3
CRS_R43415,CRS,8046,4
CRS_R40994,CRS,10401,6
CRS_R44036,CRS,7982,4
CRS_R42488,CRS,7301,4
CRS_RS22594,CRS,2654,2
CRS_R41622,CRS,21170,11
CRS_RL31762,CRS,7744,4
CRS_RS21054,CRS,2359,2
CRS_R42027,CRS,9754,5
CRS_R43177,CRS,19782,10
CRS_97-589,CRS,18229,9
CRS_R40490,CRS,5133,3
CRS_R41731,CRS,14757,8
CRS_RS20058,CRS,2502,2
CRS_R44616,CRS,3965,2
CRS_RS21193,CRS,1998,1
CRS_RL32743,CRS,8419,5
CRS_R45397,CRS,4165,3
CRS_R41922,CRS,8763,5
CRS_R40573,CRS,33806,17
CRS_R43562,CRS,6452,4
CRS_R45418,CRS,9693,5
CRS_RL32782,CRS,8715,5
CRS_R44324,CRS,1744,1
CRS_R41605,CRS,23981,12
CRS_R42119,CRS,10423,6
CRS_R42543,CRS,12822,7
CRS_R44741,CRS,11607,6
CRS_RL31111,CRS,23913,12
CRS_93-875,CRS,12640,7
CRS_RL33118,CRS,11225,6
CRS_R44262,CRS,3381,2
CRS_R45197,CRS,10469,6
CRS_R42658,CRS,1729,1
CRS_RL31305,CRS,23830,12
CRS_R44699,CRS,8214,5
CRS_R41088,CRS,3077,2
CRS_RL33186,CRS,7863,4
CRS_RL33096,CRS,13116,7
CRS_R41966,CRS,3404,2
CRS_RS22960,CRS,6322,4
CRS_R44501,CRS,14543,8
CRS_RL32543,CRS,3107,2
CRS_RL31724,CRS,24874,13
CRS_RL34572,CRS,9336,5
CRS_R41887,CRS,7820,4
CRS_RL34433,CRS,10240,5
CRS_RS22824,CRS,2792,2
CRS_R42333,CRS,20198,10
CRS_RL33730,CRS,8072,4
CRS_R41802,CRS,17211,9
CRS_RL31530,CRS,23777,12
CRS_R44976,CRS,3672,2
CRS_RL30209,CRS,48460,24
CRS_R44871,CRS,7825,4
CRS_97-727,CRS,23602,12
CRS_RL34401,CRS,34317,17
CRS_RS20913,CRS,3518,2
CRS_RL34042,CRS,5300,3
CRS_RL31690,CRS,4673,3
CRS_R41928,CRS,5253,3
CRS_R40174,CRS,3739,2
CRS_R42494,CRS,9329,5
CRS_R41085,CRS,6468,4
CRS_R40795,CRS,8352,5
CRS_R40996,CRS,10794,6
CRS_RS20851,CRS,2386,2
CRS_R41009,CRS,18053,9
CRS_RL34481,CRS,13430,7
CRS_R43218,CRS,17051,9
CRS_R44850,CRS,6158,4
CRS_R43497,CRS,4374,3
CRS_R41123,CRS,5036,3
CRS_R42570,CRS,13427,7
CRS_R45288,CRS,12151,6
CRS_R42134,CRS,7041,4
CRS_R43975,CRS,11979,6
CRS_R43505,CRS,10574,6
CRS_RS22632,CRS,3329,2
CRS_R41360,CRS,6320,4
CRS_RL34303,CRS,26109,13
CRS_RS20028,CRS,2440,2
CRS_R44761,CRS,8737,5
CRS_R44120,CRS,12448,7
CRS_RL32992,CRS,14871,8
CRS_RL33876,CRS,6658,4
CRS_R42482,CRS,8422,5
CRS_R44728,CRS,14404,8
CRS_RL31073,CRS,8479,5
CRS_R40505,CRS,5584,3
CRS_R40824,CRS,1895,1
CRS_R40195,CRS,2998,2
CRS_RL32963,CRS,2940,2
CRS_R44273,CRS,8533,5
CRS_RL34543,CRS,15430,8
CRS_R42097,CRS,28934,15
CRS_R41131,CRS,41629,21
CRS_RL33895,CRS,6423,4
CRS_RL32431,CRS,15030,8
CRS_RS22889,CRS,3078,2
CRS_R45338,CRS,7559,4
CRS_R41032,CRS,9167,5
CRS_R44444,CRS,26511,13
CRS_R44070,CRS,3617,2
CRS_R43290,CRS,5531,3
CRS_R44435,CRS,9581,5
CRS_R41255,CRS,3745,2
CRS_RL30758,CRS,12208,6
CRS_R42138,CRS,11861,6
CRS_RL31310,CRS,11564,6
CRS_R40138,CRS,4326,3
CRS_RS21693,CRS,2747,2
CRS_RS22526,CRS,3285,2
CRS_RS22864,CRS,4638,3
CRS_R42534,CRS,14024,7
CRS_R40487,CRS,4931,3
CRS_R44087,CRS,7581,4
CRS_R43082,CRS,7526,4
CRS_94-731,CRS,17238,9
CRS_RL32656,CRS,4795,3
CRS_RL32711,CRS,42281,21
CRS_R44725,CRS,14349,8
CRS_R41712,CRS,5733,3
CRS_RL30811,CRS,15725,8
CRS_RL32858,CRS,5561,3
CRS_RL30669,CRS,20099,10
CRS_R43563,CRS,2728,2
CRS_RL34616,CRS,7623,4
CRS_R40501,CRS,5835,3
CRS_R44536,CRS,3231,2
CRS_RL31833,CRS,13543,7
CRS_RL33965,CRS,6431,4
CRS_RS22147,CRS,2738,2
CRS_R43354,CRS,11570,6
CRS_R44369,CRS,2818,2
CRS_R41596,CRS,11670,6
CRS_RS21195,CRS,3219,2
CRS_R42458,CRS,8513,5
CRS_R42676,CRS,9038,5
CRS_R40172,CRS,25541,13
CRS_R42439,CRS,12782,7
CRS_R40910,CRS,10118,5
CRS_R44265,CRS,12801,7
CRS_R41662,CRS,13710,7
CRS_RL34114,CRS,6748,4
CRS_98-869,CRS,5415,3
CRS_RL34019,CRS,8364,5
CRS_RL32217,CRS,11012,6
CRS_R41075,CRS,11257,6
CRS_R45124,CRS,5233,3
CRS_R43198,CRS,10718,6
CRS_R40446,CRS,10005,5
CRS_R43752,CRS,2502,2
CRS_R40126,CRS,6938,4
CRS_RS22600,CRS,5720,3
CRS_R41845,CRS,5539,3
CRS_R40750,CRS,10397,6
CRS_RL30349,CRS,10327,6
CRS_RL34529,CRS,3790,2
CRS_RS22489,CRS,2362,2
CRS_R41072,CRS,20502,11
CRS_R43172,CRS,7003,4
CRS_R41182,CRS,24362,12
CRS_RL32250,CRS,24690,13
CRS_RL34030,CRS,8993,5
CRS_RL31518,CRS,16556,9
CRS_R44234,CRS,7024,4
CRS_R41835,CRS,3698,2
CRS_RL34690,CRS,16278,8
CRS_R41660,CRS,11038,6
CRS_RL31358,CRS,12800,7
CRS_R42578,CRS,9628,5
CRS_R40545,CRS,11001,6
CRS_R44251,CRS,9974,5
CRS_R42544,CRS,4992,3
CRS_RL34431,CRS,3604,2
CRS_R43883,CRS,1513,1
CRS_RL32135,CRS,14388,8
CRS_RL31356,CRS,7533,4
CRS_R40156,CRS,45497,23
CRS_R44309,CRS,4603,3
CRS_RL31859,CRS,4122,3
CRS_R42645,CRS,9740,5
CRS_R42000,CRS,3029,2
CRS_R44546,CRS,18624,10
CRS_R40713,CRS,8166,4
CRS_R44426,CRS,3746,2
CRS_RL31810,CRS,9414,5
CRS_R41068,CRS,10738,6
CRS_R42969,CRS,10984,6
CRS_RL31403,CRS,9668,5
CRS_RL33944,CRS,23209,12
CRS_RL33380,CRS,4241,3
CRS_R40239,CRS,6336,4
CRS_R41402,CRS,8962,5
CRS_RL32243,CRS,26580,13
CRS_R45099,CRS,25025,13
CRS_R44492,CRS,2849,2
CRS_R42149,CRS,8434,5
CRS_R44809,CRS,2715,2
CRS_R44270,CRS,4158,3
CRS_R44055,CRS,3526,2
CRS_R43433,CRS,6718,4
CRS_RL33497,CRS,19815,10
CRS_R42668,CRS,8952,5
CRS_R44098,CRS,8686,5
CRS_R42383,CRS,4201,3
CRS_RL34479,CRS,5894,3
CRS_R42686,CRS,9658,5
CRS_RL33427,CRS,10415,6
CRS_RL33769,CRS,7857,4
CRS_R40222,CRS,4480,3
CRS_RL32729,CRS,4220,3
CRS_RS21421,CRS,11878,6
CRS_R42044,CRS,9828,5
CRS_R43940,CRS,8695,5
CRS_R41309,CRS,6817,4
CRS_R40091,CRS,11747,6
CRS_RL33337,CRS,4620,3
CRS_R45182,CRS,6168,4
CRS_96-816,CRS,13825,7
CRS_R41227,CRS,12980,7
CRS_RL34679,CRS,10441,6
CRS_R41993,CRS,2894,2
CRS_RS22243,CRS,2862,2
CRS_R44323,CRS,1701,1
CRS_R44924,CRS,5768,3
CRS_R42694,CRS,24380,12
CRS_R44825,CRS,4555,3
CRS_RL34729,CRS,18887,10
CRS_RS20775,CRS,4116,3
CRS_RL33935,CRS,16923,9
CRS_RL31320,CRS,3305,2
CRS_RL32773,CRS,8822,5
CRS_R43001,CRS,7952,4
CRS_R43545,CRS,6947,4
CRS_RL33211,CRS,22897,12
CRS_RL34565,CRS,19990,10
CRS_RL32685,CRS,6701,4
CRS_R42744,CRS,9072,5
CRS_R44803,CRS,7212,4
CRS_RL33917,CRS,5453,3
CRS_R43061,CRS,8953,5
CRS_RL31262,CRS,3704,2
CRS_RL34143,CRS,7751,4
CRS_R44372,CRS,5908,3
CRS_R43493,CRS,9930,5
CRS_RL32130,CRS,38808,19
CRS_R40154,CRS,55382,28
CRS_R45147,CRS,20788,11
CRS_RL34202,CRS,7144,4
CRS_R41889,CRS,6776,4
CRS_R43288,CRS,7566,4
CRS_RL30930,CRS,5489,3
CRS_RS22544,CRS,2986,2
CRS_R40162,CRS,7795,4
CRS_RL34062,CRS,19324,10
CRS_RL34648,CRS,12104,6
CRS_R40692,CRS,10593,6
CRS_R43679,CRS,7569,4
CRS_RL30201,CRS,18240,9
CRS_RL33389,CRS,3842,2
CRS_R40417,CRS,3252,2
CRS_RL32984,CRS,6404,4
CRS_R40865,CRS,10332,6
CRS_RL34758,CRS,5399,3
CRS_R42717,CRS,11370,6
CRS_R45412,CRS,6403,4
CRS_R41588,CRS,8640,5
CRS_RL34373,CRS,5311,3
CRS_RS20430,CRS,6228,4
CRS_RL31733,CRS,11033,6
CRS_R43983,CRS,8452,5
CRS_R43456,CRS,9998,5
CRS_R40536,CRS,8491,5
CRS_R43881,CRS,8122,4
CRS_RL31395,CRS,13037,7
CRS_RL31370,CRS,5761,3
CRS_RL31526,CRS,26575,13
CRS_R44350,CRS,12423,7
CRS_98-327,CRS,10974,6
CRS_R41777,CRS,12642,7
CRS_RL34405,CRS,31704,16
CRS_RS22949,CRS,2452,2
CRS_RS22692,CRS,2594,2
CRS_R43124,CRS,6307,4
CRS_RL30511,CRS,22562,12
CRS_R40564,CRS,6147,4
CRS_R41517,CRS,6855,4
CRS_R43031,CRS,7753,4
CRS_R43863,CRS,64898,32
CRS_R42434,CRS,16251,8
CRS_R43299,CRS,5115,3
CRS_RL33405,CRS,25082,13
CRS_R40850,CRS,6043,3
CRS_R44867,CRS,6794,4
CRS_RL32473,CRS,3762,2
CRS_RL32160,CRS,16820,9
CRS_R43910,CRS,6813,4
CRS_RL34384,CRS,20546,11
CRS_R43131,CRS,8370,5
CRS_RL31636,CRS,10503,6
CRS_R40594,CRS,7215,4
CRS_RL33255,CRS,8408,5
CRS_RL33898,CRS,13055,7
CRS_R44925,CRS,3049,2
CRS_R44650,CRS,4873,3
CRS_R43713,CRS,4723,3
CRS_RS22609,CRS,2079,2
CRS_R42628,CRS,8924,5
CRS_RL33726,CRS,15352,8
CRS_RL32234,CRS,13787,7
CRS_98-323,CRS,3761,2
CRS_RS21665,CRS,2285,2
CRS_RS22402,CRS,3893,2
CRS_R44745,CRS,10850,6
CRS_R44334,CRS,9084,5
CRS_R44739,CRS,9106,5
CRS_R42620,CRS,18774,10
CRS_R44314,CRS,4000,2
CRS_R41529,CRS,11361,6
CRS_R42153,CRS,12491,7
CRS_R40601,CRS,9362,5
CRS_RL34229,CRS,28565,14
CRS_R44734,CRS,2922,2
CRS_RS21558,CRS,2891,2
CRS_R44365,CRS,7042,4
CRS_R42445,CRS,30067,15
CRS_R45018,CRS,5769,3
CRS_R41632,CRS,1781,1
CRS_R44005,CRS,6300,4
CRS_R42882,CRS,18614,10
CRS_R43531,CRS,9687,5
CRS_RL33244,CRS,7323,4
CRS_R43899,CRS,3795,2
CRS_R43179,CRS,7194,4
CRS_RL32841,CRS,7651,4
CRS_R44957,CRS,5196,3
CRS_R44642,CRS,7641,4
CRS_R42527,CRS,20096,10
CRS_RL31038,CRS,14061,7
CRS_R42984,CRS,7427,4
CRS_R45150,CRS,28397,14
CRS_R43893,CRS,6225,4
CRS_RL32618,CRS,14621,8
CRS_RS21685,CRS,4392,3
CRS_R42653,CRS,4588,3
CRS_R44571,CRS,6940,4
CRS_R43650,CRS,7550,4
CRS_RS20855,CRS,2358,2
CRS_R43984,CRS,16027,8
CRS_R43362,CRS,10342,6
CRS_R40977,CRS,5896,3
CRS_RL33955,CRS,9242,5
CRS_R44340,CRS,4758,3
CRS_R43710,CRS,5317,3
CRS_RL32776,CRS,16498,9
CRS_RS20902,CRS,2431,2
CRS_R45326,CRS,8107,4
CRS_R41744,CRS,18705,10
CRS_RL34193,CRS,6695,4
CRS_R45321,CRS,6258,4
CRS_R43442,CRS,15560,8
CRS_RL33806,CRS,16154,8
CRS_RL32149,CRS,5863,3
CRS_R43504,CRS,7558,4
CRS_R43458,CRS,23085,12
CRS_R45106,CRS,7038,4
CRS_RS21283,CRS,2807,2
CRS_R43236,CRS,13611,7
CRS_RS22055,CRS,1829,1
CRS_RS21900,CRS,9123,5
CRS_R42094,CRS,11423,6
CRS_R40203,CRS,5676,3
CRS_RL30030,CRS,4196,3
CRS_R44443,CRS,6681,4
CRS_R44923,CRS,7209,4
CRS_RS22836,CRS,3459,2
CRS_R40863,CRS,6965,4
CRS_R40117,CRS,9733,5
CRS_R43772,CRS,3781,2
CRS_R42707,CRS,2595,2
CRS_R43435,CRS,15091,8
CRS_R41076,CRS,3664,2
CRS_R44327,CRS,18813,10
CRS_R44877,CRS,7580,4
CRS_RL33628,CRS,11710,6
CRS_R40832,CRS,18359,9
CRS_RS22559,CRS,4019,2
CRS_RL33817,CRS,29305,15
CRS_RL32427,CRS,17886,9
CRS_R44504,CRS,11543,6
CRS_R45341,CRS,8183,4
CRS_R42529,CRS,6521,4
CRS_RL31845,CRS,24134,12
CRS_RS20531,CRS,3097,2
CRS_RL34751,CRS,7477,4
CRS_R42352,CRS,8401,5
CRS_RL31365,CRS,2739,2
CRS_RS21771,CRS,2969,2
CRS_RL33010,CRS,13708,7
CRS_R44915,CRS,6609,4
CRS_R40716,CRS,7584,4
CRS_RL32608,CRS,12178,6
CRS_RS21961,CRS,4867,3
CRS_95-406,CRS,11884,6
CRS_RS21067,CRS,2337,2
CRS_RL33710,CRS,11248,6
CRS_R44730,CRS,16367,8
CRS_R44203,CRS,4836,3
CRS_R40826,CRS,4106,3
CRS_RL31176,CRS,7120,4
CRS_RS22017,CRS,2895,2
CRS_R42842,CRS,3333,2
CRS_RL33592,CRS,6640,4
CRS_RS22005,CRS,4279,3
CRS_R43746,CRS,12486,7
CRS_RS20376,CRS,3554,2
CRS_RL34645,CRS,3633,2
CRS_R42627,CRS,10315,6
CRS_R40170,CRS,1041,1
CRS_RS22545,CRS,2987,2
CRS_RL33904,CRS,10778,6
CRS_RL34316,CRS,5727,3
CRS_RL33474,CRS,10430,6
CRS_R40780,CRS,23199,12
CRS_R42936,CRS,10263,6
CRS_R44147,CRS,3134,2
CRS_R44156,CRS,7537,4
CRS_RL34278,CRS,15099,8
CRS_R43138,CRS,7384,4
CRS_RS21987,CRS,1595,1
CRS_RL33078,CRS,7311,4
CRS_R43793,CRS,14671,8
CRS_RS21977,CRS,3839,2
CRS_RS22743,CRS,2309,2
CRS_R44718,CRS,24397,12
CRS_R42516,CRS,5671,3
CRS_R44677,CRS,6571,4
CRS_R44253,CRS,9316,5
CRS_R40577,CRS,3160,2
CRS_RL31900,CRS,8025,4
CRS_RS22259,CRS,2878,2
CRS_R45146,CRS,5764,3
CRS_RL34026,CRS,5312,3
CRS_R42952,CRS,5200,3
CRS_96-809,CRS,6166,4
CRS_R40677,CRS,11481,6
CRS_R45072,CRS,6115,3
CRS_R44487,CRS,2820,2
CRS_R42083,CRS,13612,7
CRS_RL30406,CRS,12804,7
CRS_R41961,CRS,9080,5
CRS_RL34590,CRS,7163,4
CRS_R40962,CRS,4981,3
CRS_R40811,CRS,7742,4
CRS_R44904,CRS,7167,4
CRS_R43743,CRS,3966,2
CRS_R43943,CRS,7167,4
CRS_RS22784,CRS,3870,2
CRS_R43778,CRS,18668,10
